PositiveReview,NegativeReview,Score,sentiment,llm_pred_positive,llm_score_positive,llm_pred_negative,llm_score_negative
"New, comfortable apartments, close to the airport, to very clean beach.
Staff is extremely helpful and easy to communicate with 
Tasty food on the first floor, comfortable restaurant for both cozy evenings and calm work to escape the heat in the midday",Nothing at all.,10.0,positive,positive,0.9865509271621704,negative,0.6193379759788513
"nice location, lovely personal, renovated,",nothing,10.0,positive,positive,0.9996622800827026,negative,0.6193379759788513
couldn't eat breakfast due to dietary restrictions-but very helpful host showed us how nearby bus takes to town-cntre (and airport by the way so no need for 21 euro taxi),maybe possibility of purchasing fresh fruit or veg,10.0,positive,negative,0.9968078136444092,negative,0.8893399238586426
The staff were exceptional. So helpful and friendly. Went out of their way for us. The breakfast was lovely with room service too. Very clean and comfortable.,Couldn’t stay longer,10.0,positive,positive,0.9882639646530151,negative,0.700933039188385
We wanted a hotel for a night that is close to the airport and this hotel did that purpose more than fair. There are some restaurants and bars next to the beach just 10min of walking distance from the hotel.,"The receptionist didn't speak English properly, and you have a feeling that people are living in the hotel, rather than staying at a hotel. You can hear the airplanes coming and leaving from the airport all the time, so if you are sensitive to the sounds around you and at night, better to skip this hotel and choose a different one.",8.0,positive,negative,0.9873098731040955,negative,0.9978659749031067
"Second visit - Chose really because it was reasonably close to the Airport for an early morning flight, yet could have a stroll along the nearby beach.
The staff make it - particularly reception and the dining room.","Nothing really, though for a stay for more than a few days - it is a bit on the edge of Larnaca - with frequent busses to the centre.",9.0,positive,negative,0.976321816444397,negative,0.9709796905517578
"A family run hotel, with extremely friendly reception and dining staff, very bright, nice seating areas inside and out. Meals well prepared and good value. Bus every 20 minutes to the centre of Larnaka.","Nothing, considering the price",9.0,positive,positive,0.9966377019882202,negative,0.9321680068969727
"Room was perfect, looked new, clean shiny tiled floors and bathroom tiles, just every inch perfect and clean. Bed was really comfortable, lots of room for me to put my things... although might have needed another set of drawers if there were two of us.","Fridge could have been put on beforehand so it was cold, the shower took a while to get hot, had to have a cold shower one morning as i needed to get out early. When you left it running for around 5 mins it got warm and was a good shower.
Ordered pizza one night and was not great, too stodgy but I'm sure other food is better. The restaurant area is nice and the staff very accomodating.",9.0,positive,positive,0.9927678108215332,negative,0.7520532011985779
"The hotel is 5 minutes from the beach and the location is also near the lake.
The rooms are a good size and are laid out very well with a good size bathroom
The room also has a great sized balcony to take a tea/coffee and 
chill
There is a great restaurant inside where the food is good and not to pricey. 
The staff are super wonderful really friendly all of them the receptionist Maria is so nice she's amazing 
Keep up the great work 👍🏼🙏",Leaving..in fact just re booked the hotel for 2 weeks time 😁,10.0,positive,positive,0.9991666078567505,negative,0.9817914962768555
"so comfortable, clean, friendly staff. perfect for overnight stay before flying from Larnaca Airport.",nothing.,10.0,positive,positive,0.9991351962089539,negative,0.6193379759788513
Staff is very polite and caring. Thank you,Surrounding buildings are under construction and poorly lit.,9.0,positive,positive,0.9987119436264038,negative,0.9979895353317261
very clean functional rooms. lovely and very helpful staff.,I would have liked an ironing board in the room.,9.0,positive,positive,0.981174111366272,negative,0.9624669551849365
Staff were lovely. Service was great.  The room was spotless. Great location for restaurants. Great location for a short drive to the airport.,Not applicable,10.0,positive,positive,0.9910504817962646,positive,0.9016640186309814
"Clean, comfortable, friendly staff. Great restaurant beneath the hotel - food excellent & reasonably priced. Very close to Mackenzy beach & Larnaca airport. We would definitely stay there again",All good,10.0,positive,negative,0.9249886274337769,positive,0.9998161196708679
The bed was great. Rooms clean. Staff were so kind.,Nothing.,10.0,positive,positive,0.9986485838890076,negative,0.6193379759788513
"Very helpful staff, super clean room with modern furniture all together make your stay max comfortable. Sure worth it to come back again.
Option to have a good breakfast within the hotel save your time.
Highly recommend these apartments.",Little bit noisy during evening time from the street side. I believe it doesn't disturb you in case you choose the garden view apartments or just close the windows and start the air conditioning ),10.0,positive,positive,0.9980202913284302,negative,0.9539692997932434
"welcoming 
value for money 
location",more hooks on walls for towels etc.,8.0,positive,negative,0.9963609576225281,negative,0.9718695878982544
"When we arrived, we were surprised at the location in a small side street, but it was only a 10-minute walk to the sea front. The receptionist on check in was very good and explained the information very clearly to us. The room was smaller than I expected but as we were only there a few days it was acceptable. I am very fussy about beds and pillows, but I had no problem as they were very clean, and the bed was really comfortable.
The chef was very polite, and his food was excellent, he had passion and it showed in his presentation. We may have missed it but there was no opening and closing times of the bar on display.",Nothing except not showing opening times.,8.0,positive,negative,0.9959784746170044,positive,0.9588004946708679
"Really clean ,  lovely caring staff. food was good too!",Nothing really. The bus to the airport is close by and runs every 15 minutes.,9.0,positive,positive,0.9998273253440857,negative,0.9876277446746826
"Nice location, not far from Airport and Mackenzie beach.","My only real observation was that there was no net curtain or blind so one needed to ensure that the curtain was closed, especially when going for a shower as the room is opposite some apartments that have a clear view into the room!",8.0,positive,positive,0.9983044862747192,negative,0.6123558878898621
"Super friendly and helpful staff. A good location 5 lins away from the airport by car, 5 mins walk to the beach. Clean modern rooms, very nice breakfast.","It is typical of all restaurants in the area - the kitchen shuts at 22:30 or so, and there is no food to be had afterwards. I would just flag that ahead of time in the welcome email to those arriving from the UK (most early afternoon flights land after 23:00) and have something like nuts / chips available to buy on arrival.",9.0,positive,positive,0.9930304884910583,negative,0.9949672818183899
hospitality,clean,10.0,positive,negative,0.9639387130737305,positive,0.9997130036354065
"The facilities were really good, particularly for the tariff charged. Was met with a warm welcome at reception and then again by the dining staff.","Outside was a but noisy later in the evening, but that's not within the hotels control",8.0,positive,negative,0.9780338406562805,negative,0.6207287907600403
"Recently updated, everything was me and clean. Restaurant was a surprise hit: good food, very reasonably priced, so an easy choice to eat at the hotel when we wouldn't usually. The beach is about 5 minutes walk away.","There is a bit of plane noise in the afternoon and evening because it is right near the takeoff end of the runway, but next to no departures in the morning, so not a problem",10.0,positive,negative,0.9846863746643066,negative,0.9950213432312012
Great little hotel close to airport,Not very Soundproof,10.0,positive,positive,0.985000491142273,positive,0.9989978671073914
Everything was good❤❤❤❤,Nothing,10.0,positive,positive,0.9993064403533936,negative,0.6193379759788513
Good for airport transfers,A lot of mosquitos,9.0,positive,positive,0.9998378753662109,negative,0.9869614839553833
"Perfect place to stay for early morning / late night flights as it’s situated within 5 minutes from the airport. 
beds are extremely comfortable and amazing hospitality from the staff.","given that a lot of guests book here for its prime location near the airport, it would’ve been great if breakfast started at 7 rather than 8. but that’s just a suggestion, everything was perfect
for one nights stay.",10.0,positive,positive,0.9625051617622375,negative,0.9874600172042847
"Close to the airport, the staff were nice and helpful.",The room wasn't soundproof so you can hear the planes.,8.0,positive,positive,0.9977254271507263,negative,0.9967616200447083
Close to airport so very convenient for overnight stay. Also very easy to check-in if you arrive late at night,N/a,8.0,positive,positive,0.8872092962265015,negative,0.9810830950737
Excellent range of food offered and good service.,no issues for overnight stay,8.0,positive,positive,0.999871015548706,positive,0.9931085109710693
"Comfortable location near the airport, and near the beach.
Caring and helpful host.
Restaurant on site
Comfortable beds, the best linen and duvets I had
 in my entire 10 day trip.
In room mini bar+ tea/ coffee 
Clean modern bathroom.
Good AC.","We liked La Veranda
Our son had a folding bed which could have been better, especially considering how comfortable the regular beds were.",9.0,positive,positive,0.9916689395904541,negative,0.9919058084487915
It’s been renovated to a exceptionally high standard and it really is well up to 4* standard. Exceptional value .,I cannot find a single negative point…which is unusual. Having spent 45 years travelling as part of work I am perhaps over critical.,10.0,positive,positive,0.9017096161842346,negative,0.9938642978668213
"We were looking for the hotel close to the airport, and it was a perfect match. The hotel is located in a close proximity to the airport (5 min by car or 10 min by bus). We arrived late and were super hungry, so we decided to eat in the place at the ground floor. Even though the kitchen was closing, they made us a pizza which was really nice. The room was new and clean, the staff reached out in advance and provided us with the detailed instructions of how to get to the room when reception closes.","If you are looking for a quiet stay, you should be aware that the hotel is really close to the airport, so you can hear all the noise from the planes.",10.0,positive,negative,0.5878039002418518,negative,0.9763161540031433
"The property was clean, bed was comfortable and the food and staff were really good. Location was great and easy to get to and from.",n/A,10.0,positive,positive,0.9989173412322998,negative,0.9810830950737
friendly staff,nothing so far,8.0,positive,positive,0.994536280632019,negative,0.7551431655883789
Peaceful and clean friendly helpful staff,Nothing,10.0,positive,neutral,0.7908907532691956,negative,0.6193379759788513
"We arrived after midnight. Got very clear instructions how to get access to our room. The staff of the hotel is extremely friendly and nice.
The bus stop with direct access to the airport is a few steps from the accommodation. the airport can be reached in a few minutes. at the same time, Mackenzie beach is also easily accessible on foot.","there is no shop or pharmacy in the area, but the accommodation cannot do anything about this. overall, we are extremely satisfied.",10.0,positive,negative,0.9169743657112122,negative,0.9895650148391724
The staff is very VERY helpful and eager to assist. All went amazing!,we’d love to stay longer 🥲,10.0,positive,negative,0.6499794125556946,positive,0.9987949132919312
"Nice friendly staff. clean, nice room, big bathroom",nothing,10.0,positive,positive,0.9993488192558289,negative,0.6193379759788513
New clean setup with friendly helpful staff,All good,10.0,positive,positive,0.9790804982185364,positive,0.9998161196708679
Close to the airport and clean spacious rooms.,No 24 hour reception so not easy to access entry at odd hours.,8.0,positive,positive,0.9864313006401062,negative,0.7110112905502319
Stuff was very nice and friendly. Room was clean and comfortable.,The location was a little bit far from the centre.,9.0,positive,positive,0.9996410608291626,negative,0.9957375526428223
"The breakfast was very good plenty of selection and very good staff serving you as a values customer and so very polite and caring at all times. Could not seem to do enough for their guests, Every thing was spotless clean in the breakfast room","The only thing was they did not a have pool, but however had plenty of chairs to sot on outside in the garden which also was spotlessly clean everywhere too.",10.0,positive,negative,0.9770863652229309,negative,0.997718095779419
"Good food in the restaurant downstairs, friendly personnel",The room wasn't clean when we checked in. So they finished the cleaning after our complaint,8.0,positive,positive,0.9978488683700562,negative,0.9673717021942139
Clean comfortable little hotel. Lovely friendly staff. Good location and easily reached from the airport.,Nothing. It was perfect for my stay.,9.6,positive,positive,0.9992874264717102,positive,0.9983375072479248
"We had a horrible 4am arrival, instructions for access were sent in advance and absolutely perfect. In a clean, comfortable bed within minutes of arrival.",N/a,10.0,positive,neutral,0.7819862365722656,negative,0.9810830950737
"position,staff and very clean",parking not always easy,10.0,positive,positive,0.9974763989448547,positive,0.997717022895813
"we did late night check in, that was super easy and comfortable",it was a bit badly soundproofed,8.0,positive,positive,0.9159907102584839,positive,0.970788300037384
"New room, very comfortable. Nice restaurant in the same building very welcoming with nice offer. Bus stop for the airport walkable.
Francais parlé parfaitement",The location of the place is more a waiting position for your next flight at the Larnaka airport than a beach stay.,8.0,positive,positive,0.9355976581573486,negative,0.9991348385810852
"the staff is very nice, the room is very comfortable.",some of the towels were dirty,9.0,positive,positive,0.9998183846473694,negative,0.9910215735435486
The staff were very hospitable and very helpful.,The cupboards/wardrobes need doors and they should be drawers in the room to keep the rooms tidy.,9.0,positive,positive,0.9309425354003906,negative,0.9919828772544861
"Nice modern and clean rooms. The location is excellent close to Airport, Makenzie  beach and touristic area, and bus stop going from Airport to town is few meters away. Very friendly staff.
Highly recommended.",Nothing,10.0,positive,positive,0.9971774816513062,negative,0.6193379759788513
"The room was recently refurbished and very spatious. Nice view of the salt lake by the terrace.
Sinks and toilette separated by a door inside the bathroom.",No soap or shampoo in the shower. There was hand soap instead.,8.0,positive,negative,0.9925292134284973,negative,0.9919167160987854
"We only stayed for a night but we were super happy with our stay at the La Veranda Hotel. The staff was super nice, the rooms were very clean and the bathroom was spacious.",I liked everything about the property,10.0,positive,neutral,0.7882365584373474,positive,0.9967756867408752
We used the accommodation for one night before departure. The advantage is the proximity to the airport—very comfortable beds.,"The hotel staff should learn better English - confusing the term ""fridge"" and ""freezer"" can be fatal for a person with diabetes. The team froze our insulin, meaning it was unusable. Luckily we flew home the next day. If it happened before the holidays, we've got the entertainment covered.",9.0,positive,negative,0.7151892781257629,negative,0.9885680675506592
Rooms large and newly redecorated in a contemporary style. Bed very comfortable. Very convenient for the airport. Breakfast was excellent.,Nothing,9.0,positive,positive,0.9957022070884705,negative,0.6193379759788513
everything,nothing,9.0,positive,positive,0.988409161567688,negative,0.6193379759788513
spotlessly clean. Excellent for airport and Mackenzie beach,Nothing,8.0,positive,negative,0.6018831729888916,negative,0.6193379759788513
recently refurbished,"very nice restaurant, good food and service",9.0,positive,positive,0.9763202667236328,positive,0.9994444251060486
"I really enjoyed this place. It didn't have a pool but it was 10 minutes from the airport by taxi, 15 by shuttle bus. There are also connecting buses from ayia napa to this hotel via Larnaca which we used for our early morning start from Larnaca Airport. McKenzie beach is close by, and the food restaurants off the opposite beach were only a ten minute walk.
Air con and fridge in rooms with a bottle of water provided. 
Perfect for our short stay and the hotel was immaculately clean. I was particularly impressed when the staff emailed me via booking.com and after asking me what time I was arriving (the hotel is not manned 24/7 but arrangements are made to collect your room key in the hotel if you are arriving outside of normal hours), told me which bus routes I needed to take.
Very impressed however anything longer than a 2 night stay and you may get a little bored.
Highly recommended",I have no complaints. 👍,9.0,positive,negative,0.9803048968315125,negative,0.9994019269943237
"The room was clean and comfortable with everything I needed including a fridge and kettle. The shower was great, the air con worked well. It's in a great location for the airport and the beach. But what made La Veranda stand out was the fantastic service, they couldn't have been friendlier, kinder or more helpful and it made a massive difference for me as they were able to accommodate my specific needs, for which I was extremely grateful!",I liked everything!,10.0,positive,positive,0.9619050025939941,positive,0.9951173067092896
Helpful staff and close to airport,The room was small but adequate,9.0,positive,positive,0.9708762764930725,negative,0.9454236626625061
"- Super clean
- Decent sized rooms
- New rooms (flat tv, touch buttons for cleaning etc, generally nothing was old)",- No hair shampoo and in general only the basic amenities,8.0,positive,negative,0.7500296235084534,negative,0.9510083794593811
Very clean and super friendly staff. Would recommend,Nothing,10.0,positive,positive,0.9955134987831116,negative,0.6193379759788513
Nice and simple hotel. Very convenient location close to the airport. The front desk was very friendly and helpful.,The area was a little noisy when we stayed there.,9.0,positive,positive,0.9986055493354797,negative,0.7020599246025085
"The best 3 stars hotel I have been ever! Clean as hospital, super comfy, close to one of the best beaches of Larnaca region, perfectly connect by public transport with Larnaca city centre, all that with quite reasonable price.","Taxi drivers who cooperate with hotel, both times, from airport and back, charged 2-3 EUR above the price agreed with the hotel (20 EUR). To clarify, it is not about the money, I would certainly give that money as a tip, but feeling that someone is cheating you and stilling money from you is really awkward and ugly, especially when you are alone with small child in the middle of the night and have no alternative way of transport.",10.0,positive,positive,0.9824510216712952,negative,0.9973968267440796
"The food was very tasty (I didn't have breakfast but ate dinner at the restaurant), staff very helpful and friendly, very nice bathroom, and the room was well equipped and also smelled very nice.",It was a bit loud outside but that was just normal for summertime I guess.,9.0,positive,positive,0.9938721656799316,negative,0.989557683467865
"The room was very clean. Using the air conditioner was great after a hot day outside. 
The staff was very nice.","The location of the hotel was a bit far from the city centre, but you can take the 425 bus, which arrives fairly often at the station near the hotel.",9.0,positive,positive,0.9068636894226074,negative,0.9896714687347412
"We took the suit has we were 2 adults & 3 kids.
the room was clean & the bed were comfortable
if the hotel had swimming pool it would be perfect
the lady in reception (Maria) was VERY helpful
good value for money",no swimming pool,9.0,positive,negative,0.9678477048873901,positive,0.982426643371582
"Room was clean and the bed was comfortable 
Friendly staff and great location",The smell in the bathroom,9.0,positive,positive,0.9986253976821899,negative,0.8517289161682129
"the proximity to the airport
nice restaurant at the hotel with a external balcony",slow elevators,8.0,positive,positive,0.9921060800552368,negative,0.9982936978340149
Everything. It felt like a home from home. Fantastic hotel with wonderful staff. Exceptional,There was nothing not to like. Fabulous place.,10.0,positive,positive,0.9984176158905029,negative,0.5195500254631042
very convenient friendly staff near mackenzie beach,nothing,9.0,positive,neutral,0.7078319191932678,negative,0.6193379759788513
"We stayed 9 nights at this beautiful little hotel and it was extraordinary. Close to the airport and also a 5 min walk from Makenzie blue flag beach. The room was super clean, everything new and cosy, the bathroom with a spacious cabin shower. The bed and pillows were very comfy. The staff was super super friendly and made everything possible for our stay to be perfect. Rich breakfast with various local food. Also we ate dinner a couple of times at the terrace and everything was very tasty. We have absolutely nothing to complain, it was a dreamy vacation and for sure we will come back. Thank you for a perfect stay!!!",Everything was perfect!,10.0,positive,positive,0.9907628893852234,positive,0.9997521042823792
"the staff were so incredibly friendly. such a nice hotel with good rooms , clean, smart and comfortable. But it’s the staff who make this hotel:",Nothing,10.0,positive,positive,0.9994434714317322,negative,0.6193379759788513
Very close of the airport. Very comfortable bed.,Nothing,10.0,positive,positive,0.9980151653289795,negative,0.6193379759788513
"Great place for a night before a flight. Very friendly staff, let us into room as soon as it was ready. Everything was super clean, modern and comfortable. Great for the price.Arranged airport taxi for 6am too.","Nothing to do with the hotel, just the quick path down to the beachside cafes is a bit treacherous.",10.0,positive,positive,0.9505583643913269,negative,0.9786022901535034
"Everything was new, beautiful and clean.",That there is no kiosk open 24 hours close to the hotel.,10.0,positive,positive,0.9689540266990662,positive,0.9861388802528381
"Close to the bars near the sea, close to the airport, clean rooms.",We had a late check in and there was no one in the hotel to give us keys and the door was locked. We had to ask the taxi driver to make the call because it was cyprus number.,9.0,positive,neutral,0.7505592703819275,negative,0.9844030141830444
"very close to the airport after a late flight, lovely friendly staff who checked us in quickly and beautiful, spotless room. really comfortable nights sleep in an air conditioned room after a great shower. beautiful fresh breakfast which was very reasonably priced. also stored luggage and called a taxi for us.",nothing,10.0,positive,negative,0.9251072406768799,negative,0.6193379759788513
Lovely staff. Good food.,Would have liked more TV channels like RT Russia Today,8.0,positive,positive,0.9998778104782104,positive,0.910488486289978
The perfect hotel.,I liked everything.,10.0,positive,positive,0.9998658895492554,positive,0.9951173067092896
"the staff, the cleanness, the price, check out time",nothing,10.0,positive,positive,0.9816818833351135,negative,0.6193379759788513
"All the staff were so accommodating and friendly. This is a really well run, family establishment and couldn't have been more perfect for our stay.",Nothing,10.0,positive,negative,0.9946321249008179,negative,0.6193379759788513
very clean and homely,noting,10.0,positive,positive,0.9997801184654236,positive,0.9861130118370056
"Super clean place , excellent staff and service 
And on top of everything is the food , the food is SUPER EXCELLENT 🙏",All was perfect .,10.0,positive,positive,0.998997151851654,positive,0.9998517036437988
"Great accomodation, clean, quiet, friendly and helpful. We ate 2 meals at the onsite small restaurant, both were delish and the service was great. Ours was a 1 night stay prior to our departure flight to be close to airport, 5 min drive to airport.",Liked everything!,10.0,positive,positive,0.9469256401062012,positive,0.9951173067092896
"Very nice place, just few steps from the salt lake and the McKenzie Beach (with shallow water, good for people who are not too good swimmers, a lot of cafes and bars nearby). The staff was very welcoming as well. Another plus is the electronic system for saying if you want to clean-up your room or you don't want to be disturbed.",It wasn't a big issues when I came but the hotel doesn't have it's own parking lot so sometimes it might be difficult to find a parking spot.,9.0,positive,positive,0.9712607264518738,negative,0.9930599927902222
IMMACULATELY CLEAN!!! The bedding and floors were SOO CLEAN. The staff so friendly and kind and helpful!!!,how clean it was and the bed and linens were soo comfy and everything smelled good,10.0,positive,negative,0.9749253988265991,positive,0.985858142375946
all good,all good,10.0,positive,positive,0.9998161196708679,positive,0.9998161196708679
It’s close to the beach and the airport. The staff was nice and helpful. Extremely agile to respond.,Nothing to complain.,8.0,positive,positive,0.9388036727905273,negative,0.9884154796600342
"Close to local restaurants and beach.
Quiet.
Very clean.",Better TV channel selection would have been good for evening.,8.0,positive,positive,0.9976145029067993,negative,0.9907665252685547
"Sparkling clean, comfy bed, friendly staff, delicious breakfast (great freshly made croissants)",AC was a bit loud and the people in the next hotel were also loud to be heard from our room,8.0,positive,positive,0.9954580068588257,negative,0.9575433135032654
The staff accommodated my arrival at 3 a.m. with very clear instructions. And breakfast was served until noon! The building manager/owner is exceptionally congenial. Also the manager of the kitchen.,"Nothing! The hotel was terrific. It was located near the airport, which is what I was looking for. You just need access to a car if you are doing to use the hotel as your base.",10.0,positive,negative,0.8920425176620483,negative,0.9758367538452148
Conveniently located. A very modern and contemporary hotel. Excellent breakfast. We had a very late (1am) self check-in which worked very well.,"Our room was rather small and lacked a balcony, which can make a lot of difference (we had one on our previous stay).",8.0,positive,positive,0.990610659122467,negative,0.99408358335495
"Clean, spacious, friendly, new and modern","Not too close to the beach 
Perfect for pre or post airport stays",10.0,positive,positive,0.9989153146743774,positive,0.9994425177574158
flexibility,none,9.0,positive,positive,0.8563437461853027,negative,0.985345721244812
"quit area , easy find parking places","there was hair on the floor from previous visitors, it should be better cleaner .",8.0,positive,negative,0.9980230331420898,negative,0.9789465665817261
"it was a really nice room
we loved the breakfast
very friendly people","it was a bit noisy
we could here everything",8.0,positive,positive,0.9991374015808105,negative,0.9654683470726013
The stuff was very friendly and helpfull. They exceeded my expectations.  Breakfast for charge same as anywhere else was enormous size and very delicious.,Liked everythingz close to airport and town half an hour walking to town,10.0,positive,negative,0.9803513884544373,positive,0.9016572833061218
Very friendly and helpful staff !  Beautiful hotel and very cheap 10/10 recommended,There was nothing that we didn't like,10.0,positive,negative,0.9796476364135742,negative,0.8836914300918579
"The food was very good,the chef is kind.",In the bathroom smelled bad,8.0,positive,positive,0.9998446702957153,negative,0.9991480112075806
Very nice,Everything,10.0,positive,positive,0.9998552799224854,positive,0.988409161567688
"Nice clean room, comfortable bed and good location.","Nothing, it was all good",10.0,positive,positive,0.9998239874839783,positive,0.9980362057685852
"very clean room, comfy beds, very nice showers. all freshly renovated.","nothing, it is sometimes a bit noisy because of the air traffic",10.0,positive,positive,0.9978806972503662,negative,0.9924249649047852
"Excellent communication on late check in process, airy and comfortable room, super fast wifi, and a tip. This hotel is only 4km from the airport. If travelling light you can walk it in 40 minutes, saving a rip off cab fare. Just off the b4 highway.",TV very light on choice only news channel in English.,9.0,positive,negative,0.7580119967460632,negative,0.8778608441352844
This was only a one night stay before moving onto our holiday accommodation for the rest of the week. We arrived later than planned due to flight issues but the owner was aware as he had tracked our flight; despite being late we were offered food and drink in the bar which was most welcome. The room was clean and an adequate size with a nice balcony. Breakfast was outstanding. The staff were all friendly and welcoming - especially the restaurant owner.,We could not turn on the mini fridge to cool our water bottles overnight ready for the following day. It was very late to go and ask so we didn't. Probably something to show guests initially.,9.0,positive,negative,0.9680429100990295,negative,0.9981305003166199
Very good. Staff very friendly and very helpful. Very comfortable nights sleep,No complaints about the hotel. Parking in the area is always possible but not necessarily the most convenient,9.0,positive,positive,0.9980936646461487,negative,0.7898914217948914
Everything,Nothing,10.0,positive,positive,0.988409161567688,negative,0.6193379759788513
"Excellent staff in this family driven hotel. Very helpful and pleasant people who speak perfect English and couldn't have been better -- all the way from the booking process and online dialog to putting us on a taxi to the airport! This alone is reason enough to come back :-)
Rooms and hotel in general are very clean, aircon modern and quiet, and room service is also excellent.
Plenty of electricity outlets in the room, also by the bed, but remember the UK-adapter to use standard EU-plugs ;-)
The double bed, although nothing fancy, was probably the best hotel bed we've slept in ... ever!!!","Except excellent staff/owners and an ok restaurant, there is not much extra in this hotel or in the room. 
Tips for improvement:
- The out-of-order pool table hidden away in the backyard should be brought back to life.
- The backyard itself could actually have been used so much better. 
- The small fridge in the room was warm (turned off) upon arrival and completely empty, and no local shop/kiosk nearby to fill it up. One small bottle of water upon arrival to double room feels a little poor. Would gladly have paid those 2€ more per day to have 2 bottles initially and being refilled daily with room service. A couple of cents more, to have even tea on the small welcome tray ;-)
- Bathroom floor gets completely wet when (carefully) showering, as only half a glass wall covers the shower. 
- Bed frame has very sharp/hard corners, and it's easy to get hurt. Apply baby safety corners?
- Veranda door and main door doesn't close entirely tight so main door slams in the night when it's windy. However fixable in MacGyver way using the bed cover and a tea spoon, although a professional seal attached to the door frame would probably be a better fix long-term ;-)
- Beach towel services would also have been nice and useful, to avoid using lots of space/weight in baggage.
All in all, this hotel is great but still has room for improvement in many little details which could easily be fixed. Still getting our high rating as the staff is simply the best and made our stay a true pleasure, thus above comments should not scare anyone from booking this hotel. We highly recommend it and would definitely love to return!",9.0,positive,negative,0.9333140254020691,negative,0.9979888200759888
"the Cyprus hospitality at the highest level. Feel at home in 1 minute with owners welcoming you with a big smile.
the location is convenient and the room had a big balcony","hospitality, location, quiet",10.0,positive,negative,0.873114824295044,negative,0.9867513179779053
"location, clean and very good value",all was good nothing bad to say,9.0,positive,positive,0.9996330738067627,positive,0.9992917776107788
"Great location for a late flight, everything was clean and nice in the room. We arrived late and got great instructions on how to get in on our own. Terrific late breakfast at the café downstairs, the manager catered to our every need",Nothing. Great for the price and our purpose of a late night flight arrival,10.0,positive,negative,0.5085726976394653,negative,0.9927155375480652
"Beautiful property, super clean, rooms where really spacious and fresh and clean. Breakfast was amazing in a beautiful setting and the management are wonderful.",liked everything a little far from local shop but have everything we need in the cafe.,9.0,positive,positive,0.9949847459793091,negative,0.9086205959320068
"great location for bars, restaurants and beach at a very good rate for the excellent standard of accommodation",nothing all good,10.0,positive,positive,0.9981957077980042,positive,0.9980362057685852
"Modern hotel with good facilities. Although small, the room was comfortable. However, the bathroom was a good size and well appointed. Breakfast as an extra was good.
The hotel is about 100m from the 425 bus route which runs to the airport, about 10 minutes away. A ticket costs 2 Euros, a far better option than paying 15 Euros for a taxi.",Nothing,10.0,positive,negative,0.6719574332237244,negative,0.6193379759788513
close to the airport,"stingy smell from the bathroom
quite small room",8.0,positive,positive,0.9947775602340698,negative,0.9952033758163452
Light and airy and clean room. Not far from the sea.,There should be a safety strip on the step to each floor coming up the stairs. You are unaware of it and could possibly trip as I did.,8.0,positive,positive,0.9983885288238525,negative,0.9780936241149902
"Thank you so much for a very warm welcome and comfortable stay. The hotel manager was reachable at all times due to my flight times and further delays. I couldn't have asked for more informative and reassuring service. 5 star service!
The location is very nice of this hotel due to such close proximity to the beach and restaurants. 
Most importantly it is very clean! All in all, awesome!",Nothing,10.0,positive,positive,0.9804489016532898,negative,0.6193379759788513
"spacious room and minifridge; large bathroom; very clean and comfy bed and lovely little balcony; staff was very friendly and lend me an adaptor several times. 
i didnt want to be in the center so for me the location was perfect! walking distance to airport and close to the more luxurious beach strip with delicious restaurants.","for the price that it was, it only had some random unlabeled shampoo dispenser attached to the shower wall. dont know if it was body or hair shampoo but it wasnt very nice at all, and seemed a little cheap considering the hotel cost.",9.0,positive,negative,0.995900571346283,negative,0.99958735704422
"Very clean, comfortable and pleasant! The staff were very accommodating and kind. We will definitely come again! highly recommended!",nothing!,8.0,positive,positive,0.9988381266593933,negative,0.6193379759788513
Very modern clean beautifully kept hotel near beaches and restaurants,All good,10.0,positive,positive,0.9966098666191101,positive,0.9998161196708679
"We booked this hotel last minute and we were extremely happy with the service. They have great staff, are very welcoming and the restaurant at floor level is awesome - Richard is a great chef and his friendliness will make you want to extend your vacation for sure. We felt like we were part of their community and this is due to their opennes. The room was extremely clean and their room service makes sure to keep it this way, All in all, the best experience we could have asked for",Nothing we can think of,10.0,positive,negative,0.8303897380828857,negative,0.9255911111831665
"The owners were very friendly and helpful. The hotel is small, which we liked, and is about 10 minutes from the airport.  The rooms were a nice size, very clean, and modern. We had both a family room and a double room, and they were perfect for our quick stay.  The taxi driver had a hard time finding it to drop us off, as it’s amongst several apartment buildings on a small side street.  That’s the only negative. We also had dinner there, and the food was very good and the chef  was very friendly. We’ll stay again if we travel to Larnaca in the future.","The location is a bit hard to find. The taxi drivers GPS had trouble finding it, but eventually we did. It’s amongst several apartment buildings on a small side street.",9.0,positive,positive,0.879815399646759,negative,0.9941685199737549
cleanliness,very good location,10.0,positive,positive,0.999058187007904,positive,0.999843955039978
"Absolutely everything was great!!!!!!!!!  Staff super kind, professional, polite and helpful. Bed was soooooooo comfortable, I didn't want to leave my room!! Also thank you for taxi, it arrived right in time!","Lack of decent TV channels, only in the evening (past 9 pm) you can actually find something to watch. There are only ~10 channels, half in Greek and half in Russian, and maybe one or two in English (in the evenings)",10.0,positive,positive,0.9980560541152954,negative,0.9996756315231323
cleanliness and quietness,nothing,9.0,positive,positive,0.9460019469261169,negative,0.6193379759788513
"Wonderful modern family run small hotel.  It’s very close to the airport which worked for us.  The rooms are spotless, the shower fantastic. The pictures are very true to life. The family were so helpful.  THANKYOU!",Nothing.,10.0,positive,neutral,0.7955466508865356,negative,0.6193379759788513
clean and modern,nothing,9.0,positive,positive,0.9997819066047668,negative,0.6193379759788513
"Great accommodation, wonderful staff, delicious food, tranquility! I heartily recommend it!",it wasn't like that!,10.0,positive,positive,0.999554455280304,negative,0.9167749285697937
excellent location near airport then easy drive into larnaca. very friendly and helpful staff.,only thing was the bathroom floor got wet from the shower and became very slippery. needs two foot towels rather than just one.,10.0,positive,positive,0.9746612310409546,negative,0.9833676815032959
"Clean, great attentive staff, location.
We booked the hotel to facilitate a stop over due to a late flight into Larnaca before travelling onto our holiday villa. What a pleasant surprise. The hotel was close to the airport - 6 minutes by taxi (€20) - and we arrived late. The staff could not be more helpful and showed us to a really nice room with a balcony over the front of the hotel. We slept well in a comfy clean bed and had a terrific breakfast on the terrace before they arranged a car for us to get back to the airport to collect our hire car. Nice start to our holiday highly recommenced.",Nothing,10.0,positive,negative,0.5339244604110718,negative,0.6193379759788513
"La Veranda has been recently refurbished and the rooms and bathroom, were both modern and comfortable, balcony with sea view. Easy walk to Mackenzie Beach and short journey from airport. Good breakfast available if required, staff extremely helpful and friendly. Nothing to much trouble.",Nothing really.,10.0,positive,negative,0.9068539142608643,neutral,0.8332787752151489
"clean, super friendly, convenient",nothing,10.0,positive,positive,0.9987258315086365,negative,0.6193379759788513
"La Veranda Hotel is very comfortable and clean.
The staff is very nice 😃
The Breakfast is so delicious
Great location !! Near Mackenzie beach and very close to the center.
I highly recommend😁",Nothing. All was great,10.0,positive,positive,0.9979795813560486,positive,0.9221711158752441
"friendly staff who allow you to check in the early hours of morning , 45 min walk to airport",locks on windows didn’t seem secure,8.0,positive,neutral,0.5205439925193787,negative,0.9451541304588318
"The staff is always very helpful, exceptional!","Wanted to have in the shower shampoo, body soap and hair conditioner. The staff explained that the dispancer in the shower holds 3 in 1. Really?!",9.0,positive,positive,0.9448726773262024,negative,0.9862518906593323
"Very smart, modern rooms and everything you need. Family feel and very friendly. Having a family suite was a big bonus and lots of space.",Immediate location wasn’t inspiring but lovely restaurants very close in the sea front and handy for Limassol and airport.,8.0,positive,positive,0.9995589852333069,negative,0.9782834053039551
"Everything was very clean and modern and staff was very friendly. I arrived late at night and it was not a problem, They also were very responsive to any pre-arrival questions",It was all good!,10.0,positive,negative,0.9854925274848938,positive,0.9998161196708679
"La Veranda was very clean, provided everything needed (even a bottle of water in the room!), and was flexible with our schedule. The staff was excellent. There are a series of delicious and fun restaurants on the beach quite close to the hotel, which the staff of the hotel kindly told us about.",The view from the rooms,8.0,positive,negative,0.995370090007782,positive,0.9989714622497559
Clean and nice place,It takes too long hot water to reach tap/shower in the room,8.0,positive,positive,0.9998645782470703,negative,0.974082350730896
"Very clean, nice bed and linen.
Good value.
Allowed to take dog was the reason for booking.",Some smell from bathroom/water.,8.0,positive,positive,0.9987891316413879,negative,0.9103621244430542
A nice and clean boutique hotel. Close to airport and Makenzie beach area. Taxi fare to airport around 15-18 euro.,The room does not maintain well noise insulation. but this is typical in the area,10.0,positive,positive,0.9984111785888672,neutral,0.811659574508667
"Did not have breakfast. Good location for airport , only 8 minutes  by car",The Smart television did not work,8.0,positive,positive,0.994722843170166,positive,0.9998375177383423
"Very pleasant, helpful and friendly staff.",All good,10.0,positive,positive,0.9998553991317749,positive,0.9998161196708679
clean basic,it was ok,8.0,positive,positive,0.9992471933364868,positive,0.9997851252555847
"It was my second time in the hotel and everything was just great:
the new and well furnished hotel with comfortable rooms;
the location is good, only 20 minutes away from the centre but located in a quiet area;
room was cleaned every day;
the staff is polite and helpful;
wifi is strong all the time;
the hosts are very kind and smiling people;
the Garnish restaurant downstairs is a very warm and cosy place with tasty breakfasts every morning. Mr. Richard and Sendi are awesome, it’s such a pleasure to start a day with their smiles.
In short, I will definitely comeback to La Veranda Hotel, the atmosphere there makes you feel like home.
Worth every Euro you spend.",No such thing.,10.0,positive,positive,0.987874448299408,positive,0.9886928796768188
"My stay at this hotel was a great experience and would definitely come back with my family! The staff was so helpful, friendly and welcoming. My one night stay felt like home! Great location very close to the airport, 1 minute walk to the bus station, beach and restaurants.
The room was very clean and spacious. The mini bar was rich and very well priced, even breakfast was presentable and tasty!
Highly recommended!",It was cold for a swim:),10.0,positive,positive,0.9916252493858337,negative,0.9933586716651917
"What i liked most about the hotel is the room, bed sheets and toilet are super clean. Bed is very comfortable. On top of that, the hotel is less than a minute away on foot from the bus station. 
The city is nice, a lot of restaurants, bars and shops in the area. And of course lots and lots of beach shores to relax at, one of which you can get on foot for less than 5 minutes.
The staff was nice, they gave me recommendations on what places to visit and how to roam around.",The weather was a bit cold.,10.0,positive,positive,0.909184992313385,negative,0.9964165687561035
Wonderful people on reception and in the restaurant :) always smiling and glad to help,"Nothing :) it was soo nice and cosy, made me feel welcome from the first moment of arrival",9.0,positive,positive,0.9965597987174988,positive,0.9879425168037415
"we stayed in this hotel one night prior to our departure from Cyprus - close proximity to Larnaca airport. close to Mckenzie beach with lots of restaurants for dinner, hotel allowed us to check out later prior to our flight. breakfasts were nice. very clean.",all was good,10.0,positive,positive,0.982309877872467,positive,0.9998161196708679
"Very clean, staff very welcoming and helpful. Pet friendly hotel, highly recommended we had no extra charge for our dogs, quick response when asking about bringing them. Nice freshly decorated rooms.",Nothing.,9.0,positive,negative,0.6151249408721924,negative,0.6193379759788513
the place was very clean and there’s an incredibly kind and helpful staff. food was delicious and everything was very clean. the airport is very close and the beach is a five minute walk away. they were very flexible about our strange schedule.,the pool is tiny and the bathrooms can smell like bad plumbing.,9.0,positive,negative,0.9798229336738586,negative,0.9993417859077454
"fresh just renovated, with good wifi, in 5 minutes from airport, super fast checkin/checkout","nothing, maybe they could leave more water",10.0,positive,positive,0.9826013445854187,negative,0.9774879217147827
"Perfect location to McKenzie Beach and only a 30 minute walk to the central marina. Everyone was very accommodating and welcoming. 
A nice addition to the very clean and tidy room is Netflix.","I have no reason to complain, everything was great!",10.0,positive,positive,0.9944347739219666,negative,0.9782720804214478
Did not have breakfast.  Left too early.,Nothing,9.0,positive,negative,0.9945765733718872,negative,0.6193379759788513
"Staff were very friendly and extremely helpful. A lovely family hotel, refurbished during the main Corona period. In a quiet area 10 minutes from Larnaca airport. Only 6 minutes walk down to the beach & restaurants.","Refurbishment not totally complete, so safety box wasn’t working. Our room was a family suite (for 4 people), so could do with one more double hook in bathroom for towels.",9.0,positive,negative,0.7601738572120667,negative,0.9968622922897339
"Excellent everything.  We got there early, around 10 am and they had our room ready.  The place was clean, spacious and really nice.  It was a pleasant walk to the sea but there was not much else to do close by.",More restaurants.,10.0,positive,positive,0.9993778467178345,negative,0.8812304735183716
"I stayed in this hotel (twice) because of the location to the airport.  But, I found it be clean, modern, comfortable and great value for money.  It is a 10 minute walk to Makenzie Beach and those restaurants, but it also has a nice patio restaurant for a meal or cocktail.  The rooms are a bit small, but they have nice amenities (fridge, coffee making, AC, nice balcony) and are spotless and comfortable.  The staff is nice and it's very welcoming.",location - if you want to be in the center of everything (I didn't),8.0,positive,positive,0.9974742531776428,negative,0.989473283290863
"Room was excellent, very clean and everything seems fairly new. Staff was very helpful. Location is also very good if you have a morning flight, airport is a 7 min drive away.","The noise from the hallway was very loud, the doors are not sound proofed at all and we couldn't sleep because of the noise that was coming around 11, 12, 1 AM.",8.0,positive,positive,0.9943426847457886,negative,0.9804964661598206
"nice small hotel not far from the airport.
everything was good. clean and fresh rooms, good hosts, and 5 min walk to the beach.","smell from the lake, but it doesn’t depend on the hotel.",10.0,positive,positive,0.9981004595756531,negative,0.9521345496177673
"Everything was very clean, the bed was comfortable, spacious bathroom. The beach is very close and the bus to the airport is only 50 meters away.","The room was a bit cramped, but we could fit. It may have been a unique case, but a rather disturbing odor of sewage came out of the drains. The smell could be felt on the street that day as well.",9.0,positive,negative,0.5443597435951233,negative,0.9985002279281616
The staff was exceptional. They were really customer-centric and kind. The breakfast was really delicious too 😊,Nothing. It was perfect,10.0,positive,negative,0.9848692417144775,positive,0.9978291392326355
"Clean fresh nice and peaceful 
Very welcoming",All spot on,10.0,positive,positive,0.9996703863143921,positive,0.9996015429496765
"The staff was super nice!
We needed a taxi for the airport and they've helped us book it for a really good price (better than everything we've seen online). The room was really clean and the bed was comfortable.","The wifi in the room wasn't great. We had to work that day so we needed a strong wifi, but there is a Cafe Nero 10 minutes away which was perfect.",9.0,positive,neutral,0.6385050415992737,negative,0.9855024814605713
Breakfast was exceptional,Size of room was a bit small,10.0,positive,positive,0.9890791773796082,negative,0.9900873303413391
Absolutely clean and friendly staff. Ultimate hygiene. Very clean . Very economic . Staff and owners very friendly and helpful . Location is great . Definitely a place to come again if came to larnaca,Nothing,10.0,positive,negative,0.9620209336280823,negative,0.6193379759788513
"Exceptionally friendly and helpful. Tastefully decorated room and super comfy bed.
Dinner and breakfast were freshly made and very tasty.",Couldn’t fault it at all,10.0,positive,positive,0.9670658707618713,positive,0.9807507395744324
"Excellent hotel, clean and with excellent owners",Nothing,9.0,positive,positive,0.9997970461845398,negative,0.6193379759788513
"The family running this hotel are very friendly and welcoming! They gave us a free room upgrade. The building and the hotel are brand new. Spotlessly clean. Walking distance to the beach, restaurants and shops. It is away from traffic. Fully stocked minibar with coffee and tea-making facilities. Value for money. We will stay again!
Tip: If you like sleeping in the dark, bring a sleeping mask and/or some blu tack to secure the curtains in place.",On the 4th floor with all the windows and balcony doors locked we could still hear some outside noise.,9.0,positive,negative,0.9964920878410339,negative,0.987788736820221
"It’s definitely one of the best accommodations I’ve ever been in. Everything was just good:
Clean rooms, cleaning every day;
Great staff and very pleasant hosts;
Strong wi-fi at any time;
Very friendly and comfortable atmosphere.
Garnish restaurant on the ground is amazing! The owner is a very kind person and creative chef. I’ll miss his breakfasts.
In other words, I’ll stay here my next time in Larnaca for sure.",No such thing.,10.0,positive,positive,0.9886503219604492,positive,0.9886928796768188
"Very good value for money, the room was nice, with a big balcony.",A bit farther away than most hotels so it's a bit of a trek to get to get to the busier beach and bars. But the area its in is good for water sports and is where the quieter beaches are.,10.0,positive,positive,0.9997043013572693,positive,0.863673210144043
"great friendly staff, very welcoming, the owner took me personally to our room, and gave me a prime parking spot.
he introduced us to his daughter who was learning the trade and she was super nice and helpful.
couldn't have been more pleased",all good!,9.0,positive,negative,0.7966932654380798,positive,0.9998161196708679
"Great location 5 min walk to beach And amenities , staff very good and helpful, rooms were comfortable snd very clean",Notting,9.0,positive,positive,0.9792875051498413,negative,0.99064701795578
Clean and good communication.,Booked a taxi from the airport was a no show.,10.0,positive,positive,0.9997439980506897,negative,0.9864262342453003
We picked up our hire care from the airport and within 10 minutes we had arrived. A family run hotel. Exceptional staff who were so friendly and keen to please. Rooms were also exceptional in their cleanliness and although compact had everything that you might need for your stay. I rarely write reviews but this place deserves to do well. Also only 10 minutes walk from beach and loads of restaurants.,I was happy with everything,10.0,positive,negative,0.9843743443489075,negative,0.9194996356964111
"Staff and owners were very welcoming, breakfast was a typical Cypriot one, not much parking around the property which was an apartment before being converted into this hotel, the inside is excellent compared to the view from outside",Aircraft noise does not bother me but the noise from aircraft landing and taking off may be an issue if you have young family or just want a quiet area,8.0,positive,negative,0.9857543706893921,negative,0.9949367046356201
Very friendly and helpful staff. Clean rooms. Comfortable bed. Close to bus stop.,Slight smell from toilet after night. Pretty far from major tourist spots.,9.0,positive,negative,0.9853991270065308,negative,0.9588837027549744
"6 mins drive from the airport 
Lovely clean room
Comfortable bed
Easy parking 
Lovely helpful staff",Nothing we didn’t like,9.0,positive,positive,0.9975094795227051,negative,0.9847152233123779
"* Very clean and comfy room with balcony
* Simple clear contemporary decoration
* Near the airport
* Friendly staff.
* Healthy breakfast.","* Weak WiFi
*This hotel being new , the staff , although very friendly , still needs to improve its organisation and collaboration. 
*Pool is very tiny.
* Far from centre town.",9.0,positive,negative,0.6486289501190186,negative,0.9995461106300354
"We’ve chosen La Veranda as we had an early flight from Larnaka airport, and we enjoyed one night stay. There is a beach strip nearby with various restaurants for every taste - we walked there, had cocktails in one place, and a dinner in another. Breakfast in the hotel was great, and we were in the airport in no time at all.",Nothing to complain about,9.0,positive,positive,0.9285584092140198,negative,0.9884154796600342
Location close to airport,N/a,8.0,positive,neutral,0.7110775113105774,negative,0.9810830950737
Excellent all round would come again,Good location and nice atmosphere,10.0,positive,positive,0.9997885823249817,positive,0.9996647834777832
Clean and perfect location.,Nothing.,10.0,positive,positive,0.9996718168258667,negative,0.6193379759788513
"Location and staff
The food was amazing at the restaurant",Mostly the bathroom floor sink was closed with tapes and there was bugs under it. But I think it was a special case and don't think that all hotel rooms has the same issue.,8.0,positive,negative,0.9934940934181213,negative,0.9987539052963257
"Extremely clean, newly renovated, efficiently run, good location from the airport and sea.",Nothing,10.0,positive,positive,0.9720588326454163,negative,0.6193379759788513
People working here are the best ever,WiFi,10.0,positive,positive,0.9986401200294495,positive,0.9316819310188293
"Bright, cozy, looks like almost new hotel in silent part of town. Very helpful staff. 15 minutes drive from the airport, 15 walk to the city center, about 300 meters to the nice beach.",TV with only 3 channels. But that was not a big problem :),9.0,positive,positive,0.9954309463500977,negative,0.9941364526748657
"Location is great. Rooms were a great size, very clean, modern and comfy.",Pool could of been bigger but you’re right next to an amazing beach “mckenzie beach” so it didn’t matter.,10.0,positive,positive,0.9993892908096313,negative,0.9854394793510437
"Very nice and helpful staff able to go an extra mile for your satisfaction. This hotel has great location, because it is very close to the airport, beaches and entertainment. Rooms vere very spacy, quiet, tidy with a modern design. Breakfasts were tasty! I was very satisfied with their service and I will surely come bact when I come to Larnaka.",More options for breakfast.,10.0,positive,positive,0.9572925567626953,positive,0.9655107259750366
Very friendly and helpful staff.Clean facilities.Good breakfast,Didn’t find anything negative,10.0,positive,positive,0.9238138198852539,negative,0.9977172613143921
"The owners, Tony and Joanna were very friendly, welcoming and accommodating as was Richard at the bar/restaurant. Coming off of a US based cruise ship, we had forgotten converters to charge our phones but Tony had multiple for us to borrow. He even had a luggage scale for us as we prepared our suitcases for our departure back home.
The rooms were completely renovated and stunning with brand new air conditioning systems that chilled the rooms within minutes (we rented a 2 bedroom suite). 
Finally, the place was spotlessly clean!",There is nothing negative to say about the property. It was a wonderful stay n,10.0,positive,negative,0.9983776807785034,negative,0.8779375553131104
The rooms and and the staff,Nothing,10.0,positive,positive,0.9924060702323914,negative,0.6193379759788513
"Very friendly and effective employees and owners.
Brand new fittings and furniture.
Excellent location near the airport and the beach.
Very clean and quite.
I recommend it without any reservation.",Nothing at all,10.0,positive,negative,0.9980065226554871,negative,0.6193379759788513
"Great location! Convenient to the airport and the beach. Professional and friendly staff. If you are looking to an affordable, clean hotel 5 minutes away from the airport and within walking distance to the beach, restaurants, and other amenities this is the place for you!",Nothing,10.0,positive,negative,0.8489970564842224,negative,0.6193379759788513
it is recently renovated building therefore the rooms were nice and clean. Mackenzie Beach promenade is 5 min walk.,close surroundings are not that exciting and clean,9.0,positive,positive,0.9939336180686951,positive,0.9964733719825745
"Very clean, nice renovated rooms, staff was fantastic and price was great","Need some renovation in lobby and common areas, as well as for the elevator.
During night lights in common areas didn't work well.",8.0,positive,positive,0.9997760653495789,negative,0.9992536902427673
"Very modern and clean. Netflix in room an unexpected surprise, but beware, difficult to sign back out of your account! No views but a short walk to nice beach bars. Rebuke is v good. Close to airport.",Room small. But I had the smallest I think.,8.0,positive,positive,0.9628704190254211,negative,0.9880516529083252
Amazing staff. I met the owners at the reception and they took care of my girl and she was very happy with her stay and the room was clean and ready by 12 to check in.,Nothing,10.0,positive,negative,0.9241035580635071,negative,0.6193379759788513
"We liked a lot the hotel, it's location and services. But the most we liked — the personnel, especially the Chief. He is real professional, was always trying to prepare for us traditional vegan dishes of local cuisine (always delicious!). More over, he was very friendly and kind-hearted to us, recommending places of interest, routes e.t.c. Thanks to Cyprus, Thanks to La Veranda, thanks to the Chief!)","It would be great to have a clothes dryer at the balcony or in the bathroom, because after the swimming nowhere to dry the wet clothes and towels. 
 After the room cleaning, most hotels provide a bottle of water. It is not expensive for the hotel, but it is demonstrating the care about the clients. We had one bottle only after check in and none for the rest 5 nights.",8.0,positive,positive,0.9841330051422119,negative,0.9930328130722046
All was good,A bit small rooms,9.0,positive,positive,0.9998161196708679,negative,0.9595235586166382
"Perfect play renovated to relax! The owners (mum&children from lebanon) are very kind and ready to help even they invite you to sit with them and relax with a drink at night! The rooms are brand new very good bedding!
Furthermore, i can speak about richard the chef of the hotel! He makes you feel like you know each other years before..!he is kind polite ready to help you with whatever you want to eat and drink! Delicious food and 5* facilities! Keep going guys and for sure is my favourite place for holidays!",Nothing!,10.0,positive,positive,0.9835031032562256,negative,0.6193379759788513
"New hotel  - so everything is modern and clean (and good bed linen, furniture)
5 minutes walk to Makkenzy beach (with planes landing just above you)
Staff is very polite and friendly
30 minutes walk to city center (10 minutes bus drive)","The lock on the balcony's door was broken (however they sayd ""we repaired it"" when I asked it wasn't done, the lock wasn't closing as it should)
I see it as a problem, cause with the door unlocked theoretically anyone could open the door from the balcony and the noise from the street was entering to my room through the ""crack"".
I almost broke the showers door, cause when you open the shower the door touches the toilet",8.0,positive,neutral,0.8413668274879456,negative,0.9977418184280396
"If I could give more than a rating of 10 I would. 
The location is amazing. Being close to the airport in Larnaka makes travelling easier. Also being right next to the Salt Lake is a must-see especially if there is a good sunset. 
Within a 10 minute walk you can be on MacKenzie beach which is well maintained and cleaner than other beaches we seen in Larnaka. Rebuke lounge at the beach is worth visiting for the quality of food and decor. 
The hotel is next to a bus stop for travelling between downtown and other locations. Very handy since we didn’t hire a car. 
The staff make this hotel great. They are friendly, warm, helpful. Always willing to do more to make the guest have a better stay. 
The recently renovated room is about as clean as it could be. The facilities are modern and new. The shower is amazing for couples to use together. The balcony is a nice addition to an already fresh, well presented room. 
The double bed is extremely comfortable and the new bedding was a delight. It is hard to get a comfortable sheet to sleep with in a country as warm as Cyprus but we were happy with everything offered by the hotel. 
The minibar was extremely reasonably priced and well stocked. 
Aircon perfect, easy to use. 
Wifi great when we used it. 
We didn’t take advantage of the pool in the hotel only because we ran out of time but on another trip we would have done so. 
The front of the hotel is an extremely nice place to unwind in the evening.",Minor point: a bar for hanging clothes in the room was the only thing we felt was missing to improve our stay.,10.0,positive,neutral,0.8110796809196472,negative,0.9992751479148865
"Superbly refurbished, with high-tech displays “clean/DnD” outside.",Taller people be careful of doorway leading to elevator - being 190 i head-bumped…,10.0,positive,negative,0.9916855096817017,negative,0.9778123497962952
"Close to airport - just 7-10 min by taxi (15€). Clean, fresh rooms with all you need for overnight stay. Very friendly staff.",The bottle with hair/body wash was empty. Aircon had just one uncontrolled speed. There were no adapters for CY sockets. The blanket was too warm for summer night.,8.0,positive,negative,0.9383150935173035,negative,0.98466956615448
"Everything. Very friendly and helpful staff, comfortable rooms, great location. Highly recommend.",Nothing,10.0,positive,positive,0.9986138343811035,negative,0.6193379759788513
"My stay was fantastic, steps to Makenzy beach, cafés, and restaurants. Easy access to nightlife. The building is very clean and made for a comfortable stay. The staff made me feel welcome and was very helpful when asking about things to do. Definitely will be back!",I wish I stayed longer!,10.0,positive,neutral,0.7810088992118835,negative,0.9521099925041199
I had a wonderful experience at La Veranda hotel. Staff was amazing and very welcoming. Rooms are so clean and comfortable with variety of snacks at very affordable price. Walking distance from the beach and very easy access to public transportation,Nothing,10.0,positive,neutral,0.6578463912010193,negative,0.6193379759788513
"The room sizes were excellent for the wheelchair.
The hotel was airy and light.
The hotel was nice and very clean.  It was the reason why I booked (the reviews).
It was great accessibility to where we wanted to be.","The breakfast could have had more variety.  They had no cereal on offer at all.  They had no ordinary tea on offer.  It was al Earl Grey. No proper plan tea.
This hotel is accessible to wheelchairs but there ramps are not to EU regulations.  VERY STEEP.  They really need to sort this.  The ramp right outside is very dangerous.  I am surprised I wasn't wheeled of this ramp.  I think booking.com should investigate this.",5.0,neutral,positive,0.9988422989845276,negative,0.9957218170166016
I Didn't eat at hotel .comfortable bed lovely soft duvet and pillows.good shower,2 times noise in week 4 a.m from people picking rubbish into large lorries .,7.0,neutral,negative,0.7697031497955322,negative,0.9988693594932556
spotlessly clean and the staff were so helpful.,it was not on the beach front as we were under the impression it was.,7.0,neutral,negative,0.9899011254310608,positive,0.9998148083686829
very clean,not enough pillows,6.0,neutral,positive,0.9997130036354065,negative,0.8902280926704407
Quiet location.,"Bed was very soft and uncomfortable for me.
Parking was very limited.",6.0,neutral,positive,0.9621148109436035,negative,0.9895012974739075
"Everything was pretty good, and as expected","Windows should be closed, as the front building looks right into your room.",7.0,neutral,positive,0.9796218872070312,positive,0.9997377991676331
The room was large and had a nice balcony. The bus stop into town was around the corner.,There was nothing close by for a mini Mart. The restaurant was decent.,6.0,neutral,negative,0.6182166934013367,negative,0.9845840930938721
Clean and comfortable. Cute balconies. Short walk to Mckenzie beach.,Street parking.,7.0,neutral,positive,0.999624490737915,positive,0.9936687350273132
"I really liked how polite and friendly the staff was, and I also liked the size of the room an the bed","There are various things I would love to see improved, listed here:
- the shower of our room is very inconviniently placed, making a mess because of insufficient coverage of the bathroom glass
- the edges of the shower (between wall tiles and the shower floor) need replacement - they are hollow and seem moldy
- the bin is rusty
- the mirror is weirdly placed, on the right of the sink
- due to the placement of the curtains, a lot of light gets in the room in the morning
- there is no designated parking, you just park wherever you find
- we have requested late check out (1pm) which we got and we appreciate it. However, we got a call that prompted us to check out at the normal time (12pm) as the next customers would arrive. I exllained thay we have been granted late check out and the clerk apologised. No problem for this, but I find it important to keep staff updated about these things.",4.0,negative,positive,0.9870626330375671,negative,0.9981988072395325
Near to the airport,There was some kind of unpleasant smell in the bathroom,7.0,neutral,positive,0.9870688915252686,negative,0.9264417886734009
close to the airports,this is a guesthouse that is priced like a hotel,3.0,negative,positive,0.9947775602340698,positive,0.8508267998695374
"Maria and Richard are really great hosts! Very kind and hospitable. Maria has offered an adapter immediately.
The room was perfectly clean.
This is a good transitioning for one night, like I had. Or just to sleep over.
Central location.","Size of the room is one of the smallest I have ever seen. There is no space for the suitcase  nor a wardrobe. No sitting area.
There is a terrace which Sun hits all the time, except for the early morning.
For that money for which I used to pay better hotels in Valencia  you get one small water bottle.",4.0,negative,neutral,0.7185388207435608,negative,0.9978400468826294
"It was clean, the beds were comfortable.",For what you get it was a bit expensive. The rooms were a bit small for a suite. No breakfast included. We tried it one time at their restaurant and it was low quality compared to an original greek breakfast. Didn't eat there again.,7.0,neutral,positive,0.9996892213821411,negative,0.9978030323982239
"Very friendly people.
Very spacious and clean room.
Very close to the Larnaka airport as we needed it to be.","The duvet was for the winter and even with 23 degrees Celsius on the a/c it was unbearable!
No simple sheets on the bed either...
Our only other choice was to close the a/c an go without covers but we could not open the windows because it was very very noisy. 
Also the windows had no soundproofing whatsoever because the noise was too much!!
We gave the duvet a chance up to 3 am and then got up and opened the windows when the noise went down. We had to leave to catch a flight at 5am... Not a good night's sleep!!!
Also the room had a hair dryer and a kettle that we could not use because the plugs did not fit the sockets and the hotel didn't provide adaptors... So no use of that service in the room either!",6.0,neutral,positive,0.9404719471931458,negative,0.9932025074958801
Usefully located hotel in between city centre and airport. Restaurant stayed open reasonably late so I could eat after an evening arrival in Cyprus.,Restaurant was offering a rather narrow set of choices compared to what was listed on the menu. Room quite small.,7.0,neutral,negative,0.9938480257987976,negative,0.9995494484901428
"Friendly Staff!
Very modern rooms","Bath room was cleaned rather superficially, so that medium nice with hair not being removed.",6.0,neutral,positive,0.9961379170417786,positive,0.9827741384506226
"Break fast was PERFECT, the room was PERFECT. Some issues with internet and location, bit far from the center, but very quite Area around.",Cold floor in the room :-),7.0,neutral,negative,0.6481945514678955,negative,0.9993239641189575
Breakfast was very filling. It was located on the table in front of us (funny question).,Room was a little cold. The hotel hadn’t yet opened up for the season. It was a little hard to find.,7.0,neutral,negative,0.9932570457458496,negative,0.9979421496391296
"clean room, friendly staff","off season, so no bar / restaurant/ pool, which was not clear on booking.",5.0,neutral,positive,0.9765751957893372,positive,0.9696398973464966
nice and very clean.,that they couldn’t wait for 15min as i had just fractured my ankle and need to change my bandage and the Lady of the house was literally standing next to the door with a cleaner to clean the room. so i left without changing my bandage and had to do it outside on the street.,6.0,neutral,positive,0.9998533725738525,negative,0.9989925026893616
Nice clean little hotel next to the airport,Breakfast was below average,7.0,neutral,positive,0.9996777772903442,negative,0.6036044359207153
the staff were lovely,The bed and pillows were very uncomfortable and the telly was not working properly,7.0,neutral,positive,0.9998728036880493,negative,0.9941773414611816
"Clean room. Good location for makenzie beach. comfortable bed
Staff was excellent","Complimentary coffee/tea in our bedroom was not replenished after the first night. Only one coffee sachet for a double room. 
Whatever was used from the fridge was also not replenished.
There were no thin curtains to allow for some light to come through into the bedroom; and so you had to draw the thick curtains if you wanted privacy.",7.0,neutral,positive,0.9995787739753723,negative,0.9701799750328064
Close to the airport,We booked a taxi at 04:30 in the morning to go to the airport. Very frustrating that the host didnt inform us that his taxi had a double Booking instead of ordening another for us.,7.0,neutral,positive,0.9947775602340698,negative,0.9991344809532166
Property is perfectly located close from the airport and close to the famous Makenzie Beach. Neat and modern hotel facility.,"Property feels cold without an warm inviting atmosphere, as it’s to minimalistic. Rooms are a nice size but is unfortunately situated on top of the outside bar area. Twin beds are provided and the pillows is not comfortable at all. The shower in the bathroom is open in-front which results in the whole floor being wet. Property have a great potential with some care.",5.0,neutral,positive,0.9922682642936707,negative,0.944360077381134
"Chose this hotel because of it’s proximity to airport. One nights stay straight from the flight before travelling onwards next morning to other areas. Easy to find (car hire) using Google maps. Friendly welcoming staff, easy check-in. The hotel itself is spotlessly clean, COVID prevention measures taken. Never ate there, cold beers available (& needed) from bar downstairs or mini-bar in room. Very quiet neighbourhood - not sure what’s nearby etc as up & away early next morning. Would certainly recommend for this type of trip & will probably use again next time.",Nothing to report.,7.0,neutral,negative,0.9951971173286438,negative,0.9565722942352295
close to mackenzie beach,"Safe didn’t work, back door balcony in other bedroom wouldn’t lock, do not disturb sign didn’t work (electronic) 
asked for double bed and got two single beds next to eachother 
very noisy guests. Waited 10 minutes for someone to come greet us for check in, no one on desk 
Guy on desk told us we had not paid but we did 
then he took a picture of my passport which no hotel does at all which was very strange ?????",1.0,negative,positive,0.9894522428512573,negative,0.9976468682289124
"It’s clean, you can easily pass here one night before flying back","The location was not great, the pool not even to be considered, the overall hotel installation is badly maintained. It’s in front of a pension and so close that people could see the colour of my underwear. 
The aircon was too strong so we’d opened the windows, big mistake! Very noisy (I’ve asked quiet room).
The lift broke, the guy was offended becawe asked to see the room before paying….
The pictures of the room are accurate but fot the hotel installation and pool have a look to ‘Pasithea Apartments’",5.0,neutral,neutral,0.6980211734771729,negative,0.987730085849762
"-Location is good and rooms are very well maintained. Convenient by taxi to city Center,airport and beach.
-Peaceful and good for couples and backpackers. -The sandwiches and hummus by the chef were delicious. 🙂
- Mrs Tony does a fabulous job keeping the place spotless and making the guests comfortable. The helps are amazing too.
Thanks to all at the hotel who work hard to keep it in good condition.","-No free breakfast option. 
-However when I booked this property in advance it was a higher price but booking.com reduced the price before my travel date and the hotel refused to accept the lower price which I felt was unfair for me as they charged twice for cancellation and rebooking. Maybe this was a booking.com issue or the hotel but I was quite unhappy about this since it was not justified by the owner. I spoke to Ali from booking.com and he said there was no cancellation charge but they charged me☹️
-They need to put a lock to the bathroom and a shower glass door inside or else it gets messy.
-wifi is not good",7.0,neutral,neutral,0.5785058736801147,negative,0.9985986351966858
I like the quietness and it’s close to airport,The way room are furnished is not comfortable,7.0,neutral,positive,0.898838222026825,positive,0.9995717406272888
Basic night stay but facilities are limited.,"Noisy
Limited food options
Probably renovation work was in progress so, some items were not ready. Example, there is no rod for hangers in the wardrobe, the safe wasn’t fixed.",5.0,neutral,negative,0.8520206212997437,negative,0.9995192289352417
"Very comfortable bed, room very new and comfortable.","TV did not work, garbage truck passes at 3 a.m with an incredible noise.",7.0,neutral,positive,0.99945467710495,negative,0.9989309906959534
Location was excellent and staff was very polite. Room was very clean upon arrival,"Rate was very expensive for what it offered. No cleaning service the 4 days I stayed, no emptying garbage can and also had to ask for fresh towels. There were not even hangers for clothes in the closet",7.0,neutral,positive,0.9792268872261047,negative,0.9687685966491699
The people working there were kind and responsive.,"Our plumbing had complications twice.  Moreover, the cleaning crew cleaned out our rooms and threw out a box of cookies next to our bags that was meant to be a gift.  These cookies are only made in Thessaloniki and cost us 25 euros.  When we asked if they had seem them, the owners brought them out of the trash room and offered to spray them as if that would be acceptable for an edible gift during COVID pandemic cautions.  It was nice that they tried, but they should be refunding us for the cookies we lost.  I feel bad writing a negative review because they were kind; however, only things near the garbage should be thrown out.  Not stuff next to guests' belongings.  I was extremely disappointed in how they dealt with the situation, and that they thought it was acceptable to take an edible gift out of a trash room and continue as if nothing happened.",4.0,negative,negative,0.9842917919158936,negative,0.9982650876045227
"The room was nice and clean, the two beds were set up as we requested",There wasn’t a fan in the bathroom so opening the window was required,8.0,positive,positive,0.9986093044281006,negative,0.8846263885498047
"Room fresh, clean and modern. Same as shown in photos.
Calm area, close to the beach, many restaurants and coffee shops there. 
Bus station very close.
Breakfast above expectations.",nothing,10.0,positive,positive,0.9256755709648132,negative,0.6193379759788513
"Liked the happy and smiling welcome that greets you once you arrive at the property. Unfortunately, I didn't have time to try their breakfasts as I had an early flight but they looked amazing. I will definitely return and I can thoroughly recommend this property. Thank you very much!",Not applicable,10.0,positive,positive,0.9578047394752502,positive,0.9016640186309814
"Nice staff, room very nice and clean.",Swimming pool could be cleaner.,9.0,positive,positive,0.9998377561569214,negative,0.9504338502883911
"Very clean, modern rooms, comfortable bed and good shower. Very helpful staff. Exceptional value for money and very close to beach.",Maybe a little way from main town,10.0,positive,positive,0.9884059429168701,negative,0.5670482516288757
"Clean, smart devices.","Overpriced for its facilities, if you're lucky you may have the only one parking in the side.
Very poor lunch (breakfast).",1.0,negative,positive,0.9997723698616028,negative,0.9992032647132874
Nice,"The floor is not cleaned enough, full of dust, water does not drain and floods the room",8.0,positive,positive,0.9998552799224854,negative,0.951789379119873
French speaking and competent staff.,Nothing,9.0,positive,positive,0.9873210191726685,negative,0.6193379759788513
"The cleanest place I stayed in Cyprus!
The staff is kind and welcoming.","The Waze is to blame for what I didn't like.
She was less helpful in guiding me than the locals, who explained to me in a second 🙏😊",10.0,positive,negative,0.7774380445480347,negative,0.999256432056427
"pleasant accommodation, helpful reception, cleanliness",the rooms were not soundproofed enough,8.0,positive,positive,0.9997115731239319,positive,0.9989678859710693
"The staff are extremely friendly and always happy to help when needed. They were always ready to answer any of our questions. In a very good location, close to the airport, especially if you have an early or late flight, and also close to the beach.","The main reason for not giving the highest rating is the noise. From the neighboring hotels/houses, they showered at any time of the day and made unpleasant noise. There were problems with the sealing and closing of the window.",9.0,positive,neutral,0.8030955195426941,negative,0.985824465751648
"Nice room, very clean.
Convenient because close to the airport.
Very kind and helpful staff.
We had dinner in the evening, it was very good.","Just a bit far from town
Room a bit small",8.0,positive,positive,0.9995521903038025,negative,0.9955571293830872
"The room was very clean and very spacious.
The mattresses and pillows were excellent.",The only thing that was slightly flawed was the water in the shower in the evening which was lukewarm,9.0,positive,positive,0.9978289008140564,negative,0.9865289926528931
Proximity to the airport and excellent cuisine,Nothing,10.0,positive,positive,0.9986191987991333,negative,0.6193379759788513
"Practical rooms, balconies in each room. good location for the airport. Listening staff.",The noise. The rooms are poorly soundproofed. We hear the neighbors moving.,8.0,positive,positive,0.9847203493118286,negative,0.992828905582428
"Hotel near the airport, ideal for a late arrival or a very early departure","bed duvet much too thick, we suffocate underneath! Very hard bed
Noisy, due to the heavy use of tiling and the steady stream of travelers arriving/departing for the airport throughout the night.
Do not use this hotel other than for a stopover night near the airport",8.0,positive,positive,0.9934388995170593,negative,0.9916021227836609
"Great welcome, very pleasant contact, very helpful","Access to the airport is close but not so easy with the bus, when you do not know",9.0,positive,positive,0.999757707118988,positive,0.9690024852752686
The accommodation itself is very good. It is very central. The problem is finding it. It is located in an alley and google maps went crazy. Now I understand why they sent me a photo of how to locate the street.,"Surely it's not a problem with the accommodation, but the guests in the upper apartment didn't stop making noise at 3am and on the other hand, if you go by car, even though there is an open-air car park very close, it's a real odyssey to be able to park. We had to leave the car far away.",8.0,positive,negative,0.9896601438522339,negative,0.9808709025382996
"The hotel is very clean and close to the airport. Simple and comfortable rooms, you can see that there is care in the place.","The restaurant in the hotel lobby is good, although it took a relatively long time for our food to be ready.",9.0,positive,positive,0.994366466999054,positive,0.9940811991691589
"Close to the field, the staff is nice, the room is restful and pleasant, clean and renovated
The bed is comfortable and so is the shower","The environment is a bit unfriendly for walking, there is a lot of construction and the roads are bumpy",10.0,positive,positive,0.9992176294326782,negative,0.9950237274169922
"cleanliness, location, simple and modern furnishings but new like the whole structure",Nothing,9.0,positive,negative,0.9605452418327332,negative,0.6193379759788513
"The hotel is very modernly furnished, the room is spacious enough with an above-standard large bathroom. We did not use the breakfast because of the early departure. The staff at the reception willingly arranged a ride to the airport for us.",We spent little time at the hotel to assess what could be improved. But we have a positive experience and will use it again next time.,9.0,positive,negative,0.9799498915672302,negative,0.999143123626709
"Proximity to the airport, clean and cheap","Cramped, the third bed for a child is more suitable for a baby, minimalist room accessories",8.0,positive,negative,0.9923444390296936,negative,0.9968369007110596
new clean reception,Nothing,10.0,positive,positive,0.9909067153930664,negative,0.6193379759788513
"The place is close to the airport and easy to get to.
We arrived late and the directions were clear and easy.
The place is clean and everything was exactly as expected
A short distance from the promenade where you can find nice restaurants on the beach",The room for 5 was very tight. Suitable for one night no more,8.0,positive,negative,0.8887585401535034,negative,0.7299987077713013
"- Cleanliness
- Welcome
- Possibility of having breakfast on site, having a drink or a snack",- Nothing,10.0,positive,negative,0.9181133508682251,negative,0.6193379759788513
"Very clean, well organized, nothing missing, pleasant balcony, nice hosts, comfortable mattress.",The air conditioner does not cool enough,9.0,positive,positive,0.9817341566085815,positive,0.9994626641273499
It is a great accommodation with excellent value for money. In addition to being very well located near Larnaca airport and mckenzie beach. I fully recommend it. The staff extremely friendly.,Anything.,10.0,positive,positive,0.9890755414962769,neutral,0.7045528888702393
"Cleanliness/Towels: 10/10
Design/Furniture: 10/10
Staff: 10/10","Soundproofing: 07/10 (separated rooms with plasterboards)
Balcony furniture set: 08/10 (could refurbish these too)
Set of shampoo etc. for the bathroom: 08/10 (Could offer 1 to 1 for the pampering)",9.0,positive,negative,0.9682903289794922,negative,0.986845850944519
"Location close to the airport and the promenade by the sea. Clean, tidy, comfortable and beautiful room. Courteous and welcoming service. We will return to him again.. Highly recommend.",We liked the rule,10.0,positive,positive,0.9873548150062561,positive,0.8721091151237488
Terrace was very cozy,It was very hot but that was the weather,8.0,positive,negative,0.8716636896133423,positive,0.9744433760643005
"We arrived in the middle of the night and were able to get into the room via self-check-in without any problems.
Good location close to the airport - easily accessible by taxi, there is also a bus route nearby.","Rooms may be a bit small for a longer stay, but since we only stayed one night it wasn't a problem.",9.0,positive,negative,0.990750253200531,negative,0.9811018109321594
"Location is very close to the beach, very kind staff on the last day kept our suitcases in custody for the whole day. Very close to the airport, like 8 minutes by car. Really soft bed and pillows",Room a little smaller than average but large bathroom and shower.,10.0,positive,negative,0.9787043333053589,negative,0.9891999959945679
recently refurbished rooms.,Little parking nearby arriving in the evening,8.0,positive,positive,0.9851806163787842,negative,0.8338793516159058
All. The sense of hospitality of the owner.,Nothing .,10.0,positive,positive,0.8840546607971191,negative,0.6193379759788513
We had dinner and it was perfect,Nothing to complain about,10.0,positive,positive,0.9998741149902344,negative,0.9884154796600342
Arabic food,Have to pay for breakfast,10.0,positive,positive,0.9934786558151245,positive,0.8739073872566223
The rooms are big and very clean! There is also a balcony. Tony the hotel owner is a great man! Helped us with everything we needed,everything will be alright,10.0,positive,positive,0.9961916208267212,positive,0.9988176226615906
"A very welcoming staff, smiling and always available to satisfy you. At the reception as in the restaurant there is always someone to take care of you in one of the four languages ​​(Greek, English, French or Arabic). The proximity to the famous Mackenzie Beach is an asset for this charming hotel. The beach is around 5 minutes walk...",The hotel seems to have been freshened up recently. So everything seemed flawless to us.,10.0,positive,positive,0.9934984445571899,positive,0.9989727735519409
"We arrived at the hotel for one night in order to be close to Larnaca airport for an early morning flight. The rooms are pleasant, clean, the beds are comfortable, everything is new and clean!! We had a really nice time at this hotel",There is nothing we didn't like,10.0,positive,positive,0.998636782169342,negative,0.8836914300918579
"We were received with a beautiful and kind hospitality by the hotel staff. Clean room, pleasant and comfortable bedding. There is a kettle and a fridge in the room. Close to Larnaca airport. Less than 10 minutes",Bed 5 could be opened and was less comfortable. Toilet and shower are together and less convenient.,9.0,positive,positive,0.910873532295227,negative,0.9991883635520935
"Lovely and clean room, enough for a family with 3 children. Two rooms. The children's third bed was a bit problematic and not very stable. The location near the airport is convenient for those who need to fly early in the morning. There is also a shuttle to the field. There is a lovely promenade on the sea (McKenzie Beach) with worthwhile restaurants - very worth going in the evening. The staff is charming and kind, answers with a smile and agrees to every request. The restaurant in the hotel is also great.",There was a lack of a pool especially when from the window you can see the pool of the nearby hotel... but overall a good value for the price we paid.,9.0,positive,positive,0.9913183450698853,negative,0.9975937008857727
"Cleanliness first, but also the kindness of the staff.","The breakfast offered by an independent service does not correspond quantitatively and qualitatively to the known levels of Cypriot hospitality and gastronomy,
and the price of €12 for breakfast is much more expensive than the reasonable value (in terms of quality and quantity) of the offered product!",8.0,positive,positive,0.991547167301178,negative,0.991644561290741
"explanation for arrival, cleanliness",Nothing,8.0,positive,negative,0.925618588924408,negative,0.6193379759788513
everything,I liked everything,10.0,positive,positive,0.988409161567688,positive,0.9951173067092896
Excellent location near the airport. Good for an overnight stay after a late or early morning flight.,"There was no hot water the two nights we slept there. And even when we complained, they said they took care of it and it wasn't taken care of.",8.0,positive,positive,0.9958387613296509,negative,0.9912228584289551
"cleanliness, kindness of the staff",Nothing,8.0,positive,positive,0.9970057606697083,negative,0.6193379759788513
"The room is really clean, close to Larnaca airport and it was really convenient to stop there because our flight landed in the middle of the night",The water in the bath is cold!!!!!! And that we were staying in the middle of August.. even David Shemesh was supposed to arrange boiling soup here,8.0,positive,negative,0.9339500665664673,negative,0.9942480325698853
"+ good location,
+ Hotel rooms are in good condition,
+ Hotel is not that big","- Room a bit small, no seating",8.0,positive,positive,0.9994677901268005,negative,0.9078430533409119
We only had drinks.,The taxi driver who picked us up for the short drive to the airport ripped us off. Be sure to negotiate the price beforehand. It's your own fault!,9.0,positive,positive,0.9436892867088318,negative,0.9988981485366821
"Friendly people both at the reception and in the restaurant, willing to serve",The elevator. it needs more cleaning and maybe a complete renovation would be better.,9.0,positive,negative,0.5837839245796204,negative,0.9957432150840759
"the calm and comfort of the bedding, the balcony, the spacious room",the blue light on the balcony at night which interferes with sleeping open window,9.0,positive,positive,0.9956790804862976,negative,0.9332519769668579
"The restaurant service is very good, varied and with good prices, the workers are very pleasant and attentive.",The air conditioning had poor regulation... or cold (and directly to the body) or heat.,9.0,positive,positive,0.9988507032394409,negative,0.9968597888946533
"Good, firm beds and nice air conditioning in the room. We were especially impressed with the staff: they were very nice and prepared a fantastic breakfast for us! Self check-in at night was also very easy. And they arranged a taxi from the airport to the hotel for us, what a great service!","There was a bottle of water ready, that should have been two for 6 people. Everything else was to your liking!",9.0,positive,positive,0.9987842440605164,negative,0.990865170955658
"Welcoming by the staff, super clean, location and price",Difficulty finding parking,10.0,positive,negative,0.9605614542961121,negative,0.9854671955108643
Room comfort.,Nothing.,8.0,positive,positive,0.9997794032096863,negative,0.6193379759788513
"Arrival at 5am, just for one night.
The owners left us clear and precise information for our arrival, sending us photos.
Cleanliness, distance from the airport, quality of bedding, size of the room, bottle of water available.
Sympathy of the owners in the morning who made the effort to speak French to us.
We recommend eyes closed.","Works next door, but unfortunately the owners can't do anything about it",8.0,positive,negative,0.9787080883979797,negative,0.9968859553337097
Very varied breakfasts to choose from in the hotel restaurant.,There were no such elements,8.0,positive,negative,0.9558240175247192,positive,0.9987555742263794
"Liked the hotel. Newly refurbished, clean and tidy. Nice welcoming staff. Kindly settled early. We had a delicious dinner at the hotel restaurant. There is a cozy courtyard. Parking.","Very uncomfortable folding bed, the child at night could not fall asleep with it. It is also quite noisy at night - you can hear airplanes and music from nightclubs, but I think this does not apply to the hotel, such a location, but it is close to the airport.",9.0,positive,negative,0.9280706644058228,negative,0.9875033497810364
"very clean cheap, modern room",Noisy outside,8.0,positive,negative,0.7307887077331543,negative,0.9621464014053345
"Excellent location, a few steps from the sea and from via dei premises, in 20 minutes on foot you can also reach the ""historic"" center.
Excellent breakfast and meals in the restaurant, all freshly made.
Modern and renovated rooms, very comfortable beds",Slightly small bathroom but still ok,8.0,positive,positive,0.9975594282150269,positive,0.995394766330719
"Great transit hotel near the airport. The room is small but everything is new and very clean. Comfortable double bed and crisp white linen. Delicious breakfast in cafe, friendly staff. Side sea view. Parking.","Noise from a nightclub and not a comfortable cot, my 12 child was very cramped there.",8.0,positive,positive,0.8799846172332764,negative,0.9477711915969849
Very clean accommodation. Friendly staff. Very pleasant terrace in the evening.,The quality of the television image quite poor.,8.0,positive,positive,0.9992169141769409,negative,0.9984920024871826
"Clean, friendly staff, very close to the beach and the airport, lots of restaurants nearby, relatively quiet location.","The room is not sealed off from the corridor, you can hear everything. Somewhat small and sterile rooms.",8.0,positive,negative,0.9619224071502686,negative,0.957963228225708
clean and comfortable,the view from my room..,8.0,positive,positive,0.9998300075531006,positive,0.9989714622497559
The room was modern with a large and very comfortable bed. The shower really good. There was also great quiet and it was very easy to set up the room so you wouldn't be disturbed. Everything very clean.,"The size of the room was just enough to spend one night, not much more. The ridiculous closet. The price is perhaps a little high for the comfort that a room gives you that is small as soon as you enter. If I were to go with my partner we would have been disappointed due to the lack of space.",8.0,positive,positive,0.9960468411445618,negative,0.9947078227996826
"The kindness and availability of the staff, the restaurant offering a good quality of dishes.
The comfortable and very clean room. The calm
Proximity to the city center and the beach.
Very good value for money",Ras,10.0,positive,positive,0.9834330081939697,positive,0.8722242712974548
"the establishment is really close to the airport, i.e. 6 minutes by car.
the managers of the hotel are extraordinarily kind and caring
they speak French and helped us find a rental car at a good price, they accompanied and advised us during our stay.
the room is nice and well furnished
I highly recommend this hotel",the small downside concerns the light from the outside at certain times,9.0,positive,positive,0.995261549949646,negative,0.9698650240898132
Very good breakfast! Comfortable bed. Purely. Friendly staff.,"Not all rooms have a balcony. I did not have it. Staying for one day is fine, but if you live for a while, then how to dry your towel and swimsuit ...",8.0,positive,positive,0.9997051358222961,positive,0.987528383731842
"Very friendly staff, and communication with the hotel before our arrival very fluid. The rooms are spacious and comfortable.
It is ideally located near the airport, 5min by bus.","It's a detail, but we would have appreciated having 2 small bottles of water in the room when we arrived",8.0,positive,positive,0.9804530143737793,negative,0.983483076095581
"Very nice staff, restaurant and hotel very good. We stayed here for one night when we arrived before leaving to visit the island. We recommend without any problem, very quiet and clean.","We had ordered a shuttle and thought it was specific to the hotel but it turned out to be just a lambda taxi, the problem is that we waited for it for 40 minutes because it was late but nobody warned us. We had to pay it straight away when we thought it would be included in the hotel bill at the end of the stay. It would be better to indicate directly that it is independent of the hotel, we would not have waited in front of other taxis and tried to reach everyone...",9.0,positive,positive,0.9981445074081421,negative,0.9988154172897339
Good central location. Very nice staff. Neat small hotel.,Very noisy,8.0,positive,positive,0.9995317459106445,neutral,0.7835347056388855
"cleanliness, space, location",garbage truck at 3am making a lot of noise,9.0,positive,neutral,0.8320976495742798,negative,0.9984179735183716
Nice clean hotel near the airport. The room has everything you need. Also in 7-10 minutes you can walk to the embankment. The staff are friendly and try to help.,"I booked a room with one bed, in fact it was 2 separate beds, no one warned about this, it was very uncomfortable for me and my husband to sleep, having moved the mattresses. If I had known from the beginning that there would not be a room with one bed, I would have chosen another hotel. It spoiled the impression.",8.0,positive,positive,0.9824284911155701,negative,0.9926828742027283
"super friendly staff and a clean, modern room",we didn't have a balcony. It wasn't bad though as we were only there for one night.,8.0,positive,positive,0.9970132112503052,positive,0.990128219127655
Good location near the airport and the beach.,Noisy air conditioning and night traffic in the area.,8.0,positive,positive,0.9995126724243164,negative,0.9583433270454407
"Nice modern room.
Boss and family take care of that
Well-being of your guests!",There was nothing to complain about!,10.0,positive,positive,0.9997767806053162,negative,0.9884154796600342
"I loved the staff, they always greeted us with a smile, they were really nice, they always responded to the help we needed, they called us a taxi, they didn't charge me again because I lost my room ticket, a stunning hotel, an aesthetic and clean place with innovative and interesting service that you can really request at the push of a button that you won't be able to hear the bell, I have never come across this in my life amazing thank you so much to this hotel.",A bit far from the city center but taxis cost us the same price from anywhere in the city so it's not critical other than that it's a stunning place.,10.0,positive,negative,0.9488908648490906,negative,0.9992433786392212
"Very friendly and helpful
Staff.",Wifi was weak at times.,8.0,positive,positive,0.9938517808914185,negative,0.9996004700660706
"It was very new, clean and quite modern. Excellent price/quality ratio",Anything,10.0,positive,neutral,0.7887067198753357,neutral,0.7045528888702393
"Location, room comfort, service and courtesy of the staff.",Everything was perfect !,10.0,positive,positive,0.9986212253570557,positive,0.9997521042823792
It was very clean. The host was very nice. He gave us instructions on how to get to the hotel and then even picked us up at the bus stop because we were very late,the humid air in the room. It was very warm. The air conditioning probably didn't work properly,9.0,positive,negative,0.9820759296417236,negative,0.9289969205856323
"Very friendly staff, very clean everywhere. Nice room with a nice balcony. Quiet and peaceful area. Definitely a hotel worth visiting again.",All was well,10.0,positive,positive,0.9729649424552917,positive,0.9995703101158142
"Welcoming environment, courtesy, cleanliness, modern room.","I would like more variety at breakfast.
The price to food ratio was disproportionate.",8.0,positive,positive,0.9699629545211792,negative,0.9891247749328613
"Very clean, comfortable bed, perfect location (near the airport), very friendly welcome, very comfortable bed, tea and coffee in the room.",There was no hair dryer,9.0,positive,positive,0.9970635771751404,negative,0.9909008741378784
Nice staff. just one night to leave early the next day from the airport,Maybe the reception needs improvement. It is very old furniture,9.0,positive,positive,0.9994274377822876,negative,0.9979426264762878
"New hotel. Clean comfortable room. Friendly staff. The hotel is located near the airport.
We read reviews that extraneous noise could interfere, but we traveled in the off season - there was no noise from the street, and the sound from landing / taking off planes did not particularly bother us","The room was small, could have been a bit more spacious. Other than that everything was fine and met our expectations.",9.0,positive,negative,0.9744758605957031,negative,0.9809500575065613
"Cleanliness 10/10!
everything is white, bright, cozy!
We spent one night before the plane, were very satisfied.
the accommodation is perfect - close to the airport.",nothing to complain about),10.0,positive,positive,0.9732087850570679,negative,0.9884154796600342
"Very nice staff, comfortable beds, great shower. We stayed for one night before flying out of Cyprus, the option is excellent, close to the airport, near the lake with flamingos (in winter)",They are drawing a number :),8.0,positive,positive,0.9982472658157349,positive,0.9983129501342773
"I liked the hotel already when approaching it from the street. The feeling of the new did not leave all the time. Starting from the street terrace, the hall and up to the room itself - clean, comfortable, with a soft bed. As it turned out later, the hotel is already about 8 years old, but they are doing well 👍
Always friendly staff (it looks like a family business, but I will not say). Every day cleaning. At any time, you can go down to the veranda at the tables and just drink their wonderful cappuccino on soft sofas, and then sleep the rest of the night on soft beds.
We did not use the pool, the sea is better, because there is a good Mackenzie beach. And he did not have to swim.","Of the minuses: sometimes a car came to pick up garbage cans at night. More precisely, the car poured them into its depths, not worrying about the noise and sleeping expensive tourists. Also mirrors in the room. There are plenty of them and they all distorted the image. rather made you fatter))
Everything else is a plus!",9.0,positive,positive,0.9443349838256836,negative,0.9974011182785034
"Very warm and caring welcome. The room was very well equipped, clean, comfortable... I was very happy.","The hotel is not far from the airport, but a bit far from city center.",9.0,positive,positive,0.9975798726081848,negative,0.9493693709373474
"It was the cleanest room I've ever been, cleanliness is top notch, cleaned every day, down to the taps, towels and white bedding, any problems are solved instantly. The staff is excellent, everyone is definitely polite and smiling","very noisy, the area is ringing, the sounds accumulate with terrible force. At night, I constantly woke up either from the sounds of airplanes, or from passing cars or a slamming trunk, earplugs did not save (",8.0,positive,positive,0.9899493455886841,negative,0.9964330196380615
"Proximity to the airport, small but modern rooms, good bed, very good bathroom.",Those who sleep lightly will be disturbed by the aircraft noise. Those who are tired sleep over it.,8.0,positive,positive,0.994873583316803,negative,0.9956455230712891
"Nice accommodation, parking in the hotel area, a beautiful beach within walking distance, very helpful staff, due to the delay of the plane they waited for us until 2 in the morning.","Beautiful accommodation, unfortunately at night it was fertilized in Larnaca and the whole city stank. Perhaps it was only short-lived.",9.0,positive,positive,0.9921899437904358,negative,0.99321448802948
"1. Location
Hotel near the airport, fast transfer organized by the hotel. In total, close to the beach, although to get to the beach relatively quickly you have to go to the so-called. ""shortcuts"" along a well-trodden path through a field and a small escarpment or another way a little ""around"" along the streets. The center is quite far, about 2.5 km, a walk along the beach promenade.
2. Peace
Great, modern design, comfortable bed, clean, large with a balcony. Large bathroom with shower. Equipped with a kettle plus a welcome pack (tea, coffee, water)
3. Breakfast
Served on site, on the ground floor in the dining room with access to the front terrace, delicious, homemade Greek taste.",Pool infrastructure.,8.0,positive,negative,0.9839905500411987,negative,0.9395909905433655
"Location close to the airport, therefore during the day a lot of noise from planes taking off. Not heard at night.
Breakfast was good, but not lavish. Had to ask for bread.","Beds are soft and with a lot of plastic therefore very sweaty.
In the middle of the night the garbage containers were emptied with a lot of noise.",8.0,positive,positive,0.9365657567977905,negative,0.9957433342933655
"Great location as I arrived very late and just wanted to sleep.
You are there now.
Quiet location, very friendly and helpful staff/owners.","bed a bit uncomfortable.
Unfortunately, the organized taxi came too late/ a bit chaotic.
Even if the hotel cannot do anything about it.",9.0,positive,negative,0.9858875870704651,negative,0.9988229870796204
"Very clean new room, perfect bed and towels, close location to the bus stop, 10 minutes to the center and 5 minutes to the airport. Friendly staff, all wishes and problematic situations are solved immediately. An ideal place if you need to spend the night before departure from Larnaca.","Mackenzie Beach is very noisy, windy, did not like it, not for a long vacation.",10.0,positive,negative,0.9693588018417358,negative,0.9691567420959473
"The ""street side"" rooms are noisier than those facing the back.","The exceptional welcome in French
Proximity to the airport
A nearby bus stop provides access to the city center and the airport
The cleanliness and design of the room",10.0,positive,negative,0.9247775077819824,negative,0.9786893725395203
Pleasantly surprised as the hotel appears to have been renovated.,Unfortunately the pool was closed.,10.0,positive,positive,0.9981154203414917,negative,0.9876125454902649
"Very well-kept hotel, friendly service, very comfortable mattresses, fridge, kettle, very modern new equipment.",Everything OK,9.0,positive,positive,0.978331446647644,positive,0.99928218126297
"Staff SUPER!!! Responsive, kind people, you feel at home). The room has a refrigerator, kettle, mugs (small), safe (did not use), TV (2 channels in the local language, netflix and browser). Near the salt lake, about 10 minutes walk, 5-6 minutes to the sea. Quiet place. Near the airport about 4 km, by bus or car for 5-6 minutes, you can walk and walk for 50 minutes)))","The shower has no door or curtain. While taking a shower, drops fall on the floor. Wi-fi is enough for a phone, not enough for a laptop. There are few shops nearby.",10.0,positive,negative,0.9951034784317017,negative,0.9862412214279175
Good hotel next to Mackenzie beach and especially the airport. It is 5 minutes by car,All right,9.0,positive,positive,0.9975797533988953,positive,0.9998270869255066
"Superb room, bathroom and balcony, very comfortable, the staff was top notch!",Lots of noise from the hallway,8.0,positive,positive,0.9992355108261108,negative,0.9705722332000732
"Very cozy and stylish hotel, good staff, excellent location, bus stops nearby, salt lake, 5 minutes walk to the sea.","In addition to liquid soap, no other means. Bring along shampoos, soaps, gels, etc.",8.0,positive,positive,0.8629449009895325,negative,0.989301860332489
"The terrace, the sympathy of the restaurant manager",The noise of the discotheque…,9.0,positive,negative,0.9472020268440247,negative,0.8294634819030762
"Was in the middle of September. I really liked the hotel. Reminds me of a family hostel. Excellent service staff. The owner and staff are always ready to help. Helped immediately with adapters. From the hotel to the beach is relatively close. 5-7 minutes at a calm pace. There is a bus stop nearby, which is also very important. Of the shortcomings, I would note the monotonous breakfast. Every day is the same.",breakfasts. This is probably the weakest link in the hotel.,9.0,positive,negative,0.988450288772583,negative,0.9918950200080872
Very convenient location. Not far from the airport and from the sea.,Very thin walls. Everything is heard. At 3 o'clock in the morning we woke up from the fact that the garbage truck loaded the tanks.,8.0,positive,positive,0.9605730772018433,negative,0.9983150959014893
"Very helpful staff. If you do not have adapters for sockets, ask at the reception.. 😊",Quilts too warm for summer..,10.0,positive,negative,0.9980142116546631,positive,0.9997757077217102
"Hotel rather well placed, access to the beach by crossing a vacant lot. Airport nearby (but the taxi price is the same as from the center of Larnaca). Pleasant surprise, it is not in the photo but the accommodation has a swimming pool! Fridge filled with drinks and delicacies, even if it's paying it's nice to have some available",Too bad the swimming pool is not indicated on the booking site and at the reception of the hotel!,9.0,positive,negative,0.9827781319618225,negative,0.9997629523277283
Close to the airport. Quietly we reached 3 stops on the 425 bus (2nd floor-entrance for those departing. From the airport immediately to the left to the end of the airport building). The hosts are very friendly.,"Tomorrow is quite meager - 8 euros. The room is very very small (3 beds at 18 meters), but at the same time, clean and tidy. The area near the hotel is a wasteland / wasteland. There is nothing. Most importantly, do not go to nearby cafes/restaurants. Never had such a terrible dinner before.",7.9,positive,negative,0.9814192056655884,negative,0.9942783117294312
"Individual approach. Responsive staff. Very clean, fresh, comfortable. you can see it's new. Cleaning every day",I can't even remember.,10.0,positive,negative,0.7933724522590637,negative,0.9247978329658508
"The hotel is 10 minutes from the airport which is very convenient for not missing your flight.
The welcome was very warm and efficient.
I unfortunately did not try the breakfast or other meal but the hotel is well located for the restaurants in the area.",The electric kettle didn't seem to work. (But that's a detail!).,8.0,positive,negative,0.9652336239814758,negative,0.9996289014816284
"Great bed, excellent cleaning, great for the airport (it's attached)","Small room, only one nescafe bag, no curtain in the bathroom. Better remove the photo of the pool, since it's a hole...",8.0,positive,positive,0.9997820258140564,negative,0.995772659778595
"Nice staff, good cook",room a bit small. son of 16 had to sleep on the starter,8.0,positive,positive,0.9998513460159302,negative,0.99527907371521
"Hotel completely redone, the rooms are clean and comfortable. Like the 2 managers of the hotel and the chef, the staff is extremely kind and helpful. If I were to go back to Cyprus, I wouldn't go anywhere else.
Full breakfast and served without time limit, to good understanding :)",RAS,10.0,positive,negative,0.7778254151344299,positive,0.8722242712974548
"Hotel completely redone, the rooms are clean and comfortable. Like the 2 managers of the hotel and the chef, the staff is extremely kind and helpful. If I were to go back to Cyprus, I wouldn't go anywhere else.",RAS,10.0,positive,neutral,0.6376882791519165,positive,0.8722242712974548
"New hotel, renovated, soft blankets",Small room for a family,10.0,positive,positive,0.9135479927062988,positive,0.9949166774749756
Room and possibility for late check out and very nice staff,"Swimming pool , small and dirty",8.0,positive,positive,0.9820189476013184,negative,0.9795112609863281
Very pleasant staff. New and clean rooms.,Lack of adapters for sockets in the rooms. But the staff promised to fix it.,8.0,positive,positive,0.9998530149459839,negative,0.9989707469940186
"Great place, very nice staff. Close to Mackenzie beach and salt lake. 10 minutes to the airport by bus or taxi.",No trash can in the room),10.0,positive,positive,0.9993361830711365,negative,0.9990904331207275
Super clean modern room and bathroom with balcony. Wonderful air conditioning that also stays on when you leave the room or open the balcony door.,The street on which the hotel is located.,9.0,positive,positive,0.9899091720581055,positive,0.9935826659202576
"Clean, nice atmosphere, helpful people",Nice staff,10.0,positive,positive,0.9895145893096924,positive,0.9998464584350586
"Super polite and helpful staff, clean comfortable room with good new furniture, delicious breakfast on the veranda. Walking distance to Makenzie beach. In the absence of a car, it is very easy to get here by bus from the airport. If you are worried about the proximity of the airport, then during the entire stay we did not notice the noise and did not experience any discomfort because of this.",Shower water often overflowed into the bathroom. Drain is not working well.,9.0,positive,negative,0.9904218912124634,positive,0.9314031600952148
It was simple and beautiful.,There were no TV channels,10.0,positive,neutral,0.6006490588188171,positive,0.8528410792350769
Extremely thick bedding for the weather,Constructive attitude of the staff.,9.0,positive,negative,0.9829437136650085,negative,0.9140182137489319
Everything is great. Mackenzie is 5 minutes walk. The hotel is very conveniently located. Friendly staff. Everything is great. The room is clean. The pressure of the ox is excellent. Bed is comfortable,Can be noisy from discos on Mackenzie,10.0,positive,positive,0.9898938536643982,negative,0.7524598240852356
"Great option for if you arrive at Larnaca airport, close, very clean. It is possible with animals. Everyone at the hotel was very friendly, tried to help and explain.",To restaurants and the beach go through an intensive road.,10.0,positive,negative,0.5826275944709778,positive,0.9933400750160217
This hotel is very very clean very well equipped excellent breakfast. The managers are extremely nice and helpful. I highly recommend this hotel to anyone who wants to have a pleasant stay.,Nothing everything is perfect,10.0,positive,positive,0.998346209526062,positive,0.9110553860664368
"Location: close to airport and beach. Newly refurbished hotel, rooms with balconies and clean.","Proximity to the airport has its own nuances: the noise of planes taking off and the smell of jet fuel are very audible. Near the beach at night there is a disco, which also makes it very difficult to sleep.",8.0,positive,negative,0.7662287354469299,negative,0.9940616488456726
"Very welcoming and friendly staff. Everything is clean, white, freshly renovated. Near Mackenzie beach, airport, salt lake.",Everything is fine,10.0,positive,negative,0.6830444931983948,positive,0.9993488192558289
Staff. Everything in the hotel is new. Located close to the waterfront. The staff is very friendly. Very clean.,"You can see that the hotel is young. Not everything is perfect yet, but the staff does everything possible to compensate for all inconveniences.",8.0,positive,neutral,0.6164442896842957,negative,0.9603016972541809
"LOCATION CLOSE TO EVERYTHING. ALYKI BEACH CLUB, RESTAURANTS, CAFÉS. BREAKFAST WONDERFUL.",WE HAVE ALREADY TALKED TO THE STAFF THEY ARE PREPARING A LOT. POOL. Play room. Roof garden.,10.0,positive,negative,0.9368057250976562,negative,0.9020716547966003
Close to the beach. Own. Pleasant breakfast. Quality Eco Hotel.,Excellent value for money! Nothing to say 🙂,10.0,positive,positive,0.9996165037155151,positive,0.9990764856338501
We didn't eat,",Noise
Uncomfortable beds",3.0,negative,negative,0.9960790276527405,negative,0.9819828271865845
comfortable bed,not clean,6.0,neutral,positive,0.999529242515564,positive,0.9997130036354065
Clean and nice room,Not as close to the airport as advertised.,7.0,neutral,positive,0.9998430013656616,negative,0.7344118356704712
Room quality,The sounds of the airport,6.0,neutral,positive,0.9605712294578552,positive,0.9992539286613464
clean and functional,breakfast time,7.0,neutral,positive,0.983244776725769,positive,0.9692476987838745
The room was satisfactory...the lady at the reception who spoke Cypriot was kind and willing for any help.,"I did not like the behavior of the gentleman in the reservations. I was assured of breakfast in the price of the room. Upon arrival he refused to provide breakfast in an unacceptable manner, and without even speaking the Cypriot language. My dissatisfaction with the choice is great.",7.0,neutral,neutral,0.6893225312232971,negative,0.9757192730903625
A clean room that really serves the purpose for which we came,The frozen water in the bath,7.0,neutral,positive,0.9736694097518921,negative,0.8591940402984619
"close to the airport but no aircraft noise
clean
bus station nearby
salt lake nearby","Minibar was empty and not working
(annoying if you arrive after midnight
and looking forward to a beer)",7.0,neutral,negative,0.9722931385040283,negative,0.5431305766105652
The location is close to the field. The room is clean.,A hotel that is suitable for an overnight stay. Small rooms. There is no view.,7.0,neutral,positive,0.9948904514312744,neutral,0.8003562092781067
Location close to the field.,No staff at night..,6.0,neutral,negative,0.6103513836860657,positive,0.9866808652877808
comfortable room for one night before departure,It was extremely noisy,7.0,neutral,positive,0.9846936464309692,negative,0.9762756824493408
Very good if you have an early morning flight.,"The quality-price ratio. You should only sleep with air conditioning in the summer, because there is a lot of noise from the nearby beach until early morning.",7.0,neutral,positive,0.9995786547660828,negative,0.9944103360176086
"central location between the beach, the party mile, the airport and the old town",it would be nice if there was a breakfast buffet,7.0,neutral,negative,0.828795850276947,positive,0.9943510293960571
"Cleaning, furniture, terrace","After 20 minutes of waiting bad and half raw croissant
Watery cappuccino",7.0,neutral,positive,0.9943291544914246,negative,0.9993115663528442
Big room,Receptionist didn't understand English very well and the staff could not give me any information about the bus to the airport,6.0,neutral,positive,0.9992382526397705,negative,0.9968696236610413
The room,The lack of adapters for sockets,7.0,neutral,positive,0.9977509379386902,negative,0.9990179538726807
Very good location,Sound-proofing,7.0,neutral,positive,0.999843955039978,positive,0.9989978671073914
Large spacious suite. Comfortable beds. Good for large family 5 people. Light interior.,Warm blankets. Slightly untidy floor. Smelled a little sewage,7.0,neutral,positive,0.97903972864151,negative,0.9484155178070068
Location good,"The room smelled of sewage, it should never be like this. This is a definite minus and prevents coming again.",6.0,neutral,positive,0.9998528957366943,negative,0.9755789041519165
"The warm welcome in French, the comfort of the beds, the cleanliness.",The noise emanating from the terrace when located on the 1st floor.,7.0,neutral,positive,0.9986793398857117,negative,0.9927791953086853
"Breakfast ok.
Clean room, comfortable bed.","With the exception of one gentleman at the reception, no other employee was wearing a mask.
The small room, with almost non-existent storage spaces, an extremely small balcony.
Thin walls, all night I heard how other travelers checked in.
At 3 o'clock in the morning, the garbage was picked up from the street, in an infernal mess....
At 7 o'clock in the morning I tried to open the door to the balcony and I was very close to throwing up instantly. It seems that there are some farms nearby... it smelled like concentrated manure....
The adapter found in the room burned/melted 2 phone chargers.",3.0,negative,positive,0.9994020462036133,negative,0.9982920289039612
Excellent attention. Very comfortable bed. Very good shower. The furniture and bathroom are all new and impeccable. Very good WiFi connection. Bars and restaurants nearby.,"In the photo of the room on Booking, you can't see a column that takes up space and is uncomfortable. The balcony on the first floor is very low, not very intimate, close to the street and the hotel lobby, you can even smell the smoke from the cigarettes that smoke there. The safe does not make sense since it is not walled, it does not matter if you leave the money in a bag. They could put shampoo in the bathroom, not just soap. Since there is a kettle and the room ers for two people, they could put 2 coffee sachets and 2 tea sachets, not just 1.",7.0,neutral,positive,0.992970883846283,negative,0.9964823722839355
Cleanliness,The room given was not the one booked. small corner,3.0,negative,positive,0.999058187007904,negative,0.9852365255355835
Clean and spacious room,"Far from the beach. The hotel is average (3 stars) 400 euros for 3 nights a bit expensive. The windows overlooked the courtyard, where it was quite noisy.",7.0,neutral,positive,0.998023271560669,neutral,0.5668272376060486
"- terrace in the room,
- well-furnished room and bathroom,
- location of the object.","- monotonous breakfasts (everyday the same set: 2 eggs, 2 slices of toast, 1/4 grilled mushroom, 1/2 grilled tomato, pepper, 2 small sausages, coffee),
- the relaxation zone (swimming pool, deckchairs, billiards) definitely did not encourage you to use it.",6.0,neutral,negative,0.8657310009002686,negative,0.9961275458335876
"A hotel for those who make a long transfer in Cyprus. That is ""hotel for one night"".
Pros:
1. cleanliness
2. the beach is within walking distance.
3. a couple of taverns in the area
4. near the airport","We lived for a week
1. Bed linen was never changed (cleaning and change of towels daily);
2. the number is microscopic. Rented Nissan Micra and then more;
3. the refrigerator is full of minibar for money, I had to pull everything out so that my products would fit;
4. the hotel did not allow to turn over a couple of hours before the delayed plane;
5. walk to the promenade of Larnaca for about 20 minutes, to Lidl for an hour and a half.
The hotel is really for one night.",6.0,neutral,negative,0.9723000526428223,negative,0.9965395927429199
"Clean, daily change of towels, pleasant and helpful staff, value for money","There was a constant stench coming from outside, lack of storage spaces",7.0,neutral,positive,0.9955673813819885,negative,0.9995020627975464
"Clean, comfortable, nice staff.","The breakfast is delicious but the same. Eat what they bring you. A fruit van drove under the windows almost every day from early morning and the seller shouted into the mouthpiece. Walking distance to the center, but within walking distance of Mackenzie beach and all party cafes.
Poor soundproofing from corridor.",6.0,neutral,positive,0.9998278617858887,negative,0.9970282912254333
"new equipment, good accessibility for reptiles",couldn't close one window,9.0,positive,positive,0.9891425967216492,negative,0.996117115020752
"comfortable and clean room, good location and kind staff",difficulties with the different sockets as they provided devices without adapters.,8.0,positive,positive,0.9997932314872742,negative,0.9955807328224182
perfect welcome even arriving at 4am what we expect for this perfect price!,Nothing,10.0,positive,positive,0.9928597211837769,negative,0.6193379759788513
"The location close to the airport, while being quiet
Check-in at 4am
An exceptional welcome in French
The room is clean, large enough and recent
The outdoor balcony is a plus
The proximity to the beach and the city is a significant asset
There is a bus stop near the hotel which allows you to go to the city center and to the airport.
I recommend 100%",Nothing except the breakfast served at the bar next door (too frugal for the price and very slow service!).,10.0,positive,negative,0.9798715710639954,negative,0.9994221925735474
"A friendly, nice and sympathetic man serving breakfast.","Bed frame structure dangerous, sharp corners.",8.0,positive,positive,0.996732234954834,negative,0.9894900918006897
The stay is worth it only for sleeping before departure. Very kind and helpful staff.,Bad-degraded area. Garbage heap in the bin next to the hotel. Not as clean as it should be inside. Misleading photos.,6.0,neutral,negative,0.9691542983055115,negative,0.9994698166847229
