Title,PositiveReview,NegativeReview,Score,GuestName,GuestCountry,RoomType,NumberOfNights,VisitDate,GroupType,PropertyResponse,cleaned_positive,cleaned_negative,sentiment,polarity_positive,polarity_negative,visit_month,visit_year
Wonderful place to stay.,"New, comfortable apartments, close to the airport, to very clean beach.
Staff is extremely helpful and easy to communicate with 
Tasty food on the first floor, comfortable restaurant for both cozy evenings and calm work to escape the heat in the midday",Nothing at all.,10.0,Olga,Norway,Budget Twin Room,1 night,2022-06-01,Solo traveler,,new comfort apart close airport clean beach staff extrem help easi commun tasti food first floor comfort restaur cozi even calm work escap heat midday,noth,positive,0.2632575757575758,0.0,6,2022
It was superb,"We had a really pleasant stay! The staff was very nice and helpful! The room was very clean, well decorated and modern, although not big. Also, the breakfast was amazing, fresh and handmade! Especially vegetarian version with humus. The cook is great, and all staff was very kind and helpful. I like hotels with a family atmosphere, cozy and not big. I recommend it.",,10.0,Iwona,Poland,Double Room,3 nights,2022-12-01,Family,,realli pleasant stay staff nice help room clean well decor modern although big also breakfast amaz fresh handmad especi vegetarian version humu cook great staff kind help like hotel famili atmospher cozi big recommend,,positive,0.4,0.0,12,2022
Very Good,the location is great and near the airport. bus stop is very close.,,8.0,Ruijia,Sweden,Double Room,1 night,2022-12-01,Solo traveler,,locat great near airport bu stop close,,positive,0.45,0.0,12,2022
Wonderful,"Great stuff
Great Quality/price
Clean",,9.0,Theprincem,United Kingdom,Double Room with Balcony,2 nights,2022-09-01,Solo traveler,,great stuff great qualitypric clean,,positive,0.6555555555555556,0.0,9,2022
"Fantastic value for a new, modern and spotless hotel with lovely management","Clean and modern with very comfortable beds, in a very convenient location.  An easy stroll to numerous nice restaurants and a great beach.",,10.0,M,Switzerland,Family Suite with Balcony,1 night,2022-10-01,Family,,clean modern comfort bed conveni locat easi stroll numer nice restaur great beach,,positive,0.49166666666666664,0.0,10,2022
Wonderful,We only stayed over night before heading to the airport. The room was exceptionally clean with a really comfortable bed,,9.0,Kim,United Kingdom,Double Room with Balcony,1 night,2022-12-01,Couple,,stay night head airport room except clean realli comfort bed,,positive,0.3666666666666667,0.0,12,2022
lovely stop over,great,,8.0,Emma,United Kingdom,Two-Bedroom Suite,1 night,2022-10-01,Family,,great,,positive,0.8,0.0,10,2022
great place for few days to stay,"nice location, lovely personal, renovated,",nothing,10.0,Yuriy,Cyprus,Double Room,1 night,2022-11-01,Couple,,nice locat love person renov,noth,positive,0.55,0.0,11,2022
such helpful hosts.helped us with map .helps with looking after luggage.patient and understanding,couldn't eat breakfast due to dietary restrictions-but very helpful host showed us how nearby bus takes to town-cntre (and airport by the way so no need for 21 euro taxi),maybe possibility of purchasing fresh fruit or veg,10.0,Hanna,Israel,Double Room,1 night,2022-11-01,Family,,couldnt eat breakfast due dietari restrictionsbut help host show u nearbi bu take towncntr airport way need euro taxi,mayb possibl purchas fresh fruit veg,positive,-0.125,0.3,11,2022
Great overnight stay before a flight.,Great modern room comfortable bed and quiet location.,,10.0,Nicholas,United Kingdom,Double Room,1 night,2022-12-01,Solo traveler,,great modern room comfort bed quiet locat,,positive,0.3333333333333333,0.0,12,2022
Exceptional,"My second time here and true to say it was better than the first which was excellent..
The staff here are amazing beyond expectations..*****
Maria at reception is just great she really took time to explain where to go how to get there and so helpful ... 🙏
Richard the chef this guy is like the friendliest guy ever, such a nice guy with a permanent. Smile 😁
Oh yeah the food is great to and very reasonable prices ..
Even the cleaning lady is so friendly and so nice to talk to .
The rooms are spacious and clean great to stay .. I even got an upgrade which is always so nice.
The owners are also great it's like a real caring family set up ...
The bus stop which goes to and from the airport as well as the town center is a minutes walk away and just 2 euros 
I don't think I need to mention where I'll be staying next time I'm in Larnaka.. 😊
Brilliant guys ... 🙏🙏🙏",,10.0,J,Thailand,Double Room with Balcony,3 nights,2022-12-01,Family,Thank you so much for all your nice comments. It was our pleasure hosting you another time. Hope to see you again soon.,second time true say better first excel staff amaz beyond expect maria recept great realli took time explain go get help richard chef guy like friendliest guy ever nice guy perman smile oh yeah food great reason price even clean ladi friendli nice talk room spaciou clean great stay even got upgrad alway nice owner also great like real care famili set bu stop go airport well town center minut walk away euro dont think need mention ill stay next time im larnaka brilliant guy,,positive,0.4017543859649123,0.0,12,2022
"Easy to get to and park. Lovely hotel, great hosts",The staff were exceptional. So helpful and friendly. Went out of their way for us. The breakfast was lovely with room service too. Very clean and comfortable.,Couldn’t stay longer,10.0,Heidi,United Kingdom,Two-Bedroom Suite,1 night,2022-10-01,Family,,staff except help friendli went way u breakfast love room servic clean comfort,couldn’t stay longer,positive,0.43333333333333335,0.0,10,2022
Exceptional,"We stayed 1 week and enjoyed it very much. The rooms are lovely and new, very clean and comfortable. The mattress was to my taste. Short drive to the airport and very well located, just a short walk from the promenade, coffee shops restaurants. The staff are so welcoming, we felt like staying with family. We would definitely stay again on our next visit to Larnaca. Thank you so much for the great time we had with you.",,10.0,Ofira,United States of America,Two-Bedroom Suite,7 nights,2022-12-01,Couple,,stay week enjoy much room love new clean comfort mattress tast short drive airport well locat short walk promenad coffe shop restaur staff welcom felt like stay famili would definit stay next visit larnaca thank much great time,,positive,0.267003367003367,0.0,12,2022
Average hotel for a 1-2 nights stay at best.,We wanted a hotel for a night that is close to the airport and this hotel did that purpose more than fair. There are some restaurants and bars next to the beach just 10min of walking distance from the hotel.,"The receptionist didn't speak English properly, and you have a feeling that people are living in the hotel, rather than staying at a hotel. You can hear the airplanes coming and leaving from the airport all the time, so if you are sensitive to the sounds around you and at night, better to skip this hotel and choose a different one.",8.0,Damir,Bosnia and Herzegovina,Double Room,1 night,2022-11-01,Couple,,want hotel night close airport hotel purpos fair restaur bar next beach min walk distanc hotel,receptionist didnt speak english properli feel peopl live hotel rather stay hotel hear airplan come leav airport time sensit sound around night better skip hotel choos differ one,positive,0.35,0.2590909090909091,11,2022
"Friendly, family run hotel with excellent kitchen","Second visit - Chose really because it was reasonably close to the Airport for an early morning flight, yet could have a stroll along the nearby beach.
The staff make it - particularly reception and the dining room.","Nothing really, though for a stay for more than a few days - it is a bit on the edge of Larnaca - with frequent busses to the centre.",9.0,Thomas,United Kingdom,Double Room with Balcony,1 night,2022-12-01,Couple,,second visit chose realli reason close airport earli morn flight yet could stroll along nearbi beach staff make particularli recept dine room,noth realli though stay day bit edg larnaca frequent bu centr,positive,0.0,0.1,12,2022
Great hotel with great food!,"I liked the rooms- they are spacious, clean, the window view is nice too. The restaurant downstairs is amazing- the food there is very very tasty and made with a lot of care- they care a lot about the details: olive oil galore, herbs- absolutely delicious!",,10.0,Sorin,United Kingdom,Double Room with Balcony,7 nights,2022-11-01,Group,,like room spaciou clean window view nice restaur downstair amaz food tasti made lot care care lot detail oliv oil galor herb absolut delici,,positive,0.48333333333333334,0.0,11,2022
Clean and cozy hotel with very friendly owner close to sandy beach and the airport.,The owner and staff were exceptionally friendly and supportive and helped with all our wishes.  Our room had a balcony with great view of the sea and surrounding area.,-,10.0,Miriam,Germany,Double Room with Balcony,1 night,2022-11-01,Couple,,owner staff except friendli support help wish room balconi great view sea surround area,,positive,0.8,0.0,11,2022
"Friendly, well run family hotel","A family run hotel, with extremely friendly reception and dining staff, very bright, nice seating areas inside and out. Meals well prepared and good value. Bus every 20 minutes to the centre of Larnaka.","Nothing, considering the price",9.0,Thomas,United Kingdom,Double Room with Balcony,1 night,2022-11-01,Couple,,famili run hotel extrem friendli recept dine staff bright nice seat area insid meal well prepar good valu bu everi minut centr larnaka,noth consid price,positive,0.6666666666666666,0.0,11,2022
Nice hotel close to the airport,Close to airport,,8.0,Antti,Finland,Double Room with Balcony,1 night,2022-10-01,Couple,,close airport,,positive,0.0,0.0,10,2022
Exceptional,"location, clean, friendly stuff",,10.0,Ward,Israel,Budget Twin Room,4 nights,2022-11-01,Solo traveler,,locat clean friendli stuff,,positive,0.3666666666666667,0.0,11,2022
Amazing place and amazing people in this hotel.  Highly recommended!,"The hotel is impressive how clean nice and comfortable it is, however what will bring me back is the staff and the owners.  Richard (the chef) is personally buying super fresh food for the restaurant.  Everything from breakfast to dinner is absolutely delicious. The owners have been super kind to me :)",,10.0,Carolina,Netherlands,Double Room with Balcony,4 nights,2022-11-01,Solo traveler,,hotel impress clean nice comfort howev bring back staff owner richard chef person buy super fresh food restaur everyth breakfast dinner absolut delici owner super kind,,positive,0.3619047619047619,0.0,11,2022
Would stay again for sure 😊,"Room was perfect, looked new, clean shiny tiled floors and bathroom tiles, just every inch perfect and clean. Bed was really comfortable, lots of room for me to put my things... although might have needed another set of drawers if there were two of us.","Fridge could have been put on beforehand so it was cold, the shower took a while to get hot, had to have a cold shower one morning as i needed to get out early. When you left it running for around 5 mins it got warm and was a good shower.
Ordered pizza one night and was not great, too stodgy but I'm sure other food is better. The restaurant area is nice and the staff very accomodating.",9.0,Sonya,United Kingdom,Double Room with Balcony,2 nights,2022-11-01,Solo traveler,,room perfect look new clean shini tile floor bathroom tile everi inch perfect clean bed realli comfort lot room put thing although might need anoth set drawer two u,fridg could put beforehand cold shower took get hot cold shower one morn need get earli left run around min got warm good shower order pizza one night great stodgi im sure food better restaur area nice staff accomod,positive,0.573939393939394,0.275,11,2022
"Great stay, would recommend .",the beds were very comfortable,,9.0,Jacqueline,Italy,Two-Bedroom Suite,1 night,2022-11-01,Family,,bed comfort,,positive,0.0,0.0,11,2022
Exceptional,I loved the mattress!!!,,10.0,Sophia,Greece,Double Room,1 night,2022-11-01,Family,,love mattress,,positive,0.5,0.0,11,2022
Exceptional,Clean and quiet,,10.0,Judit,Hungary,Budget Twin Room,1 night,2022-11-01,Family,,clean quiet,,positive,0.18333333333333335,0.0,11,2022
Great stay,"The hotel is 5 minutes from the beach and the location is also near the lake.
The rooms are a good size and are laid out very well with a good size bathroom
The room also has a great sized balcony to take a tea/coffee and 
chill
There is a great restaurant inside where the food is good and not to pricey. 
The staff are super wonderful really friendly all of them the receptionist Maria is so nice she's amazing 
Keep up the great work 👍🏼🙏",Leaving..in fact just re booked the hotel for 2 weeks time 😁,10.0,J,Thailand,Double Room with Balcony,1 night,2022-11-01,Family,"Thank you very much for your nice words, we really appreciate your review. we are happy that you had a great stay at the hotel and happy to see you again on December :)",hotel minut beach locat also near lake room good size laid well good size bathroom room also great size balconi take teacoffe chill great restaur insid food good pricey staff super wonder realli friendli receptionist maria nice she amaz keep great work,leavingin fact book hotel week time,positive,0.6148148148148147,0.0,11,2022
thoroughly satisfied with our choice of hotel,"so comfortable, clean, friendly staff. perfect for overnight stay before flying from Larnaca Airport.",nothing.,10.0,Theresa,Cyprus,Double Room with Balcony,1 night,2022-11-01,Couple,,comfort clean friendli staff perfect overnight stay fli larnaca airport,noth,positive,0.6833333333333333,0.0,11,2022
Wonderful,Staff is very polite and caring. Thank you,Surrounding buildings are under construction and poorly lit.,9.0,Sisakyan,Armenia,Double Room,1 night,2022-11-01,Family,,staff polit care thank,surround build construct poorli lit,positive,0.0,0.0,11,2022
staff was wonderful. very accommodating and the food service and quality was very good. this was our second stay.,very clean functional rooms. lovely and very helpful staff.,I would have liked an ironing board in the room.,9.0,Paraskevou,United States of America,Double Room with Balcony,1 night,2022-11-01,Couple,,clean function room love help staff,would like iron board room,positive,0.43333333333333335,0.0,11,2022
A lovely hotel,Staff were lovely. Service was great.  The room was spotless. Great location for restaurants. Great location for a short drive to the airport.,Not applicable,10.0,Karen,United Kingdom,Double Room,1 night,2022-11-01,Couple,,staff love servic great room spotless great locat restaur great locat short drive airport,applic,positive,0.5800000000000001,0.0,11,2022
Nice vibe,"Clean, comfortable, friendly staff. Great restaurant beneath the hotel - food excellent & reasonably priced. Very close to Mackenzy beach & Larnaca airport. We would definitely stay there again",All good,10.0,Helen,United Kingdom,Double Room with Balcony,2 nights,2022-11-01,Couple,,clean comfort friendli staff great restaur beneath hotel food excel reason price close mackenzi beach larnaca airport would definit stay,good,positive,0.5833333333333334,0.7,11,2022
Exceptional,The bed was great. Rooms clean. Staff were so kind.,Nothing.,10.0,Christina,Canada,Double Room with Balcony,2 nights,2022-11-01,Solo traveler,,bed great room clean staff kind,noth,positive,0.5888888888888889,0.0,11,2022
Highly recommend these apartments.,"Very helpful staff, super clean room with modern furniture all together make your stay max comfortable. Sure worth it to come back again.
Option to have a good breakfast within the hotel save your time.
Highly recommend these apartments.",Little bit noisy during evening time from the street side. I believe it doesn't disturb you in case you choose the garden view apartments or just close the windows and start the air conditioning ),10.0,Vasyl,Ukraine,Double Room with Balcony,4 nights,2022-11-01,Solo traveler,,help staff super clean room modern furnitur togeth make stay max comfort sure worth come back option good breakfast within hotel save time highli recommend apart,littl bit noisi even time street side believ doesnt disturb case choos garden view apart close window start air condit,positive,0.34285714285714286,0.0,11,2022
group of 5 stayed for 2 night. room was spacious and the beds were comfortable. ideal location as close to the airport a,"welcoming 
value for money 
location",more hooks on walls for towels etc.,8.0,David,United Kingdom,Suite with Balcony,2 nights,2022-11-01,Group,,welcom valu money locat,hook wall towel etc,positive,0.0,0.0,11,2022
Very Good,,"There was a problem with heating water at that time and we can understand, but eventually we couldn't manage to have a proper shower with hot water.",8.0,G,Cyprus,Double Room,1 night,2022-11-01,Family,,,problem heat water time understand eventu couldnt manag proper shower hot water,positive,0.0,0.125,11,2022
"We were on 4 days stop over, if on main holiday would book a larger hotel","When we arrived, we were surprised at the location in a small side street, but it was only a 10-minute walk to the sea front. The receptionist on check in was very good and explained the information very clearly to us. The room was smaller than I expected but as we were only there a few days it was acceptable. I am very fussy about beds and pillows, but I had no problem as they were very clean, and the bed was really comfortable.
The chef was very polite, and his food was excellent, he had passion and it showed in his presentation. We may have missed it but there was no opening and closing times of the bar on display.",Nothing except not showing opening times.,8.0,Victoria,Cyprus,Budget Twin Room,4 nights,2022-10-01,Couple,,arriv surpris locat small side street minut walk sea front receptionist check good explain inform clearli u room smaller expect day accept fussi bed pillow problem clean bed realli comfort chef polit food excel passion show present may miss open close time bar display,noth except show open time,positive,0.1361111111111111,0.0,10,2022
Perfect if you are looking for somewhere close to Larnaca airport,"Really clean ,  lovely caring staff. food was good too!",Nothing really. The bus to the airport is close by and runs every 15 minutes.,9.0,Tim,United Kingdom,Double Room with Balcony,1 night,2022-11-01,Couple,,realli clean love care staff food good,noth realli bu airport close run everi minut,positive,0.5222222222222223,0.0,11,2022
perfect location prior to our early morning flight,great rooms - nice and cool,,10.0,Rebecca,United Kingdom,Two-Bedroom Suite,1 night,2022-11-01,Group,,great room nice cool,,positive,0.5833333333333334,0.0,11,2022
Very Good,It was really clean and spacious,,8.0,Aleksandr,Turkey,Two-Bedroom Suite,1 night,2022-10-01,Solo traveler,,realli clean spaciou,,positive,0.3666666666666667,0.0,10,2022
"The room was bijou but for the money, served it’s purpose adequately 😀","Nice location, not far from Airport and Mackenzie beach.","My only real observation was that there was no net curtain or blind so one needed to ensure that the curtain was closed, especially when going for a shower as the room is opposite some apartments that have a clear view into the room!",8.0,Paulo,Portugal,Double Room with Balcony,3 nights,2022-10-01,Solo traveler,,nice locat far airport mackenzi beach,real observ net curtain blind one need ensur curtain close especi go shower room opposit apart clear view room,positive,0.35,-0.05,10,2022
Lovely place to stay close to the beach,"Super friendly and helpful staff. A good location 5 lins away from the airport by car, 5 mins walk to the beach. Clean modern rooms, very nice breakfast.","It is typical of all restaurants in the area - the kitchen shuts at 22:30 or so, and there is no food to be had afterwards. I would just flag that ahead of time in the welcome email to those arriving from the UK (most early afternoon flights land after 23:00) and have something like nuts / chips available to buy on arrival.",9.0,Anastasia,United Kingdom,Double Room with Balcony,1 night,2022-10-01,Couple,,super friendli help staff good locat lin away airport car min walk beach clean modern room nice breakfast,typic restaur area kitchen shut food afterward would flag ahead time welcom email arriv uk earli afternoon flight land someth like nut chip avail buy arriv,positive,0.43999999999999995,0.0,10,2022
Exceptional,hospitality,clean,10.0,Joseph,Lebanon,Double Room with Balcony,5 nights,2022-10-01,Solo traveler,,hospit,clean,positive,0.0,0.3666666666666667,10,2022
Very Good,clean spacious practical,,8.0,Chahrazade,United Kingdom,Double Room,1 night,2022-10-01,Solo traveler,,clean spaciou practic,,positive,0.3666666666666667,0.0,10,2022
Very Good,"The facilities were really good, particularly for the tariff charged. Was met with a warm welcome at reception and then again by the dining staff.","Outside was a but noisy later in the evening, but that's not within the hotels control",8.0,Moyra,United Kingdom,Double Room with Balcony,1 night,2022-10-01,Solo traveler,,facil realli good particularli tariff charg met warm welcom recept dine staff,outsid noisi later even that within hotel control,positive,0.6499999999999999,0.0,10,2022
Freshly renovated and great,"Recently updated, everything was me and clean. Restaurant was a surprise hit: good food, very reasonably priced, so an easy choice to eat at the hotel when we wouldn't usually. The beach is about 5 minutes walk away.","There is a bit of plane noise in the afternoon and evening because it is right near the takeoff end of the runway, but next to no departures in the morning, so not a problem",10.0,James,Ireland,Two-Bedroom Suite,1 night,2022-10-01,Family,,recent updat everyth clean restaur surpris hit good food reason price easi choic eat hotel wouldnt usual beach minut walk away,bit plane nois afternoon even right near takeoff end runway next departur morn problem,positive,0.20416666666666666,0.12857142857142856,10,2022
Exceptional,Great value for money,,10.0,Ronen,Israel,Double Room with Balcony,1 night,2022-10-01,Couple,,great valu money,,positive,0.8,0.0,10,2022
Wonderful,very helpful staff who organised a taxi to collect us in the morning. Good value for money.,,9.0,Derek,United Kingdom,Double Room,1 night,2022-10-01,Group,,help staff organis taxi collect u morn good valu money,,positive,0.7,0.0,10,2022
Grear option near the airport,"Clean and comfortable rooms, lovely owner",,9.0,M,Switzerland,Two-Bedroom Suite,1 night,2022-10-01,Family,,clean comfort room love owner,,positive,0.43333333333333335,0.0,10,2022
Great location close to airport and sea,Great location close to the airport and a short walk to the sea. Great value for money. The 2 rooms were big enough for a family of 5.,,9.0,Yafit,Israel,Two-Bedroom Suite,1 night,2022-10-01,Family,,great locat close airport short walk sea great valu money room big enough famili,,positive,0.32,0.0,10,2022
Exceptional,Great little hotel close to airport,Not very Soundproof,10.0,Sneaky,Cyprus,Double Room,1 night,2022-10-01,Family,,great littl hotel close airport,soundproof,positive,0.8,0.0,10,2022
very good,"Near airport, nice clean room, very well kept. staff very helpful and friendly. good food",,10.0,Mauricio,United States of America,Two-Bedroom Suite,1 night,2022-10-01,Group,,near airport nice clean room well kept staff help friendli good food,,positive,0.44166666666666665,0.0,10,2022
Exceptional,Everything was good❤❤❤❤,Nothing,10.0,Hamidreza,Austria,Double Room with Balcony,1 night,2022-10-01,Family,,everyth good,noth,positive,0.7,0.0,10,2022
Exceptional,"nice, renovated hotel, close to the airport and Mackenzie Beach, delicious breakfasts in the hotel restaurant, comfortable bed",,10.0,Karina,Poland,Double Room,2 nights,2022-10-01,Solo traveler,,nice renov hotel close airport mackenzi beach delici breakfast hotel restaur comfort bed,,positive,0.6,0.0,10,2022
Exceptional,Very nice and clean room.,,10.0,Nikos,Cyprus,Double Room with Balcony,1 night,2022-10-01,Family,,nice clean room,,positive,0.48333333333333334,0.0,10,2022
Good for 1 night,Good for airport transfers,A lot of mosquitos,9.0,Kateryna,Cyprus,Double Room with Balcony,1 night,2022-09-01,Couple,,good airport transfer,lot mosquito,positive,0.7,0.0,9,2022
Exceptional,"Perfect place to stay for early morning / late night flights as it’s situated within 5 minutes from the airport. 
beds are extremely comfortable and amazing hospitality from the staff.","given that a lot of guests book here for its prime location near the airport, it would’ve been great if breakfast started at 7 rather than 8. but that’s just a suggestion, everything was perfect
for one nights stay.",10.0,Ahmed,Belgium,Double Room with Balcony,1 night,2022-10-01,Solo traveler,,perfect place stay earli morn late night flight it’ situat within minut airport bed extrem comfort amaz hospit staff,given lot guest book prime locat near airport would’v great breakfast start rather that’ suggest everyth perfect one night stay,positive,0.35,0.6333333333333333,10,2022
"Comfortable, clean, friendly place","Very clean, very comfortable room. Staff was extremely helpful. They ordered a taxi for us to get to the airport very early in the morning. We were able to enjoy a very nice, short walk to the beach where there were many restaurants available to choose from. We will definitely stay here again when we come back to Larnaca.",,10.0,Samuel,United States of America,Double Room with Balcony,1 night,2022-10-01,Couple,,clean comfort room staff extrem help order taxi u get airport earli morn abl enjoy nice short walk beach mani restaur avail choos definit stay come back larnaca,,positive,0.2733333333333333,0.0,10,2022
Very Good,"Close to the airport, the staff were nice and helpful.",The room wasn't soundproof so you can hear the planes.,8.0,Itay,Israel,Double Room with Balcony,1 night,2022-10-01,Family,,close airport staff nice help,room wasnt soundproof hear plane,positive,0.6,0.0,10,2022
Very nice and good value for money,Close to airport so very convenient for overnight stay. Also very easy to check-in if you arrive late at night,N/a,8.0,Edward,United Kingdom,Two-Bedroom Suite,1 night,2022-10-01,Family,,close airport conveni overnight stay also easi checkin arriv late night,na,positive,-0.3,0.0,10,2022
Lovely hotel,Arrived in the early hours clear instructions left access to our room made easy 😊,,10.0,Clare,United Kingdom,Double Room with Balcony,1 night,2022-09-01,Family,,arriv earli hour clear instruct left access room made easi,,positive,0.049999999999999996,0.0,9,2022
excellent arrangements made to cope with midnight arrival,Excellent range of food offered and good service.,no issues for overnight stay,8.0,Stuart,United Kingdom,Double Room,1 night,2022-10-01,Couple,,excel rang food offer good servic,issu overnight stay,positive,0.7,0.0,10,2022
Convenient  night near airport,"Comfortable location near the airport, and near the beach.
Caring and helpful host.
Restaurant on site
Comfortable beds, the best linen and duvets I had
 in my entire 10 day trip.
In room mini bar+ tea/ coffee 
Clean modern bathroom.
Good AC.","We liked La Veranda
Our son had a folding bed which could have been better, especially considering how comfortable the regular beds were.",9.0,Lydia,Israel,Standard Triple Room,1 night,2022-10-01,Family,,comfort locat near airport near beach care help host restaur site comfort bed best linen duvet entir day trip room mini bar tea coffe clean modern bathroom good ac,like la veranda son fold bed could better especi consid comfort regular bed,positive,0.41111111111111115,0.25,10,2022
Was by far too short.I’ll be back in February. Please don’t change anything in the meantime!,It’s been renovated to a exceptionally high standard and it really is well up to 4* standard. Exceptional value .,I cannot find a single negative point…which is unusual. Having spent 45 years travelling as part of work I am perhaps over critical.,10.0,Philip,United Arab Emirates,Budget Twin Room,2 nights,2022-10-01,Solo traveler,,it’ renov except high standard realli well standard except valu,cannot find singl neg point…which unusu spent year travel part work perhap critic,positive,0.05333333333333334,-0.1,10,2022
Cosy new hotel near the airport,"We were looking for the hotel close to the airport, and it was a perfect match. The hotel is located in a close proximity to the airport (5 min by car or 10 min by bus). We arrived late and were super hungry, so we decided to eat in the place at the ground floor. Even though the kitchen was closing, they made us a pizza which was really nice. The room was new and clean, the staff reached out in advance and provided us with the detailed instructions of how to get to the room when reception closes.","If you are looking for a quiet stay, you should be aware that the hotel is really close to the airport, so you can hear all the noise from the planes.",10.0,Nataliya,Israel,Double Room,1 night,2022-10-01,Couple,,look hotel close airport perfect match hotel locat close proxim airport min car min bu arriv late super hungri decid eat place ground floor even though kitchen close made u pizza realli nice room new clean staff reach advanc provid u detail instruct get room recept close,look quiet stay awar hotel realli close airport hear nois plane,positive,0.356060606060606,0.0,10,2022
would definitely be staying here again. planning more trips to Cyprus and this is among our first choices of stay,"The property was clean, bed was comfortable and the food and staff were really good. Location was great and easy to get to and from.",n/A,10.0,Joshua,United Kingdom,Double Room with Balcony,9 nights,2022-10-01,Couple,,properti clean bed comfort food staff realli good locat great easi get,na,positive,0.6222222222222222,0.0,10,2022
Le Veranda a welcome rest and refresh,"The location was perfect for the airport as we were flying out to uk. The entrance to the hotel is welcoming and the bar and coffee shop chic.
The gentleman  in reception was very friendly and had a lovely smile. 
The place was spotless and very comfortable. 
I would definitely recommend it and will be staying here again.
The fish and steak restaurant around the corner was also great value and friendly.",,9.0,Oonagh,Cyprus,Double Room,1 night,2022-10-01,Couple,,locat perfect airport fli uk entranc hotel welcom bar coffe shop chic gentleman recept friendli love smile place spotless comfort would definit recommend stay fish steak restaur around corner also great valu friendli,,positive,0.65,0.0,10,2022
amazing,friendly staff,nothing so far,8.0,Chouity,Qatar,Budget Twin Room,2 nights,2022-10-01,Solo traveler,,friendli staff,noth far,positive,0.0,0.1,10,2022
Exceptional,"Friendly, good value, clean",,10.0,Julie,United Kingdom,Double Room,1 night,2022-10-01,Solo traveler,,friendli good valu clean,,positive,0.5333333333333333,0.0,10,2022
Exceptional,"The place and the people are lovely, I couldn't ask for more during my stay especially with such a price.",,10.0,Ynaiim,Lebanon,Double Room with Balcony,1 night,2022-09-01,Couple,,place peopl love couldnt ask stay especi price,,positive,0.5,0.0,9,2022
Holiday,Peaceful and clean friendly helpful staff,Nothing,10.0,Sally,United Kingdom,Double Room with Balcony,3 nights,2022-10-01,Family,,peac clean friendli help staff,noth,positive,0.3666666666666667,0.0,10,2022
direct bus access to the airport,"We arrived after midnight. Got very clear instructions how to get access to our room. The staff of the hotel is extremely friendly and nice.
The bus stop with direct access to the airport is a few steps from the accommodation. the airport can be reached in a few minutes. at the same time, Mackenzie beach is also easily accessible on foot.","there is no shop or pharmacy in the area, but the accommodation cannot do anything about this. overall, we are extremely satisfied.",10.0,Voko,Hungary,Double Room,2 nights,2022-09-01,Couple,,arriv midnight got clear instruct get access room staff hotel extrem friendli nice bu stop direct access airport step accommod airport reach minut time mackenzi beach also easili access foot,shop pharmaci area accommod cannot anyth overal extrem satisfi,positive,0.26666666666666666,0.0,9,2022
Wonderful,I arrived late. I received very clear instructions how to enter the hotel and access my room.,,9.0,Michael,Lebanon,Double Room,1 night,2022-10-01,Solo traveler,,arriv late receiv clear instruct enter hotel access room,,positive,-0.1,0.0,10,2022
Exceptional,Lovely staff doing best to assist always. wonderful room.,,10.0,Mads,Denmark,Double Room with Balcony,1 night,2022-09-01,Solo traveler,,love staff best assist alway wonder room,,positive,0.75,0.0,9,2022
Excellent stay,"The hotel is based on a quiet place near to the airport, beach and the Salt Lake in the city. The location is excellent, as there are lots of parking places around, as well. Regarding the rooms - very clean and cozy ones, with comfortable beds. Furthermore, there is a restaurant in the hotel with delicious food. The staff of the hotel is extremely friendly and nice.",-,10.0,Yoana,Bulgaria,Double Room,1 night,2022-09-01,Couple,,hotel base quiet place near airport beach salt lake citi locat excel lot park place around well regard room clean cozi one comfort bed furthermor restaur hotel delici food staff hotel extrem friendli nice,,positive,0.05333333333333332,0.0,9,2022
Very Good,,Disappointed we didn't have a balcony,8.0,Juan,Cyprus,Double Room,1 night,2022-10-01,Couple,Thank you for your comment.  we have options of rooms with and without balcony. You choose the room without balcony in your reservation and we provided you the appropriate room accordingly.,,disappoint didnt balconi,positive,0.0,0.0,10,2022
"Nice, clean hotel, efficient and respectful staff",Feels new and clean with perfect location nearby the beach 🏖,,10.0,Marwan,Jordan,Double Room with Balcony,1 night,2022-10-01,Solo traveler,,feel new clean perfect locat nearbi beach,,positive,0.501010101010101,0.0,10,2022
Exceptional,The staff is very VERY helpful and eager to assist. All went amazing!,we’d love to stay longer 🥲,10.0,Hanna,Belarus,Double Room with Balcony,3 nights,2022-10-01,Solo traveler,,staff help eager assist went amaz,we’d love stay longer,positive,0.0,0.5,10,2022
perfect,"Nice friendly staff. clean, nice room, big bathroom",nothing,10.0,Kevin,United Kingdom,Standard Triple Room,1 night,2022-10-01,Family,,nice friendli staff clean nice room big bathroom,noth,positive,0.39166666666666666,0.0,10,2022
Exceptional,New clean setup with friendly helpful staff,All good,10.0,Omid,United Arab Emirates,Double Room with Balcony,4 nights,2022-10-01,Family,,new clean setup friendli help staff,good,positive,0.2515151515151515,0.7,10,2022
High quality/price ratio.,"It is a new hotel. Everything was clean. 
We had dinner. It was delicious and inexpensive. 
Mc Kenzie Beach within walking distance.",,9.0,S,Netherlands,Budget Twin Room,1 night,2022-09-01,Couple,,new hotel everyth clean dinner delici inexpens mc kenzi beach within walk distanc,,positive,0.2515151515151515,0.0,9,2022
"Quaint, clean, comfortable bright room with great WiFi and AC.",Close to the airport and clean spacious rooms.,No 24 hour reception so not easy to access entry at odd hours.,8.0,Zainab,United Kingdom,Two-Bedroom Suite,1 night,2022-09-01,Group,,close airport clean spaciou room,hour recept easi access entri odd hour,positive,0.3666666666666667,-0.16666666666666666,9,2022
everything perfect,"Amazing staff 
super clean 
modern 
great location",,10.0,Patrycja,United States of America,Double Room with Balcony,1 night,2022-09-01,Couple,,amaz staff super clean modern great locat,,positive,0.425,0.0,9,2022
Wonderful,Stuff was very nice and friendly. Room was clean and comfortable.,The location was a little bit far from the centre.,9.0,Vaghinak,Armenia,Double Room,3 nights,2022-09-01,Couple,,stuff nice friendli room clean comfort,locat littl bit far centr,positive,0.48333333333333334,0.1,9,2022
My stay was very good and I most certainly will go back to this hotel again when I go to Larnaca,"The breakfast was very good plenty of selection and very good staff serving you as a values customer and so very polite and caring at all times. Could not seem to do enough for their guests, Every thing was spotless clean in the breakfast room","The only thing was they did not a have pool, but however had plenty of chairs to sot on outside in the garden which also was spotlessly clean everywhere too.",10.0,Deacon,United Kingdom,Double Room with Balcony,9 nights,2022-09-01,Solo traveler,,breakfast good plenti select good staff serv valu custom polit care time could seem enough guest everi thing spotless clean breakfast room,thing pool howev plenti chair sot outsid garden also spotlessli clean everywher,positive,0.44166666666666665,0.3666666666666667,9,2022
Very Good,"Good food in the restaurant downstairs, friendly personnel",The room wasn't clean when we checked in. So they finished the cleaning after our complaint,8.0,Nikolaj,Slovakia,Double Room with Balcony,7 nights,2022-08-01,Family,"Thank you for your comments; actually the check-in time at the hotel is 2pm. You told us that you plan to arrive at 11 AM, we tried to make the room ready upon your arrival but  this depends on the check-out  of the guest occupying the room before you, as the check-out time is 12pm.  We are sorry we couldn’t satisfy you in this matter.",good food restaur downstair friendli personnel,room wasnt clean check finish clean complaint,positive,0.7,0.14444444444444446,8,2022
Wonderful,,Lovely little hotel with very friendly staff. Breakfast was excellent.,9.0,Jacqui,United Kingdom,Double Room with Balcony,1 night,2022-09-01,Couple,,,love littl hotel friendli staff breakfast excel,positive,0.0,0.5,9,2022
Nice Stay,"Super friendly staff, nice restaurant.",,10.0,Anna,United Kingdom,Double Room,1 night,2022-09-01,Solo traveler,,super friendli staff nice restaur,,positive,0.4666666666666667,0.0,9,2022
Exceptional,Clean comfortable little hotel. Lovely friendly staff. Good location and easily reached from the airport.,Nothing. It was perfect for my stay.,9.6,Sarah,United Kingdom,Double Room with Balcony,1 night,2022-09-01,Solo traveler,,clean comfort littl hotel love friendli staff good locat easili reach airport,noth perfect stay,positive,0.5222222222222223,1.0,9,2022
"Clean, friendly, great price","We had a horrible 4am arrival, instructions for access were sent in advance and absolutely perfect. In a clean, comfortable bed within minutes of arrival.",N/a,10.0,Merrony,United Kingdom,Budget Twin Room,1 night,2022-09-01,Family,,horribl am arriv instruct access sent advanc absolut perfect clean comfort bed within minut arriv,na,positive,0.6833333333333333,0.0,9,2022
very comfortable,"position,staff and very clean",parking not always easy,10.0,Kevin,United Kingdom,Budget Twin Room,1 night,2022-09-01,Couple,,positionstaff clean,park alway easi,positive,0.3666666666666667,0.0,9,2022
We arrived really late at night and the bar stayed open and even made us some food .,"Close to Larnaca airport. 
Very nice rooms that were very clean. 
helpful, friendly staff.",,10.0,Andrea,United Kingdom,Double Room with Balcony,1 night,2022-09-01,Couple,,close larnaca airport nice room clean help friendli staff,,positive,0.48333333333333334,0.0,9,2022
Very Good,"we did late night check in, that was super easy and comfortable",it was a bit badly soundproofed,8.0,Lina,Germany,Budget Twin Room,1 night,2022-09-01,Couple,,late night check super easi comfort,bit badli soundproof,positive,0.016666666666666663,0.0,9,2022
Very clean and welcoming place to wait for your coming flight,"New room, very comfortable. Nice restaurant in the same building very welcoming with nice offer. Bus stop for the airport walkable.
Francais parlé parfaitement",The location of the place is more a waiting position for your next flight at the Larnaka airport than a beach stay.,8.0,Anne-caroline,France,Double Room with Balcony,1 night,2022-09-01,Family,,new room comfort nice restaur build welcom nice offer bu stop airport walkabl francai parlé parfait,locat place wait posit next flight larnaka airport beach stay,positive,0.4454545454545455,0.0,9,2022
Exceptional,"The best hotel at Mackenzie! Amazing staff, modern facility and very tasty food with a super service at the restaurant by the hotel.",,10.0,Anna,Russia,Double Room with Balcony,2 nights,2022-06-01,Solo traveler,,best hotel mackenzi amaz staff modern facil tasti food super servic restaur hotel,,positive,0.5111111111111111,0.0,6,2022
"great value, clean and comfy airport hotel - would recommend",clean and quiet - perfect location for the airport,,9.0,Charlotte,United Kingdom,Double Room with Balcony,1 night,2022-09-01,Couple,,clean quiet perfect locat airport,,positive,0.45555555555555555,0.0,9,2022
very cute,"the staff is very nice, the room is very comfortable.",some of the towels were dirty,9.0,Sharon,Israel,Double Room with Balcony,1 night,2022-09-01,Couple,,staff nice room comfort,towel dirti,positive,0.6,0.0,9,2022
Wonderful,"The food we had was excellent, service was excellent we will go back.",,9.0,Mr,United Kingdom,Double Room with Balcony,11 nights,2022-09-01,Couple,,food excel servic excel go back,,positive,0.0,0.0,9,2022
Wonderful,"We used the hotel only for one night because it is close to the airport. but i must admit the location offers some nice places for at least a two-nights stay for sure. The nearby beach (mackenzie) is nice, long, with some cool and fancy bars. there is also the salt lake which I wished to visit but didn't have time. The Hotel itself was very nice, spacious, clean and modern. Only thing I didn't like were the blankets - too thick for this incredible hot hot hot weather.",,9.0,Miriam,Czech Republic,Budget Twin Room,1 night,2022-09-01,Solo traveler,,use hotel one night close airport must admit locat offer nice place least twonight stay sure nearbi beach mackenzi nice long cool fanci bar also salt lake wish visit didnt time hotel nice spaciou clean modern thing didnt like blanket thick incred hot hot hot weather,,positive,0.25512820512820517,0.0,9,2022
worth it!!!,very clean and the staff was wonderful,...,8.0,Flavio,Italy,Double Room with Balcony,1 night,2022-09-01,Couple,,clean staff wonder,,positive,0.3666666666666667,0.0,9,2022
It was incredible!,"really clean, exceptional staff, incredibly polite, highly recommend",,10.0,Pavel,Bulgaria,Double Room with Balcony,3 nights,2022-09-01,Couple,,realli clean except staff incred polit highli recommend,,positive,0.3666666666666667,0.0,9,2022
Absolutely loved my stay at La Veranda. The location was perfect.,The staff were very hospitable and very helpful.,The cupboards/wardrobes need doors and they should be drawers in the room to keep the rooms tidy.,9.0,Melissa,United Kingdom,Double Room,9 nights,2022-08-01,Group,,staff hospit help,cupboardswardrob need door drawer room keep room tidi,positive,0.0,0.0,8,2022
Pleasant stay!,"Nice modern and clean rooms. The location is excellent close to Airport, Makenzie  beach and touristic area, and bus stop going from Airport to town is few meters away. Very friendly staff.
Highly recommended.",Nothing,10.0,Michelle,Lebanon,Double Room,1 night,2022-09-01,Couple,,nice modern clean room locat excel close airport makenzi beach tourist area bu stop go airport town meter away friendli staff highli recommend,noth,positive,0.3888888888888889,0.0,9,2022
Very Good,"The room was recently refurbished and very spatious. Nice view of the salt lake by the terrace.
Sinks and toilette separated by a door inside the bathroom.",No soap or shampoo in the shower. There was hand soap instead.,8.0,Luca,Italy,Suite with Balcony,1 night,2022-08-01,Group,,room recent refurbish spatiou nice view salt lake terrac sink toilett separ door insid bathroom,soap shampoo shower hand soap instead,positive,0.3,0.0,8,2022
Exceptional,"Quiet place, good rooms",,10.0,Taras,Ukraine,Double Room with Balcony,1 night,2022-09-01,Family,,quiet place good room,,positive,0.35,0.0,9,2022
Short&sweet,"We only stayed for a night but we were super happy with our stay at the La Veranda Hotel. The staff was super nice, the rooms were very clean and the bathroom was spacious.",I liked everything about the property,10.0,Nadja,Serbia,Double Room,1 night,2022-09-01,Couple,,stay night super happi stay la veranda hotel staff super nice room clean bathroom spaciou,like everyth properti,positive,0.4083333333333333,0.0,9,2022
Accommodation in a residential area near the airport,We used the accommodation for one night before departure. The advantage is the proximity to the airport—very comfortable beds.,"The hotel staff should learn better English - confusing the term ""fridge"" and ""freezer"" can be fatal for a person with diabetes. The team froze our insulin, meaning it was unusable. Luckily we flew home the next day. If it happened before the holidays, we've got the entertainment covered.",9.0,Lenka,Czech Republic,Two-Bedroom Suite,1 night,2022-09-01,Family,,use accommod one night departur advantag proxim airport—veri comfort bed,hotel staff learn better english confus term fridg freezer fatal person diabet team froze insulin mean unus luckili flew home next day happen holiday weve got entertain cover,positive,0.0,0.046875,9,2022
Freshly redocorated hotel with large rooms and very convenient for the airport.,Rooms large and newly redecorated in a contemporary style. Bed very comfortable. Very convenient for the airport. Breakfast was excellent.,Nothing,9.0,Rosalyn,Cyprus,Double Room with Balcony,1 night,2022-09-01,Couple,,room larg newli redecor contemporari style bed comfort conveni airport breakfast excel,noth,positive,0.0,0.0,9,2022
"brilliant place to stay,great proximity to airport,beaches and restaurants",everything,nothing,9.0,Kevin,United Kingdom,Double Room with Balcony,2 nights,2022-09-01,Couple,,everyth,noth,positive,0.0,0.0,9,2022
Exceptional,"Clean hotel, lovely rooms with comfortable beds. Great location for overnight stay for late flights. Very helpful staff",,10.0,Lisa,United Kingdom,Double Room with Balcony,1 night,2022-09-01,Family,,clean hotel love room comfort bed great locat overnight stay late flight help staff,,positive,0.3416666666666667,0.0,9,2022
Great place near the airport,"I went there while on transit in Larnaca, the building is completely refurbished, it is confortable and the self check in was very easy.",,10.0,Robchahine,Lebanon,Double Room,1 night,2022-09-01,Solo traveler,,went transit larnaca build complet refurbish confort self check easi,,positive,0.0,0.0,9,2022
Very good basic hotel if you just need a comfortable room for a night,spotlessly clean. Excellent for airport and Mackenzie beach,Nothing,8.0,Cathy,Cyprus,Double Room,1 night,2022-09-01,Couple,,spotlessli clean excel airport mackenzi beach,noth,positive,0.3666666666666667,0.0,9,2022
excellent,recently refurbished,"very nice restaurant, good food and service",9.0,Arunas,United Kingdom,Double Room,1 night,2022-08-01,Couple,,recent refurbish,nice restaur good food servic,positive,0.0,0.6499999999999999,8,2022
Excellent 👍,"Everything was very good. Staff very polite and helpful. Rooms are clean. Breakfast was delicious. Hotel is near to the beach, airport and bus station.",,10.0,Jelena,Serbia,Double Room,2 nights,2022-08-01,Family,,everyth good staff polit help room clean breakfast delici hotel near beach airport bu station,,positive,0.3888888888888889,0.0,8,2022
Wonderful,"I really enjoyed this place. It didn't have a pool but it was 10 minutes from the airport by taxi, 15 by shuttle bus. There are also connecting buses from ayia napa to this hotel via Larnaca which we used for our early morning start from Larnaca Airport. McKenzie beach is close by, and the food restaurants off the opposite beach were only a ten minute walk.
Air con and fridge in rooms with a bottle of water provided. 
Perfect for our short stay and the hotel was immaculately clean. I was particularly impressed when the staff emailed me via booking.com and after asking me what time I was arriving (the hotel is not manned 24/7 but arrangements are made to collect your room key in the hotel if you are arriving outside of normal hours), told me which bus routes I needed to take.
Very impressed however anything longer than a 2 night stay and you may get a little bored.
Highly recommended",I have no complaints. 👍,9.0,Gary,United Kingdom,Two-Bedroom Suite,1 night,2022-09-01,Family,,realli enjoy place didnt pool minut airport taxi shuttl bu also connect bu ayia napa hotel via larnaca use earli morn start larnaca airport mckenzi beach close food restaur opposit beach ten minut walk air con fridg room bottl water provid perfect short stay hotel immacul clean particularli impress staff email via bookingcom ask time arriv hotel man arrang made collect room key hotel arriv outsid normal hour told bu rout need take impress howev anyth longer night stay may get littl bore highli recommend,complaint,positive,0.2738095238095238,-0.3,9,2022
Exceptional,"Stuff in the hotel were very helpful and nice, my stay in la veranda was perfect, mackenzie beach is few minutes, airport near, best location in larnaca.",,10.0,Sasha,Serbia,Double Room,3 nights,2022-09-01,Solo traveler,,stuff hotel help nice stay la veranda perfect mackenzi beach minut airport near best locat larnaca,,positive,0.675,0.0,9,2022
Perfect location,"clean, air conditioned, close to the airport",,10.0,Petya,Austria,Standard Triple Room,1 night,2022-08-01,Family,,clean air condit close airport,,positive,0.3666666666666667,0.0,8,2022
The perfect hotel next to the airport,"The location next to the airport is great for flights very early in the morning, because it only takes you 5 minutes to get to the airport. 
The beach is a 10 minutes walk away",,8.0,Nicole,Austria,Double Room,1 night,2022-08-01,Couple,,locat next airport great flight earli morn take minut get airport beach minut walk away,,positive,0.4,0.0,8,2022
"perfect choice, good job guys!","location near the airport and beach 10/10.
front desk are absolutely perfect 10/10
hotel restaurant delicious! 10/10
the room perfect! 
nothing to say,",,10.0,Ilan,Israel,Double Room with Balcony,1 night,2022-08-01,Couple,,locat near airport beach front desk absolut perfect hotel restaur delici room perfect noth say,,positive,0.7000000000000001,0.0,8,2022
A warm welcome and a great place to stay!,"The room was clean and comfortable with everything I needed including a fridge and kettle. The shower was great, the air con worked well. It's in a great location for the airport and the beach. But what made La Veranda stand out was the fantastic service, they couldn't have been friendlier, kinder or more helpful and it made a massive difference for me as they were able to accommodate my specific needs, for which I was extremely grateful!",I liked everything!,10.0,Alice,United Kingdom,Double Room,2 nights,2022-07-01,Solo traveler,,room clean comfort everyth need includ fridg kettl shower great air con work well great locat airport beach made la veranda stand fantast servic couldnt friendlier kinder help made massiv differ abl accommod specif need extrem grate,like everyth,positive,0.6555555555555556,0.0,7,2022
Wonderful,Helpful staff and close to airport,The room was small but adequate,9.0,James,United States of America,Budget Twin Room,1 night,2022-08-01,Group,,help staff close airport,room small adequ,positive,0.0,-0.25,8,2022
"Super clean, new rooms, lacks some amenities","- Super clean
- Decent sized rooms
- New rooms (flat tv, touch buttons for cleaning etc, generally nothing was old)",- No hair shampoo and in general only the basic amenities,8.0,Marios,Cyprus,Double Room with Balcony,1 night,2022-08-01,Couple,,super clean decent size room new room flat tv touch button clean etc gener noth old,hair shampoo gener basic amen,positive,0.2063852813852814,0.0,8,2022
Absolutely perfect - thank you,Very clean and super friendly staff. Would recommend,Nothing,10.0,Neo,United Kingdom,Double Room with Balcony,1 night,2022-08-01,Couple,,clean super friendli staff would recommend,noth,positive,0.35,0.0,8,2022
Wonderful,Nice and simple hotel. Very convenient location close to the airport. The front desk was very friendly and helpful.,The area was a little noisy when we stayed there.,9.0,Raanan,Israel,Two-Bedroom Suite,1 night,2022-08-01,Family,,nice simpl hotel conveni locat close airport front desk friendli help,area littl noisi stay,positive,0.6,0.0,8,2022
Exceptional,Very friendly staff,,10.0,Amal,Lebanon,Double Room with Balcony,1 night,2022-08-01,Couple,,friendli staff,,positive,0.0,0.0,8,2022
3* gem of Larnaca region,"The best 3 stars hotel I have been ever! Clean as hospital, super comfy, close to one of the best beaches of Larnaca region, perfectly connect by public transport with Larnaca city centre, all that with quite reasonable price.","Taxi drivers who cooperate with hotel, both times, from airport and back, charged 2-3 EUR above the price agreed with the hotel (20 EUR). To clarify, it is not about the money, I would certainly give that money as a tip, but feeling that someone is cheating you and stilling money from you is really awkward and ugly, especially when you are alone with small child in the middle of the night and have no alternative way of transport.",10.0,Dear_d,Serbia,Double Room with Balcony,9 nights,2022-08-01,Family,,best star hotel ever clean hospit super comfi close one best beach larnaca region perfectli connect public transport larnaca citi centr quit reason price,taxi driver cooper hotel time airport back charg eur price agre hotel eur clarifi money would certainli give money tip feel someon cheat still money realli awkward ugli especi alon small child middl night altern way transport,positive,0.54,-0.2833333333333333,8,2022
I never stayed in a room that smelled so nice.,"The food was very tasty (I didn't have breakfast but ate dinner at the restaurant), staff very helpful and friendly, very nice bathroom, and the room was well equipped and also smelled very nice.",It was a bit loud outside but that was just normal for summertime I guess.,9.0,Beatrice,Belgium,Double Room with Balcony,1 night,2022-08-01,Solo traveler,,food tasti didnt breakfast ate dinner restaur staff help friendli nice bathroom room well equip also smell nice,bit loud outsid normal summertim guess,positive,0.6,0.125,8,2022
staff very friendly and helpful had a wonderful night stay,very clean and modern,,10.0,Parisimo,United Kingdom,Double Room with Balcony,1 night,2022-08-01,Group,,clean modern,,positive,0.2833333333333333,0.0,8,2022
amazing,"very clean and comfortable, close to the airport",,10.0,Hassan,Lebanon,Double Room,1 night,2022-08-01,Solo traveler,,clean comfort close airport,,positive,0.3666666666666667,0.0,8,2022
"Comfortable bed, excellent location! Great value for money!","The guy at the reception was very kind and helpful! 
The room and bathroom were of very good size and clean! 
Our bed was so comfortable! 
We wanted something close to Makenzie as we had plans for the night and this place was just perfect!",,10.0,Stalo,Cyprus,Double Room,1 night,2022-08-01,Couple,,guy recept kind help room bathroom good size clean bed comfort want someth close makenzi plan night place perfect,,positive,0.6666666666666666,0.0,8,2022
Wonderful,that your hotel allowed to stay with animals,,9.0,Darya,Cyprus,Double Room with Balcony,2 nights,2022-08-01,Solo traveler,,hotel allow stay anim,,positive,0.0,0.0,8,2022
Wonderful,"The room was very clean. Using the air conditioner was great after a hot day outside. 
The staff was very nice.","The location of the hotel was a bit far from the city centre, but you can take the 425 bus, which arrives fairly often at the station near the hotel.",9.0,Ioan-cristian,Romania,Double Room with Balcony,4 nights,2022-08-01,Couple,,room clean use air condition great hot day outsid staff nice,locat hotel bit far citi centr take bu arriv fairli often station near hotel,positive,0.5041666666666667,0.1,8,2022
"Impeccable service, delicious breakfast, cosy and relaxing experience","The breakfast prepared by Richard was delicious and freshly prepared. As well there are many choices from Cyprus to English breakfast.
 Very friendly and the most helpful host.
Impeccable service, very comfortable bed, pleasant and relaxing staying in Larnaca.",,10.0,Cristina-,Netherlands,Double Room with Balcony,1 night,2022-08-01,Solo traveler,,breakfast prepar richard delici freshli prepar well mani choic cypru english breakfast friendli help host impecc servic comfort bed pleasant relax stay larnaca,,positive,0.3666666666666667,0.0,8,2022
Clean & comfortable room - Great value for money,"We took the suit has we were 2 adults & 3 kids.
the room was clean & the bed were comfortable
if the hotel had swimming pool it would be perfect
the lady in reception (Maria) was VERY helpful
good value for money",no swimming pool,9.0,Ido,Israel,Two-Bedroom Suite,1 night,2022-08-01,Family,,took suit adult kid room clean bed comfort hotel swim pool would perfect ladi recept maria help good valu money,swim pool,positive,0.5416666666666667,0.0,8,2022
Great stay,"La veranda was lovely and clean,great friendly staff and great chef.Brilliant location for beach and bars.",,10.0,Koulla,United Kingdom,Double Room with Balcony,12 nights,2022-08-01,Couple,,la veranda love cleangreat friendli staff great chefbrilli locat beach bar,,positive,0.65,0.0,8,2022
Exceptional,"Modern, clean accommodation. Good food and great staff. Richard is a star!",,10.0,Andrzej,United Kingdom,Two-Bedroom Suite,1 night,2022-08-01,Family,,modern clean accommod good food great staff richard star,,positive,0.5166666666666666,0.0,8,2022
Exceptional,"I did not expect such a beautiful hotel for such a cheap price
Disgusting on the outside but clean and beautiful on the inside",,10.0,Shalom,Israel,Family Suite with Balcony,1 night,2022-08-01,Family,,expect beauti hotel cheap price disgust outsid clean beauti insid,,positive,0.38333333333333336,0.0,8,2022
Wonderful,"Room was clean and the bed was comfortable 
Friendly staff and great location",The smell in the bathroom,9.0,Ilaria,Romania,Double Room,1 night,2022-08-01,Couple,,room clean bed comfort friendli staff great locat,smell bathroom,positive,0.5833333333333334,0.0,8,2022
Exceptional,"Great localization, very helpful and kind personel, very clean room and bathroom, I recommend this place a lot 
12 stars :)",,10.0,Joanna,Poland,Double Room,2 nights,2022-08-01,Solo traveler,,great local help kind personel clean room bathroom recommend place lot star,,positive,0.44166666666666665,0.0,8,2022
Good hotel for an early flight,"the proximity to the airport
nice restaurant at the hotel with a external balcony",slow elevators,8.0,Oren,Cyprus,Two-Bedroom Suite,1 night,2022-08-01,Solo traveler,,proxim airport nice restaur hotel extern balconi,slow elev,positive,0.6,-0.30000000000000004,8,2022
Exceptional,"Very clean, comfy bed, close to the airport, easy self check-in, great breakfast.",,10.0,Yulia,Russia,Double Room,1 night,2022-08-01,Family,,clean comfi bed close airport easi self checkin great breakfast,,positive,0.5833333333333334,0.0,8,2022
We cannot wait to visit again. Loved it.,Everything. It felt like a home from home. Fantastic hotel with wonderful staff. Exceptional,There was nothing not to like. Fabulous place.,10.0,Brigitta,United Kingdom,Two-Bedroom Suite,9 nights,2022-08-01,Family,,everyth felt like home home fantast hotel wonder staff except,noth like fabul place,positive,0.0,0.0,8,2022
very good bargain,very convenient friendly staff near mackenzie beach,nothing,9.0,Ismail,France,Standard Triple Room,1 night,2022-08-01,Group,,conveni friendli staff near mackenzi beach,noth,positive,0.1,0.0,8,2022
clean and comfortable stay,perfect overnight stay close to the airport,,10.0,Andrew,United Kingdom,Two-Bedroom Suite,1 night,2022-08-01,Group,,perfect overnight stay close airport,,positive,1.0,0.0,8,2022
Wonderful,nice and clean,,9.0,David,Israel,Suite with Balcony,1 night,2022-08-01,Family,,nice clean,,positive,0.48333333333333334,0.0,8,2022
An amazing stay at a beautiful little gem hotel,"We stayed 9 nights at this beautiful little hotel and it was extraordinary. Close to the airport and also a 5 min walk from Makenzie blue flag beach. The room was super clean, everything new and cosy, the bathroom with a spacious cabin shower. The bed and pillows were very comfy. The staff was super super friendly and made everything possible for our stay to be perfect. Rich breakfast with various local food. Also we ate dinner a couple of times at the terrace and everything was very tasty. We have absolutely nothing to complain, it was a dreamy vacation and for sure we will come back. Thank you for a perfect stay!!!",Everything was perfect!,10.0,Silviu,Romania,Double Room with Balcony,9 nights,2022-08-01,Couple,,stay night beauti littl hotel extraordinari close airport also min walk makenzi blue flag beach room super clean everyth new cosi bathroom spaciou cabin shower bed pillow comfi staff super super friendli made everyth possibl stay perfect rich breakfast variou local food also ate dinner coupl time terrac everyth tasti absolut noth complain dreami vacat sure come back thank perfect stay,everyth perfect,positive,0.3648358585858586,1.0,8,2022
very friendly staff,"the staff were so incredibly friendly. such a nice hotel with good rooms , clean, smart and comfortable. But it’s the staff who make this hotel:",Nothing,10.0,Shaun,United Kingdom,Double Room with Balcony,1 night,2022-08-01,Couple,,staff incred friendli nice hotel good room clean smart comfort it’ staff make hotel,noth,positive,0.4702380952380952,0.0,8,2022
Exceptional,Amazing staff!,,10.0,Elihana,United States of America,Standard Triple Room,1 night,2022-05-01,Family,,amaz staff,,positive,0.0,0.0,5,2022
Nice hotel close to airport,Very close of the airport. Very comfortable bed.,Nothing,10.0,Lisdy,Venezuela,Standard Triple Room,1 night,2022-06-01,Family,,close airport comfort bed,noth,positive,0.0,0.0,6,2022
Exceptional,"Great place for a night before a flight. Very friendly staff, let us into room as soon as it was ready. Everything was super clean, modern and comfortable. Great for the price.Arranged airport taxi for 6am too.","Nothing to do with the hotel, just the quick path down to the beachside cafes is a bit treacherous.",10.0,Lisa,United Kingdom,Double Room with Balcony,1 night,2022-08-01,Couple,,great place night flight friendli staff let u room soon readi everyth super clean modern comfort great pricearrang airport taxi am,noth hotel quick path beachsid cafe bit treacher,positive,0.5,0.3333333333333333,8,2022
Exceptional,"Everything was new, beautiful and clean.",That there is no kiosk open 24 hours close to the hotel.,10.0,Osher,Israel,Double Room,1 night,2022-08-01,Couple,,everyth new beauti clean,kiosk open hour close hotel,positive,0.2515151515151515,0.0,8,2022
Exceptional,"Perfect stay. 
Thank you.",,10.0,Chiaki,United Kingdom,Standard Triple Room,1 night,2022-07-01,Family,,perfect stay thank,,positive,1.0,0.0,7,2022
Great only they need to take care of the late check in,"Close to the bars near the sea, close to the airport, clean rooms.",We had a late check in and there was no one in the hotel to give us keys and the door was locked. We had to ask the taxi driver to make the call because it was cyprus number.,9.0,Sapir,Israel,Double Room,1 night,2022-07-01,Group,"Thank you for your comments. For our guests who need to make late check-in at night, we always send instructions through booking of how to collect the key, apparently you didn’t see the message sent to you through booking. We are sorry for any inconvenience.",close bar near sea close airport clean room,late check one hotel give u key door lock ask taxi driver make call cypru number,positive,0.23333333333333334,-0.15,7,2022
highly recommend this hotel close to the airport and beach,"very close to the airport after a late flight, lovely friendly staff who checked us in quickly and beautiful, spotless room. really comfortable nights sleep in an air conditioned room after a great shower. beautiful fresh breakfast which was very reasonably priced. also stored luggage and called a taxi for us.",nothing,10.0,Emma,United Kingdom,Two-Bedroom Suite,1 night,2022-07-01,Family,,close airport late flight love friendli staff check u quickli beauti spotless room realli comfort night sleep air condit room great shower beauti fresh breakfast reason price also store luggag call taxi u,noth,positive,0.325,0.0,7,2022
Very clean hotel and polite staff,Lovely staff. Good food.,Would have liked more TV channels like RT Russia Today,8.0,Kenneth,Spain,Double Room with Balcony,1 night,2022-07-01,Solo traveler,,love staff good food,would like tv channel like rt russia today,positive,0.6,0.0,7,2022
Great stay near the airport!,"It was exactly what we were looking for. A comfortable, nice and clean hotel near the airport. The facilities are wonderful, brand new and full equiped. We really enjoyed the dinner in the restaurant. Everything was freshmade and prepare by the cheff... nice shower and bed. Excellent value for money",,10.0,Daniel,Spain,Double Room with Balcony,1 night,2022-07-01,Family,,exactli look comfort nice clean hotel near airport facil wonder brand new full equip realli enjoy dinner restaur everyth freshmad prepar cheff nice shower bed excel valu money,,positive,0.3647186147186147,0.0,7,2022
Exceptional,"I needed a place to stay near the airport for a few hours before catching my plane. it was great, comfy, air conditioned and clean. very good value for money",,10.0,Alexandre,Lebanon,Double Room with Balcony,1 night,2022-07-01,Solo traveler,,need place stay near airport hour catch plane great comfi air condit clean good valu money,,positive,0.49166666666666664,0.0,7,2022
Exceptional,"7 minutes walking to the beach, modern new rooms, very clean.",,10.0,Natalija,Slovenia,Standard Triple Room,2 nights,2022-07-01,Family,,minut walk beach modern new room clean,,positive,0.23434343434343438,0.0,7,2022
"Fabulous hotel, clean, food was great, staff amazing","Fantastic location for the airport on the beach. Easy check in at 3am. Staff are great, hotel is clean and service fantastic. The breakfasts were amazing. Thank you",,10.0,Geraldine,Australia,Double Room,3 nights,2022-07-01,Solo traveler,,fantast locat airport beach easi check am staff great hotel clean servic fantast breakfast amaz thank,,positive,0.5833333333333334,0.0,7,2022
Wonderful,"Clean rooms, very friendly staff and great location as it is close to the airport.",,9.0,Jesper,Sweden,Double Room,1 night,2022-07-01,Couple,,clean room friendli staff great locat close airport,,positive,0.5833333333333334,0.0,7,2022
Exceptional,The perfect hotel.,I liked everything.,10.0,Rob,New Zealand,Double Room with Balcony,1 night,2022-07-01,Solo traveler,,perfect hotel,like everyth,positive,1.0,0.0,7,2022
everything was exceptional,"the staff, the cleanness, the price, check out time",nothing,10.0,Natalia,Cyprus,Double Room with Balcony,1 night,2022-07-01,Couple,,staff clean price check time,noth,positive,0.3666666666666667,0.0,7,2022
Wonderful,This hotel was amazing. Exceptional friendly stuff and the breakfast was really delicious.,,9.0,Fabian,Germany,Double Room,1 night,2022-06-01,Solo traveler,,hotel amaz except friendli stuff breakfast realli delici,,positive,0.0,0.0,6,2022
Exceptional,Easy late night check in,,10.0,Joanna,United Kingdom,Double Room with Balcony,1 night,2022-07-01,Couple,,easi late night check,,positive,-0.3,0.0,7,2022
Exceptional,"All the staff were so accommodating and friendly. This is a really well run, family establishment and couldn't have been more perfect for our stay.",Nothing,10.0,Joanna,United Kingdom,Double Room with Balcony,1 night,2022-07-01,Couple,,staff accommod friendli realli well run famili establish couldnt perfect stay,noth,positive,1.0,0.0,7,2022
"wonderful, would recommend","Clean, modern, friendly staff",,10.0,Al-fulaij,Kuwait,Two-Bedroom Suite,1 night,2022-07-01,Family,,clean modern friendli staff,,positive,0.2833333333333333,0.0,7,2022
"staff were excellent, warm and friendly. service was amazing and overall no complaints !",very clean and homely,noting,10.0,Thakrar,Cyprus,Two-Bedroom Suite,1 night,2022-07-01,Group,,clean home,note,positive,0.3666666666666667,0.0,7,2022
Exceptional,"Super clean place , excellent staff and service 
And on top of everything is the food , the food is SUPER EXCELLENT 🙏",All was perfect .,10.0,Serge,Lebanon,Double Room with Balcony,1 night,2022-07-01,Solo traveler,,super clean place excel staff servic top everyth food food super excel,perfect,positive,0.3833333333333333,1.0,7,2022
Exceptional,"We had a short stay. The staff are good and room is clean. We liked the location, near the airport and at the same time short walking distance to the beach and restaurants,
We had a good walk on the beach and around. The food at the restaurant is a must try, pretty delicious.",,10.0,Victoria,Lebanon,Two-Bedroom Suite,1 night,2022-07-01,Family,,short stay staff good room clean like locat near airport time short walk distanc beach restaur good walk beach around food restaur must tri pretti delici,,positive,0.3111111111111111,0.0,7,2022
Exceptional,"Great accomodation, clean, quiet, friendly and helpful. We ate 2 meals at the onsite small restaurant, both were delish and the service was great. Ours was a 1 night stay prior to our departure flight to be close to airport, 5 min drive to airport.",Liked everything!,10.0,Rebecca,United States of America,Double Room with Balcony,1 night,2022-07-01,Couple,,great accomod clean quiet friendli help ate meal onsit small restaur delish servic great night stay prior departur flight close airport min drive airport,like everyth,positive,0.28611111111111115,0.0,7,2022
Exceptional,"The food was excellent. Richard, the chef prepared the fish, which was the best that I ever tasted.
All in all the stau at the hotel was a wonderful experience!",,10.0,Alexander,Israel,Double Room,1 night,2022-07-01,Solo traveler,,food excel richard chef prepar fish best ever tast stau hotel wonder experi,,positive,1.0,0.0,7,2022
Wonderful,"Very nice place, just few steps from the salt lake and the McKenzie Beach (with shallow water, good for people who are not too good swimmers, a lot of cafes and bars nearby). The staff was very welcoming as well. Another plus is the electronic system for saying if you want to clean-up your room or you don't want to be disturbed.",It wasn't a big issues when I came but the hotel doesn't have it's own parking lot so sometimes it might be difficult to find a parking spot.,9.0,Jakubfl_87,Czech Republic,Double Room,1 night,2022-07-01,Couple,,nice place step salt lake mckenzi beach shallow water good peopl good swimmer lot cafe bar nearbi staff welcom well anoth plu electron system say want cleanup room dont want disturb,wasnt big issu came hotel doesnt park lot sometim might difficult find park spot,positive,0.41666666666666663,-0.25,7,2022
Exceptional,Personal was friendly.. Everything was clean. Nice place.. 👍,,10.0,Richard,Germany,Double Room with Balcony,1 night,2022-07-01,Solo traveler,,person friendli everyth clean nice place,,positive,0.48333333333333334,0.0,7,2022
"Extremely clean, and comfortable little room -short walk from the restaurants and Mackenzie Beach. Very beautiful little",IMMACULATELY CLEAN!!! The bedding and floors were SOO CLEAN. The staff so friendly and kind and helpful!!!,how clean it was and the bed and linens were soo comfy and everything smelled good,10.0,Miriam,United States of America,Double Room with Balcony,1 night,2022-07-01,Solo traveler,,immacul clean bed floor soo clean staff friendli kind help,clean bed linen soo comfi everyth smell good,positive,0.4444444444444445,0.5333333333333333,7,2022
all good,all good,all good,10.0,Kristina,Cyprus,Double Room with Balcony,1 night,2022-07-01,Solo traveler,,good,good,positive,0.7,0.7,7,2022
Very comfortable.,Location,,10.0,Anna,Cyprus,Double Room with Balcony,1 night,2022-07-01,Group,,locat,,positive,0.0,0.0,7,2022
"Had a pleasant stay at La Veranda Hotel, it is worth a visit.",The room was spacious enough for two people and it was very clean.,,8.0,Eva,Cyprus,Double Room with Balcony,1 night,2022-07-01,Couple,,room spaciou enough two peopl clean,,positive,0.18333333333333335,0.0,7,2022
Very Good,It’s close to the beach and the airport. The staff was nice and helpful. Extremely agile to respond.,Nothing to complain.,8.0,Antonio,Sweden,Double Room with Balcony,1 night,2022-07-01,Couple,,it’ close beach airport staff nice help extrem agil respond,noth complain,positive,0.6,0.0,7,2022
Exceptional,Relaxing and comfortable.,,10.0,Nancy,United Kingdom,Double Room with Balcony,1 night,2022-07-01,Couple,,relax comfort,,positive,0.0,0.0,7,2022
Close to Larnaca airport and just a short walk to beach and restaurants was a highlight.,"Close to local restaurants and beach.
Quiet.
Very clean.",Better TV channel selection would have been good for evening.,8.0,Blackers09,United Kingdom,Double Room with Balcony,1 night,2022-06-01,Solo traveler,,close local restaur beach quiet clean,better tv channel select would good even,positive,0.12222222222222223,0.6,6,2022
Very Good,"Sparkling clean, comfy bed, friendly staff, delicious breakfast (great freshly made croissants)",AC was a bit loud and the people in the next hotel were also loud to be heard from our room,8.0,Beliz,Cyprus,Double Room,1 night,2022-07-01,Couple,,sparkl clean comfi bed friendli staff delici breakfast great freshli made croissant,ac bit loud peopl next hotel also loud heard room,positive,0.5833333333333334,0.06666666666666667,7,2022
Exceptional,"Everything was perfect, big clean rooms, warm welcoming, great staff.",,10.0,Diana,Cyprus,Suite with Balcony,1 night,2022-07-01,Group,,everyth perfect big clean room warm welcom great staff,,positive,0.5533333333333333,0.0,7,2022
Perfect for 1 night stay,"Closure to the Airport
Hospitality",,10.0,Sigitas,Lithuania,Double Room with Balcony,1 night,2022-07-01,Group,,closur airport hospit,,positive,0.0,0.0,7,2022
Wonderful,"Very close to the beach, very clean hotel, the Team is very friendly and the food is terrific.",,9.0,Or,Germany,Double Room with Balcony,7 nights,2022-07-01,Solo traveler,,close beach clean hotel team friendli food terrif,,positive,0.3666666666666667,0.0,7,2022
Wonderful,"The chef was very kind and friendly, also the food was delicious, especially the jasmine burger.",,9.0,Florin,Romania,Standard Triple Room,7 nights,2022-07-01,Family,,chef kind friendli also food delici especi jasmin burger,,positive,0.6,0.0,7,2022
"Lovely, welcoming hotel with fantastic service and quality facilities, right near the airport.",The staff accommodated my arrival at 3 a.m. with very clear instructions. And breakfast was served until noon! The building manager/owner is exceptionally congenial. Also the manager of the kitchen.,"Nothing! The hotel was terrific. It was located near the airport, which is what I was looking for. You just need access to a car if you are doing to use the hotel as your base.",10.0,Felisa,United States of America,Double Room with Balcony,2 nights,2022-07-01,Solo traveler,,staff accommod arriv clear instruct breakfast serv noon build managerown except congeni also manag kitchen,noth hotel terrif locat near airport look need access car use hotel base,positive,0.09999999999999999,-0.35000000000000003,7,2022
Very friendly and caring staff,Very friendly staff.,,9.0,Maria,United States of America,Budget Twin Room,1 night,2022-07-01,Solo traveler,,friendli staff,,positive,0.0,0.0,7,2022
"We had a wonderful experience. Convenient to airport, center of town by taxi and the beach.","Wonderful experience, exceeded our expectations. Would stay again!",,10.0,Jonathan,United States of America,Double Room,1 night,2022-07-01,Group,,wonder experi exceed expect would stay,,positive,0.0,0.0,7,2022
Exceptional,lovely,,10.0,Emma,United Kingdom,Double Room,1 night,2022-07-01,Family,,love,,positive,0.5,0.0,7,2022
Exceptional,"it was clean and modern, ideal for our large family",,10.0,Emma,United Kingdom,Two-Bedroom Suite,1 night,2022-07-01,Family,,clean modern ideal larg famili,,positive,0.48888888888888893,0.0,7,2022
"Modern and contemporary hotel, conveniently located for the airport",Conveniently located. A very modern and contemporary hotel. Excellent breakfast. We had a very late (1am) self check-in which worked very well.,"Our room was rather small and lacked a balcony, which can make a lot of difference (we had one on our previous stay).",8.0,Rosalyn,Cyprus,Double Room,1 night,2022-07-01,Couple,,conveni locat modern contemporari hotel excel breakfast late am self checkin work well,room rather small lack balconi make lot differ one previou stay,positive,-0.04999999999999999,-0.25,7,2022
Wonderful,Very clean and beside the airport,,9.0,Alastal,United Kingdom,Standard Triple Room,1 night,2022-07-01,Family,,clean besid airport,,positive,0.3666666666666667,0.0,7,2022
Exceptional,staff was amazing. location and cleanliness.,,10.0,Jamar,France,Double Room with Balcony,1 night,2022-07-01,Solo traveler,,staff amaz locat cleanli,,positive,0.0,0.0,7,2022
Short stay but very pleasant,Room clean and spacious. Staff very helpful. Excellent location for beach and airport transfer.,,10.0,Raymond,United Kingdom,Suite with Balcony,1 night,2022-07-01,Family,,room clean spaciou staff help excel locat beach airport transfer,,positive,0.3666666666666667,0.0,7,2022
Wonderful,"Good location, friendly people, good a/c",,9.0,Chris,Bulgaria,Double Room with Balcony,3 nights,2022-07-01,Couple,,good locat friendli peopl good ac,,positive,0.7,0.0,7,2022
Exceptional,"Clean, spacious, friendly, new and modern","Not too close to the beach 
Perfect for pre or post airport stays",10.0,George,United Kingdom,Double Room with Balcony,1 night,2022-06-01,Solo traveler,,clean spaciou friendli new modern,close beach perfect pre post airport stay,positive,0.23434343434343438,1.0,6,2022
Wonderful,,"1. The mattresses were hard.
2. When we were booking the room there was a promotion from booking.com which didn't apply and we payed 80 euro more. After that I checked a new dates to book and we had similar number and if we do it it will be the same. This is a big fraud.",9.0,Dimo,Bulgaria,Budget Twin Room,3 nights,2022-06-01,Couple,,,mattress hard book room promot bookingcom didnt appli pay euro check new date book similar number big fraud,positive,0.0,-0.03882575757575758,6,2022
Exceptional,"Perfect if you want to stay close to the airport.
Mackenzy beach with restaurants is not that far away.",,10.0,Edwin,Sweden,Double Room with Balcony,1 night,2022-07-01,Solo traveler,,perfect want stay close airport mackenzi beach restaur far away,,positive,0.55,0.0,7,2022
Exceptional,"Everything was exactly as promised, clean and well organized. The staff were so friendly that we really felt we are at home with our relatives. The food at the restaurant was amazing. Richard as the head of Hotel's restaurant, cooks with passion and almost everything from scratch. So fresh and good looking. He makes a simple breakfast amazing and his lunch table, looks like a feast.",,10.0,Arash,Finland,Two-Bedroom Suite,8 nights,2022-07-01,Family,,everyth exactli promis clean well organ staff friendli realli felt home rel food restaur amaz richard head hotel restaur cook passion almost everyth scratch fresh good look make simpl breakfast amaz lunch tabl look like feast,,positive,0.45555555555555555,0.0,7,2022
we have found our favorite place to stay in larnaca!,"it is clean, beautiful and perfectly located being 5 minute walk from the beach, restaurants and cafés. 
kind service with a smile!",,10.0,Natalie,Cyprus,Double Room with Balcony,1 night,2022-07-01,Couple,,clean beauti perfectli locat minut walk beach restaur café kind servic smile,,positive,0.4222222222222222,0.0,7,2022
Exceptional,"Very clean and new, food was 5 star! The best club sandwich ever!!",,10.0,Stelios,United Kingdom,Two-Bedroom Suite,4 nights,2022-06-01,Family,,clean new food star best club sandwich ever,,positive,0.501010101010101,0.0,6,2022
good accomodation nearby airport,flexibility,none,9.0,Tomislav,"Abkhazia, ​Georgia",Two-Bedroom Suite,1 night,2022-06-01,Family,,flexibl,none,positive,0.0,0.0,6,2022
Exceptional,"Super clean, close to the beach and great restaurants, the staff is exceptionally nice, next time we will come for more than one night!",,10.0,Kaya,Israel,Double Room with Balcony,1 night,2022-06-01,Family,,super clean close beach great restaur staff except nice next time come one night,,positive,0.42000000000000004,0.0,6,2022
great!,The room was very clean and ac worked well. Staff was very friendly. Definitely worth the price.,,10.0,Daniel,Finland,Double Room,1 night,2022-06-01,Couple,,room clean ac work well staff friendli definit worth price,,positive,0.33333333333333337,0.0,6,2022
Wonderful,Staff were very friendly. Great to come to from the airport.,,9.0,Lucinda,United Kingdom,Double Room with Balcony,1 night,2022-06-01,Couple,,staff friendli great come airport,,positive,0.8,0.0,6,2022
Very Good,Perfect for a great night of sleep before a flight.,,8.0,Nathan,Canada,Double Room with Balcony,1 night,2022-06-01,Solo traveler,,perfect great night sleep flight,,positive,0.9,0.0,6,2022
Lovely short stay,Welcoming owners and great location. Good value. The beach is less than 5 minutes away.,,9.0,Viktorijadan,United Kingdom,Double Room,1 night,2022-06-01,Couple,,welcom owner great locat good valu beach less minut away,,positive,0.4444444444444444,0.0,6,2022
Wonderful,The WONDERFUL staff at this place makes all the difference. I only stayed for 1 night but would absolutely stay again,,9.0,Mcgregor,United Kingdom,Double Room with Balcony,1 night,2022-06-01,Solo traveler,,wonder staff place make differ stay night would absolut stay,,positive,0.0,0.0,6,2022
very nice hotel and nice staff,"quit area , easy find parking places","there was hair on the floor from previous visitors, it should be better cleaner .",8.0,Ashraf,Israel,Budget Twin Room,3 nights,2022-06-01,Solo traveler,,quit area easi find park place,hair floor previou visitor better cleaner,positive,0.0,0.5,6,2022
amazing,"it was a really nice room
we loved the breakfast
very friendly people","it was a bit noisy
we could here everything",8.0,Vandewiele,Bulgaria,Double Room with Balcony,1 night,2022-06-01,Couple,,realli nice room love breakfast friendli peopl,bit noisi could everyth,positive,0.55,0.0,6,2022
"Perfect place to stay in Larnaka - close to the airport, and the beach, fine breakfast any time, comfortable beds","Clean, comfortable, friendly, fine location",,10.0,Екатерина,Russia,Family Suite with Balcony,1 night,2022-06-01,Family,,clean comfort friendli fine locat,,positive,0.3916666666666667,0.0,6,2022
"Great place, super staff, huge delicious breakfast. Recommend",The stuff was very friendly and helpfull. They exceeded my expectations.  Breakfast for charge same as anywhere else was enormous size and very delicious.,Liked everythingz close to airport and town half an hour walking to town,10.0,Katarzyna,United Kingdom,Double Room,2 nights,2022-06-01,Couple,,stuff friendli helpful exceed expect breakfast charg anywher els enorm size delici,like everythingz close airport town half hour walk town,positive,0.0,-0.16666666666666666,6,2022
Perfect,Very friendly and helpful staff !  Beautiful hotel and very cheap 10/10 recommended,There was nothing that we didn't like,10.0,Kelly,United Kingdom,Two-Bedroom Suite,1 night,2022-05-01,Group,,friendli help staff beauti hotel cheap recommend,noth didnt like,positive,0.4,0.0,5,2022
Very Good,"The food was very good,the chef is kind.",In the bathroom smelled bad,8.0,Hutter,Romania,Double Room with Balcony,7 nights,2022-06-01,Family,,food goodth chef kind,bathroom smell bad,positive,0.6,-0.6999999999999998,6,2022
Wonderful,I arrived late at night. The hotell organised a taxi for me and made sure I could check in.,,9.0,Joanna,United Kingdom,Double Room,1 night,2022-05-01,Solo traveler,,arriv late night hotel organis taxi made sure could check,,positive,0.1,0.0,5,2022
perfect for a one night stay after landing in Cyprus late night,clean and simple,,9.0,Dean,United Kingdom,Double Room,1 night,2022-05-01,Couple,,clean simpl,,positive,0.3666666666666667,0.0,5,2022
Wonderful,"the room is very clean，the bed is comfortable， the facilities are new, i like this hotel",,9.0,Xu,China,Double Room with Balcony,1 night,2022-06-01,Couple,,room cleanth bed comfort facil new like hotel,,positive,0.13636363636363635,0.0,6,2022
Exceptional,Very nice,Everything,10.0,Hadjikyriacou,Cyprus,Double Room with Balcony,1 night,2022-06-01,Family,,nice,everyth,positive,0.6,0.0,6,2022
Exceptional,"Nice clean room, comfortable bed and good location.","Nothing, it was all good",10.0,Maria,Greece,Double Room with Balcony,1 night,2022-05-01,Solo traveler,,nice clean room comfort bed good locat,noth good,positive,0.5555555555555555,0.7,5,2022
Exceptional,"very clean room, comfy beds, very nice showers. all freshly renovated.","nothing, it is sometimes a bit noisy because of the air traffic",10.0,Britta,Germany,Double Room with Balcony,1 night,2022-06-01,Group,,clean room comfi bed nice shower freshli renov,noth sometim bit noisi air traffic,positive,0.48333333333333334,0.0,6,2022
Splash and dash to Cyprus,"Excellent communication on late check in process, airy and comfortable room, super fast wifi, and a tip. This hotel is only 4km from the airport. If travelling light you can walk it in 40 minutes, saving a rip off cab fare. Just off the b4 highway.",TV very light on choice only news channel in English.,9.0,Shaun,United Kingdom,Double Room with Balcony,2 nights,2022-06-01,Solo traveler,,excel commun late check process airi comfort room super fast wifi tip hotel km airport travel light walk minut save rip cab fare b highway,tv light choic news channel english,positive,0.15833333333333333,0.2,6,2022
"Lovely, clean, friendly hotel with outstanding breakfast, close to the salt lake - worth a look",This was only a one night stay before moving onto our holiday accommodation for the rest of the week. We arrived later than planned due to flight issues but the owner was aware as he had tracked our flight; despite being late we were offered food and drink in the bar which was most welcome. The room was clean and an adequate size with a nice balcony. Breakfast was outstanding. The staff were all friendly and welcoming - especially the restaurant owner.,We could not turn on the mini fridge to cool our water bottles overnight ready for the following day. It was very late to go and ask so we didn't. Probably something to show guests initially.,9.0,Richard,United Kingdom,Double Room with Balcony,1 night,2022-05-01,Couple,,one night stay move onto holiday accommod rest week arriv later plan due flight issu owner awar track flight despit late offer food drink bar welcom room clean adequ size nice balconi breakfast outstand staff friendli welcom especi restaur owner,could turn mini fridg cool water bottl overnight readi follow day late go ask didnt probabl someth show guest initi,positive,0.10833333333333335,0.024999999999999994,5,2022
Wonderful,Its was a nice place clean and the room was nice,,9.0,Eliel,Israel,Double Room,1 night,2022-06-01,Couple,,nice place clean room nice,,positive,0.5222222222222223,0.0,6,2022
Exceptional,The indications at the desk were very helpful,,10.0,Maxime,France,Double Room with Balcony,1 night,2022-06-01,Group,,indic desk help,,positive,0.0,0.0,6,2022
Very good and friendly staff in a very modern and comfortable hotel,Very good. Staff very friendly and very helpful. Very comfortable nights sleep,No complaints about the hotel. Parking in the area is always possible but not necessarily the most convenient,9.0,Rosalyn,Cyprus,Double Room with Balcony,1 night,2022-06-01,Couple,,good staff friendli help comfort night sleep,complaint hotel park area alway possibl necessarili conveni,positive,0.7,-0.3,6,2022
Excellence,Everything,Nothing,10.0,Gary,United Kingdom,Double Room,1 night,2022-06-01,Couple,,everyth,noth,positive,0.0,0.0,6,2022
"Nice, clean, priceworthy and with great staff!","Excellent staff in this family driven hotel. Very helpful and pleasant people who speak perfect English and couldn't have been better -- all the way from the booking process and online dialog to putting us on a taxi to the airport! This alone is reason enough to come back :-)
Rooms and hotel in general are very clean, aircon modern and quiet, and room service is also excellent.
Plenty of electricity outlets in the room, also by the bed, but remember the UK-adapter to use standard EU-plugs ;-)
The double bed, although nothing fancy, was probably the best hotel bed we've slept in ... ever!!!","Except excellent staff/owners and an ok restaurant, there is not much extra in this hotel or in the room. 
Tips for improvement:
- The out-of-order pool table hidden away in the backyard should be brought back to life.
- The backyard itself could actually have been used so much better. 
- The small fridge in the room was warm (turned off) upon arrival and completely empty, and no local shop/kiosk nearby to fill it up. One small bottle of water upon arrival to double room feels a little poor. Would gladly have paid those 2€ more per day to have 2 bottles initially and being refilled daily with room service. A couple of cents more, to have even tea on the small welcome tray ;-)
- Bathroom floor gets completely wet when (carefully) showering, as only half a glass wall covers the shower. 
- Bed frame has very sharp/hard corners, and it's easy to get hurt. Apply baby safety corners?
- Veranda door and main door doesn't close entirely tight so main door slams in the night when it's windy. However fixable in MacGyver way using the bed cover and a tea spoon, although a professional seal attached to the door frame would probably be a better fix long-term ;-)
- Beach towel services would also have been nice and useful, to avoid using lots of space/weight in baggage.
All in all, this hotel is great but still has room for improvement in many little details which could easily be fixed. Still getting our high rating as the staff is simply the best and made our stay a true pleasure, thus above comments should not scare anyone from booking this hotel. We highly recommend it and would definitely love to return!",9.0,Travelling,Sweden,Double Room with Balcony,3 nights,2022-05-01,Couple,"thank you for your comments and for all these details. we will take into consideration every single detail you wrote.
hope to host you another time.",excel staff famili driven hotel help pleasant peopl speak perfect english couldnt better way book process onlin dialog put u taxi airport alon reason enough come back room hotel gener clean aircon modern quiet room servic also excel plenti electr outlet room also bed rememb ukadapt use standard euplug doubl bed although noth fanci probabl best hotel bed weve slept ever,except excel staffown ok restaur much extra hotel room tip improv outoford pool tabl hidden away backyard brought back life backyard could actual use much better small fridg room warm turn upon arriv complet empti local shopkiosk nearbi fill one small bottl water upon arriv doubl room feel littl poor would gladli paid € per day bottl initi refil daili room servic coupl cent even tea small welcom tray bathroom floor get complet wet care shower half glass wall cover shower bed frame sharphard corner easi get hurt appli babi safeti corner veranda door main door doesnt close entir tight main door slam night windi howev fixabl macgyv way use bed cover tea spoon although profession seal attach door frame would probabl better fix longterm beach towel servic would also nice use avoid use lot spaceweight baggag hotel great still room improv mani littl detail could easili fix still get high rate staff simpli best made stay true pleasur thu comment scare anyon book hotel highli recommend would definit love return,positive,0.34545454545454546,0.1700595238095238,5,2022
Exceptional,Very clean and fresh. Perfect room for family. Close to airport. Very kind hosts made late check in simple.,,10.0,Corinne,United Kingdom,Suite with Balcony,1 night,2022-06-01,Family,,clean fresh perfect room famili close airport kind host made late check simpl,,positive,0.3933333333333333,0.0,6,2022
the owners welcomes you personally and you feel at home,"the Cyprus hospitality at the highest level. Feel at home in 1 minute with owners welcoming you with a big smile.
the location is convenient and the room had a big balcony","hospitality, location, quiet",10.0,Jean-claude,Switzerland,Standard Triple Room,1 night,2022-06-01,Family,,cypru hospit highest level feel home minut owner welcom big smile locat conveni room big balconi,hospit locat quiet,positive,0.09999999999999999,0.0,6,2022
Wonderful,Exceptionally friendly service of hotel and restarant in same building. Attention and service superb.,,9.0,Sigitas,Lithuania,Suite with Balcony,1 night,2022-06-01,Family,,except friendli servic hotel restar build attent servic superb,,positive,1.0,0.0,6,2022
will definitely stay again,"location, clean and very good value",all was good nothing bad to say,9.0,Michelle,United Kingdom,Double Room with Balcony,1 night,2022-05-01,Couple,,locat clean good valu,good noth bad say,positive,0.5333333333333333,5.551115123125783e-17,5,2022
Wonderful,"very friendly staff, rooms were clean and ideally situated for the airport",,9.0,Allan,Cyprus,Double Room with Balcony,1 night,2022-05-01,Couple,,friendli staff room clean ideal situat airport,,positive,0.6333333333333333,0.0,5,2022
Exceptional,"Great location for a late flight, everything was clean and nice in the room. We arrived late and got great instructions on how to get in on our own. Terrific late breakfast at the café downstairs, the manager catered to our every need",Nothing. Great for the price and our purpose of a late night flight arrival,10.0,Baldur,Iceland,Two-Bedroom Suite,1 night,2022-05-01,Family,,great locat late flight everyth clean nice room arriv late got great instruct get terrif late breakfast café downstair manag cater everi need,noth great price purpos late night flight arriv,positive,0.2380952380952381,0.25,5,2022
"Arrived at 11pm after a long flight, was shown immediately to our room, the staff showed us how to get back in if the fr","Beautiful property, super clean, rooms where really spacious and fresh and clean. Breakfast was amazing in a beautiful setting and the management are wonderful.",liked everything a little far from local shop but have everything we need in the cafe.,9.0,Leah,United Kingdom,Suite with Balcony,1 night,2022-05-01,Family,,beauti properti super clean room realli spaciou fresh clean breakfast amaz beauti set manag wonder,like everyth littl far local shop everyth need cafe,positive,0.3416666666666667,0.05,5,2022
superb accommodation in a great location,"great location for bars, restaurants and beach at a very good rate for the excellent standard of accommodation",nothing all good,10.0,Mark,United Kingdom,Double Room with Balcony,3 nights,2022-05-01,Couple,,great locat bar restaur beach good rate excel standard accommod,noth good,positive,0.5,0.7,5,2022
It was a pleasant stay,"Great location with very welcoming staff, and very clean",,10.0,Marwan,Jordan,Double Room with Balcony,4 nights,2022-05-01,Solo traveler,,great locat welcom staff clean,,positive,0.5833333333333334,0.0,5,2022
Good spot in Larnaca,"Modern hotel with good facilities. Although small, the room was comfortable. However, the bathroom was a good size and well appointed. Breakfast as an extra was good.
The hotel is about 100m from the 425 bus route which runs to the airport, about 10 minutes away. A ticket costs 2 Euros, a far better option than paying 15 Euros for a taxi.",Nothing,10.0,David,Australia,Double Room,1 night,2022-05-01,Solo traveler,,modern hotel good facil although small room comfort howev bathroom good size well appoint breakfast extra good hotel m bu rout run airport minut away ticket cost euro far better option pay euro taxi,noth,positive,0.33125,0.0,5,2022
"lovely, staff very helpful",clean and comfortable,,10.0,Caren,United Kingdom,Double Room,1 night,2022-05-01,Group,,clean comfort,,positive,0.3666666666666667,0.0,5,2022
close to Airport,close to the airport,"stingy smell from the bathroom
quite small room",8.0,Yoojin,Finland,Double Room,1 night,2022-05-01,Couple,,close airport,stingi smell bathroom quit small room,positive,0.0,-0.25,5,2022
Very Good,Light and airy and clean room. Not far from the sea.,There should be a safety strip on the step to each floor coming up the stairs. You are unaware of it and could possibly trip as I did.,8.0,Nicholas,United Kingdom,Double Room,2 nights,2022-05-01,Solo traveler,,light airi clean room far sea,safeti strip step floor come stair unawar could possibl trip,positive,0.2888888888888889,0.0,5,2022
Exceptional,"Thank you so much for a very warm welcome and comfortable stay. The hotel manager was reachable at all times due to my flight times and further delays. I couldn't have asked for more informative and reassuring service. 5 star service!
The location is very nice of this hotel due to such close proximity to the beach and restaurants. 
Most importantly it is very clean! All in all, awesome!",Nothing,10.0,Anna,United Kingdom,Double Room with Balcony,2 nights,2022-05-01,Solo traveler,,thank much warm welcom comfort stay hotel manag reachabl time due flight time delay couldnt ask inform reassur servic star servic locat nice hotel due close proxim beach restaur importantli clean awesom,noth,positive,0.2633333333333333,0.0,5,2022
would definitely recommend! close to nice beach strip and airport and very clean and comfy bed,"spacious room and minifridge; large bathroom; very clean and comfy bed and lovely little balcony; staff was very friendly and lend me an adaptor several times. 
i didnt want to be in the center so for me the location was perfect! walking distance to airport and close to the more luxurious beach strip with delicious restaurants.","for the price that it was, it only had some random unlabeled shampoo dispenser attached to the shower wall. dont know if it was body or hair shampoo but it wasnt very nice at all, and seemed a little cheap considering the hotel cost.",9.0,Lauralaura,Belgium,Double Room,1 night,2022-05-01,Solo traveler,,spaciou room minifridg larg bathroom clean comfi bed love littl balconi staff friendli lend adaptor sever time didnt want center locat perfect walk distanc airport close luxuri beach strip delici restaur,price random unlabel shampoo dispens attach shower wall dont know bodi hair shampoo wasnt nice seem littl cheap consid hotel cost,positive,0.44166666666666665,0.16666666666666666,5,2022
Exceeds your expectations,"Very clean, comfortable and pleasant! The staff were very accommodating and kind. We will definitely come again! highly recommended!",nothing!,8.0,Tatiana,Cyprus,Double Room with Balcony,1 night,2022-05-01,Group,,clean comfort pleasant staff accommod kind definit come highli recommend,noth,positive,0.5666666666666668,0.0,5,2022
Excellent,Very modern clean beautifully kept hotel near beaches and restaurants,All good,10.0,Melanie,United Kingdom,Double Room with Balcony,1 night,2022-05-01,Couple,,modern clean beauti kept hotel near beach restaur,good,positive,0.2222222222222222,0.7,5,2022
would recommend it very good for short stay.,,nothing,8.0,Georges,Lebanon,Double Room with Balcony,1 night,2022-05-01,Couple,,,noth,positive,0.0,0.0,5,2022
The best experience we could have asked for,"We booked this hotel last minute and we were extremely happy with the service. They have great staff, are very welcoming and the restaurant at floor level is awesome - Richard is a great chef and his friendliness will make you want to extend your vacation for sure. We felt like we were part of their community and this is due to their opennes. The room was extremely clean and their room service makes sure to keep it this way, All in all, the best experience we could have asked for",Nothing we can think of,10.0,Andrei,Romania,Double Room with Balcony,7 nights,2022-05-01,Couple,,book hotel last minut extrem happi servic great staff welcom restaur floor level awesom richard great chef friendli make want extend vacat sure felt like part commun due openn room extrem clean room servic make sure keep way best experi could ask,noth think,positive,0.48020833333333335,0.0,5,2022
"Friendly staff, clean and modern rooms, great value. We’d definitely stay again","The owners were very friendly and helpful. The hotel is small, which we liked, and is about 10 minutes from the airport.  The rooms were a nice size, very clean, and modern. We had both a family room and a double room, and they were perfect for our quick stay.  The taxi driver had a hard time finding it to drop us off, as it’s amongst several apartment buildings on a small side street.  That’s the only negative. We also had dinner there, and the food was very good and the chef  was very friendly. We’ll stay again if we travel to Larnaca in the future.","The location is a bit hard to find. The taxi drivers GPS had trouble finding it, but eventually we did. It’s amongst several apartment buildings on a small side street.",9.0,Cynthia,United States of America,Double Room with Balcony,1 night,2022-05-01,Family,,owner friendli help hotel small like minut airport room nice size clean modern famili room doubl room perfect quick stay taxi driver hard time find drop u it’ amongst sever apart build small side street that’ neg also dinner food good chef friendli we’ll stay travel larnaca futur,locat bit hard find taxi driver gp troubl find eventu it’ amongst sever apart build small side street,positive,0.2675925925925926,-0.27083333333333337,5,2022
simply fantastic,cleanliness,very good location,10.0,Jose,United Kingdom,Double Room with Balcony,1 night,2022-05-01,Couple,,cleanli,good locat,positive,0.0,0.7,5,2022
Would absolutely stay again,"Absolutely everything was great!!!!!!!!!  Staff super kind, professional, polite and helpful. Bed was soooooooo comfortable, I didn't want to leave my room!! Also thank you for taxi, it arrived right in time!","Lack of decent TV channels, only in the evening (past 9 pm) you can actually find something to watch. There are only ~10 channels, half in Greek and half in Russian, and maybe one or two in English (in the evenings)",10.0,Diana,Czech Republic,Double Room with Balcony,1 night,2022-05-01,Solo traveler,,absolut everyth great staff super kind profession polit help bed soooooooo comfort didnt want leav room also thank taxi arriv right time,lack decent tv channel even past pm actual find someth watch channel half greek half russian mayb one two english even,positive,0.5047619047619047,-0.05208333333333333,5,2022
Wonderful,All,,9.0,Antony,Cyprus,Budget Twin Room,2 nights,2022-05-01,Couple,,,,positive,0.0,0.0,5,2022
This is a five star hotel in all respects.,"Our stay was just about perfect. This is one of the most impressive stays we ever had with a Booking.Com reservation.  The location allowed us to walk to the beach and restaurants.  The family that runs the hotel was incredibly friendly and very, very nice.  The rooms, lobby and restaurant were lovely; exceedlingly modern, and comfortable.  We ate dinner at the hotel because we were so impressed with ""chef Richard"" and the food was fabulous.   Were had cocktails on the lovely patio and had the chance to meet and chat with other guests.",,10.0,Bschleifer,United States of America,Double Room with Balcony,1 night,2022-05-01,Group,,stay perfect one impress stay ever bookingcom reserv locat allow u walk beach restaur famili run hotel incred friendli nice room lobbi restaur love exceedlingli modern comfort ate dinner hotel impress chef richard food fabul cocktail love patio chanc meet chat guest,,positive,0.56,0.0,5,2022
"great cosy one night stay before going to airport, location for airport cannot be better",friendly staff,,10.0,Silvester,Slovenia,Double Room,1 night,2022-05-01,Couple,,friendli staff,,positive,0.0,0.0,5,2022
Very handy for a night out at Mackenzie beach,Exceptionally clean and brand new. Breakfast was freshly made and delicious. Everyone very friendly,,8.0,Cathy,Cyprus,Double Room with Balcony,1 night,2022-05-01,Couple,,except clean brand new breakfast freshli made delici everyon friendli,,positive,0.2515151515151515,0.0,5,2022
I go again for sure,cleanliness and quietness,nothing,9.0,Maha,Cyprus,Double Room,1 night,2022-05-01,Solo traveler,,cleanli quiet,noth,positive,0.0,0.0,5,2022
Perfect gem close to the airport.,"Wonderful modern family run small hotel.  It’s very close to the airport which worked for us.  The rooms are spotless, the shower fantastic. The pictures are very true to life. The family were so helpful.  THANKYOU!",Nothing.,10.0,Roger,United Kingdom,Double Room with Balcony,2 nights,2022-04-01,Couple,,wonder modern famili run small hotel it’ close airport work u room spotless shower fantast pictur true life famili help thankyou,noth,positive,0.09999999999999999,0.0,4,2022
Nice hotel close to Larnaca airport,"Very cozy, modern, clean hotel close to the airport. The staff is super friendly and attentive. The room is spacious and new. The location is super convenient, only few steps from the beach. Highly recommended!",,10.0,Olga,Germany,Double Room with Balcony,1 night,2022-05-01,Couple,,cozi modern clean hotel close airport staff super friendli attent room spaciou new locat super conveni step beach highli recommend,,positive,0.27393939393939387,0.0,5,2022
"Close to the airport as we were in transit to another destination. The room was great, spotless, fresh and modern.",clean and modern,nothing,9.0,Amanda,United Kingdom,Double Room,1 night,2022-05-01,Couple,,clean modern,noth,positive,0.2833333333333333,0.0,5,2022
Wonderful,"Very modern, clean hotel
Great location, quiet
Lovely staff",,9.0,Lorraine,United Kingdom,Double Room,1 night,2022-04-01,Couple,,modern clean hotel great locat quiet love staff,,positive,0.37333333333333335,0.0,4,2022
Exceptional,"Great accommodation, wonderful staff, delicious food, tranquility! I heartily recommend it!",it wasn't like that!,10.0,Kata,Hungary,Double Room,2 nights,2022-04-01,Couple,,great accommod wonder staff delici food tranquil heartili recommend,wasnt like,positive,0.8,0.0,4,2022
just the job when arriving at larnaca airport and needing to stay overnight,excellent location near airport then easy drive into larnaca. very friendly and helpful staff.,only thing was the bathroom floor got wet from the shower and became very slippery. needs two foot towels rather than just one.,10.0,Tom,United Kingdom,Double Room with Balcony,1 night,2022-04-01,Couple,,excel locat near airport easi drive larnaca friendli help staff,thing bathroom floor got wet shower becam slipperi need two foot towel rather one,positive,0.1,-0.1,4,2022
Wonderful,"Friendly staff, delicious breakfast. Very comfortable beds. 10 mins walk to Mackenzie Beach and 40 mins (3 km) walk to downtown on a nice promenade.",,9.0,Laszlo,Hungary,Suite with Balcony,3 nights,2022-04-01,Family,,friendli staff delici breakfast comfort bed min walk mackenzi beach min km walk downtown nice promenad,,positive,0.6,0.0,4,2022
Exceptional,Everything was clean and cozy. We were introduced very good in everything and we felt very good there!,,10.0,Phil,Germany,Family Suite with Balcony,1 night,2022-04-01,Group,,everyth clean cozi introduc good everyth felt good,,positive,0.5888888888888889,0.0,4,2022
Exceptional,"Clean, great attentive staff, location.
We booked the hotel to facilitate a stop over due to a late flight into Larnaca before travelling onto our holiday villa. What a pleasant surprise. The hotel was close to the airport - 6 minutes by taxi (€20) - and we arrived late. The staff could not be more helpful and showed us to a really nice room with a balcony over the front of the hotel. We slept well in a comfy clean bed and had a terrific breakfast on the terrace before they arranged a car for us to get back to the airport to collect our hire car. Nice start to our holiday highly recommenced.",Nothing,10.0,Roger,United Kingdom,Double Room with Balcony,1 night,2022-04-01,Couple,,clean great attent staff locat book hotel facilit stop due late flight larnaca travel onto holiday villa pleasant surpris hotel close airport minut taxi € arriv late staff could help show u realli nice room balconi front hotel slept well comfi clean bed terrif breakfast terrac arrang car u get back airport collect hire car nice start holiday highli recommenc,noth,positive,0.27416666666666667,0.0,4,2022
"lovely boutique hotel with super friendly staff and convenient location to beach, restaurants and the airport.",room was big enough with comfy beds for family of four; liked having a small balcony for outdoor space.,,10.0,Anita,Czech Republic,Family Suite with Balcony,1 night,2022-04-01,Family,,room big enough comfi bed famili four like small balconi outdoor space,,positive,-0.08333333333333333,0.0,4,2022
Pleasant stay,Friendly staff.clean and comfortable beds.,,8.0,Bahar,Cyprus,Standard Triple Room,1 night,2022-04-01,Family,,friendli staffclean comfort bed,,positive,0.0,0.0,4,2022
Great value for money,"Booked this as it was near the airport and we arrived at 11pm and didn’t seem worth paying for one night at the 5 star we stayed at for the rest of the holiday. 
Very warm welcome and very clean and comfortable- as good a hotel as I’ve stayed at for £50 a night.",,8.0,Line,United Kingdom,Double Room with Balcony,1 night,2022-04-01,Couple,,book near airport arriv pm didn’t seem worth pay one night star stay rest holiday warm welcom clean comfort good hotel i’v stay £ night,,positive,0.4133333333333333,0.0,4,2022
it’s was wonderful,it’s clean and very nice crew,,9.0,טוהר,Israel,Double Room,3 nights,2022-04-01,Couple,,it’ clean nice crew,,positive,0.48333333333333334,0.0,4,2022
Very Good,Helpful staff arranged a taxi for us from the airport to the hotel. The hotel was basic but clean and comfortable.,,8.0,Rohini,United Kingdom,Family Suite with Balcony,1 night,2022-03-01,Family,,help staff arrang taxi u airport hotel hotel basic clean comfort,,positive,0.18333333333333335,0.0,3,2022
"Ideal location, very comfortable, much nicer than we anticipated, very pleasant surprise. Very good.","La Veranda has been recently refurbished and the rooms and bathroom, were both modern and comfortable, balcony with sea view. Easy walk to Mackenzie Beach and short journey from airport. Good breakfast available if required, staff extremely helpful and friendly. Nothing to much trouble.",Nothing really.,10.0,Ian,United Kingdom,Double Room with Balcony,5 nights,2022-04-01,Couple,thank you so much for your nice detailed comments; we are happy that you had a nice stay. hope to see you another time.,la veranda recent refurbish room bathroom modern comfort balconi sea view easi walk mackenzi beach short journey airport good breakfast avail requir staff extrem help friendli noth much troubl,noth realli,positive,0.21999999999999997,0.0,4,2022
"superb stay, lovely staff, wonderful food and very convenient for the airport and Larnaca","clean, super friendly, convenient",nothing,10.0,Esme,United Kingdom,Standard Triple Room,1 night,2022-04-01,Family,thank you so much; we are happy that you had a nice stay. hope to see you another time.,clean super friendli conveni,noth,positive,0.35,0.0,4,2022
Great place near airport,"It was easy at the time to park car outside. Clean rooms, helpful staff.",,9.0,Olena,Ukraine,Double Room,3 nights,2022-02-01,Family,,easi time park car outsid clean room help staff,,positive,0.3666666666666667,0.0,2,2022
I was very happy that I have chosen La Veranda Hotel,Location very convenient. Near the beach and the Restaurants. Public Bus station at 30 meters from the hotel. Also very close to the airport.,,10.0,Hikmat,Lebanon,Double Room,1 night,2022-04-01,Solo traveler,thank you so much for your nice review; we are happy that you had a nice stay. hope to see you another time.,locat conveni near beach restaur public bu station meter hotel also close airport,,positive,0.05,0.0,4,2022
Comfortable and clean,"La Veranda Hotel is very comfortable and clean.
The staff is very nice 😃
The Breakfast is so delicious
Great location !! Near Mackenzie beach and very close to the center.
I highly recommend😁",Nothing. All was great,10.0,Joe,Lebanon,Double Room,1 night,2022-04-01,Solo traveler,,la veranda hotel comfort clean staff nice breakfast delici great locat near mackenzi beach close center highli recommend,noth great,positive,0.35333333333333333,0.8,4,2022
Simply excellent,"It's my second time at La Veranda and I can honestly say that this is one of the best hotels in the region, if not the best. Would definitely recommend it!",,10.0,Charbel,France,Double Room,1 night,2022-04-01,Solo traveler,,second time la veranda honestli say one best hotel region best would definit recommend,,positive,0.6666666666666666,0.0,4,2022
La Veranda Hotel offers everything you need.,"I had a wonderful experience at the La Veranda Hotel. Every staff member I encountered, from the valet to the check- in to the cleaning staff were delightful and eager to help! Thank you! Will recommend to my colleagues!",,10.0,Dayane,Lebanon,Double Room,1 night,2022-04-01,Solo traveler,,wonder experi la veranda hotel everi staff member encount valet check clean staff delight eager help thank recommend colleagu,,positive,0.3666666666666667,0.0,4,2022
So this was a big plus. The service was exceptional as well. Would definitely send a friend there.,"The rooms were clean, very comfortable, and the staff was amazing. They went over and beyond to help make my stay enjoyable. I highly recommend this hotel for anyone visiting downtown!!",,10.0,Dayane,Lebanon,Double Room,1 night,2022-04-01,Solo traveler,,room clean comfort staff amaz went beyond help make stay enjoy highli recommend hotel anyon visit downtown,,positive,0.38333333333333336,0.0,4,2022
5 mins from the beach,"friendly staff who allow you to check in the early hours of morning , 45 min walk to airport",locks on windows didn’t seem secure,8.0,Andrew,United Kingdom,Double Room with Balcony,2 nights,2022-03-01,Solo traveler,,friendli staff allow check earli hour morn min walk airport,lock window didn’t seem secur,positive,0.0,0.0,3,2022
Wonderful,"The staff is always very helpful, exceptional!","Wanted to have in the shower shampoo, body soap and hair conditioner. The staff explained that the dispancer in the shower holds 3 in 1. Really?!",9.0,Yogev,Israel,Double Room,4 nights,2022-03-01,Solo traveler,,staff alway help except,want shower shampoo bodi soap hair condition staff explain dispanc shower hold realli,positive,0.0,0.0,3,2022
The staff were wonderful and the hotel was lovely.,"The staff were wonderful, so friendly and welcoming and the food was superb. The hotel was clean and easy for the airport.",,9.0,Sophie,Austria,Double Room,1 night,2022-03-01,Couple,,staff wonder friendli welcom food superb hotel clean easi airport,,positive,0.6833333333333333,0.0,3,2022
Very Good,"The hotel is in a residential neighborhood of apartments and is modern.  The bed linens were wonderful and the mattress was neither too hard or soft.  Breakfast is not included in the hotel cost.  However, there is small restaurant within the hotel lobby that charged $10 euros for a very nice hot breakfast (no menu - you get whatever is served).  The hotel is approx 10 minute drive from the airport and 20 minute drive from the historical area.",,8.0,Timothy,United States of America,Double Room with Balcony,1 night,2022-03-01,Couple,,hotel residenti neighborhood apart modern bed linen wonder mattress neither hard soft breakfast includ hotel cost howev small restaur within hotel lobbi charg euro nice hot breakfast menu get whatev serv hotel approx minut drive airport minut drive histor area,,positive,0.10138888888888888,0.0,3,2022
Convenient and perfect rooms for a family stay.,"Very smart, modern rooms and everything you need. Family feel and very friendly. Having a family suite was a big bonus and lots of space.",Immediate location wasn’t inspiring but lovely restaurants very close in the sea front and handy for Limassol and airport.,8.0,Katie,United Kingdom,Two-Bedroom Suite,1 night,2022-02-01,Family,,smart modern room everyth need famili feel friendli famili suit big bonu lot space,immedi locat wasn’t inspir love restaur close sea front handi limassol airport,positive,0.13809523809523808,0.5,2,2022
"Welcoming, reliable and a comfortable stay!","This hotel is in a great location for the airport and restaurants. The owner and staff are so welcoming and helpful. Taking time to print off flight documentation, booking taxis and even when my flight was cancelled, I was able to keep my room for longer without a problem.",,10.0,Lisa,United Kingdom,Double Room,1 night,2022-02-01,Solo traveler,thank you so much for your nice detailed review; we are happy that you had a nice stay. hope to see you another time.,hotel great locat airport restaur owner staff welcom help take time print flight document book taxi even flight cancel abl keep room longer without problem,,positive,0.8,0.0,2,2022
Wonderful,"Very nice hotel, close to the beach, but situated in a quiet place. Helpful, friendly staff. Tasty breakfast.",,9.0,Joanna,Poland,Double Room,1 night,2022-02-01,Couple,,nice hotel close beach situat quiet place help friendli staff tasti breakfast,,positive,0.3,0.0,2,2022
"Book with confidence, Well run, modern rooms, and very clean","Everything was very clean and modern and staff was very friendly. I arrived late at night and it was not a problem, They also were very responsive to any pre-arrival questions",It was all good!,10.0,Ukd03,United Kingdom,Double Room,1 night,2022-02-01,Solo traveler,thank you so much for your nice detailed review; we are happy that you had a nice stay. hope to see you another time.,everyth clean modern staff friendli arriv late night problem also respons prearriv question,good,positive,0.08888888888888889,0.7,2,2022
It was maybe the best hotel we stayed in during our time in Cyprus. Very convenient for the airport.,"La Veranda was very clean, provided everything needed (even a bottle of water in the room!), and was flexible with our schedule. The staff was excellent. There are a series of delicious and fun restaurants on the beach quite close to the hotel, which the staff of the hotel kindly told us about.",The view from the rooms,8.0,Jennifer,France,Family Suite with Balcony,1 night,2022-02-01,Family,,la veranda clean provid everyth need even bottl water room flexibl schedul staff excel seri delici fun restaur beach quit close hotel staff hotel kindli told u,view room,positive,0.33333333333333337,0.0,2,2022
Very Good,Clean and nice place,It takes too long hot water to reach tap/shower in the room,8.0,Rumen,Bulgaria,Double Room,1 night,2022-02-01,Solo traveler,,clean nice place,take long hot water reach tapshow room,positive,0.48333333333333334,0.1,2,2022
Wonderful,Very convenient location for arriving at the airport.,,9.0,Andrew,United Kingdom,Double Room with Balcony,1 night,2022-02-01,Group,,conveni locat arriv airport,,positive,0.0,0.0,2,2022
Very Good,"Very clean, nice bed and linen.
Good value.
Allowed to take dog was the reason for booking.",Some smell from bathroom/water.,8.0,Cyprus007,Cyprus,Double Room with Balcony,1 night,2022-01-01,Couple,,clean nice bed linen good valu allow take dog reason book,smell bathroomwat,positive,0.5555555555555555,0.0,1,2022
Boutique hotel in the quiet area,"Boutique hotel in the quiet area. Staff was friendly and helpful. Only few kilometers from the airport but quite distant from the city center. On the other hand - close to salt lake to have opportunity to watch flamings. Good, tasty breakfest.",,8.0,Mirosław,Poland,Double Room with Balcony,1 night,2021-12-01,Group,,boutiqu hotel quiet area staff friendli help kilomet airport quit distant citi center hand close salt lake opportun watch flame good tasti breakfest,,positive,0.12499999999999999,0.0,12,2021
"Warm and nice, will visit again",A nice and clean boutique hotel. Close to airport and Makenzie beach area. Taxi fare to airport around 15-18 euro.,The room does not maintain well noise insulation. but this is typical in the area,10.0,Shuowei,United Kingdom,Double Room,1 night,2021-12-01,Solo traveler,,nice clean boutiqu hotel close airport makenzi beach area taxi fare airport around euro,room maintain well nois insul typic area,positive,0.48333333333333334,0.0,12,2021
"Great value for money, great staff","Staff were happy to go above and beyond to help me with Covid restrictions for the airport, which was very close by. I actually had a couple of issues that would have made it hard for me to travel had it not been for the staff. The breakfast was good. The room and location were excellent value for money- I was also upgraded a room free of charge, I suspect because the hotel was quite empty. Lovely balcony view of the ocean.",,10.0,Yazmina,United Kingdom,Double Room,1 night,2021-12-01,Solo traveler,,staff happi go beyond help covid restrict airport close actual coupl issu would made hard travel staff breakfast good room locat excel valu money also upgrad room free charg suspect hotel quit empti love balconi view ocean,,positive,0.26166666666666666,0.0,12,2021
Exceptional,"Friendly staff
Very clean and cozy
Close to the airport",,10.0,Vitaliy,Ukraine,Standard Triple Room,1 night,2021-12-01,Family,,friendli staff clean cozi close airport,,positive,0.3666666666666667,0.0,12,2021
Good would stay again,"Did not have breakfast. Good location for airport , only 8 minutes  by car",The Smart television did not work,8.0,Terence,Cyprus,Double Room with Balcony,1 night,2021-12-01,Couple,,breakfast good locat airport minut car,smart televis work,positive,0.7,0.21428571428571427,12,2021
Exceptional,"Very pleasant, helpful and friendly staff.",All good,10.0,Gerard,Ireland,Double Room,1 night,2021-12-01,Solo traveler,,pleasant help friendli staff,good,positive,0.7333333333333334,0.7,12,2021
nice people kind and sweet,clean basic,it was ok,8.0,Luca,Netherlands,Double Room,1 night,2021-11-01,Couple,,clean basic,ok,positive,0.18333333333333335,0.5,11,2021
Home in Larnaca,"It was my second time in the hotel and everything was just great:
the new and well furnished hotel with comfortable rooms;
the location is good, only 20 minutes away from the centre but located in a quiet area;
room was cleaned every day;
the staff is polite and helpful;
wifi is strong all the time;
the hosts are very kind and smiling people;
the Garnish restaurant downstairs is a very warm and cosy place with tasty breakfasts every morning. Mr. Richard and Sendi are awesome, it’s such a pleasure to start a day with their smiles.
In short, I will definitely comeback to La Veranda Hotel, the atmosphere there makes you feel like home.
Worth every Euro you spend.",No such thing.,10.0,Yulia,Russia,Double Room with Balcony,9 nights,2021-12-01,Solo traveler,,second time hotel everyth great new well furnish hotel comfort room locat good minut away centr locat quiet area room clean everi day staff polit help wifi strong time host kind smile peopl garnish restaur downstair warm cosi place tasti breakfast everi morn mr richard sendi awesom it’ pleasur start day smile short definit comeback la veranda hotel atmospher make feel like home worth everi euro spend,thing,positive,0.34895104895104895,0.0,12,2021
Exceptional,,TV CHANNELS TO BE FIXED :),10.0,Chrystalla,Cyprus,Double Room with Balcony,1 night,2021-12-01,Solo traveler,,,tv channel fix,positive,0.0,0.0,12,2021
Exceptional,recently refurbished and very clean!,,10.0,Jorge,United Kingdom,Double Room,1 night,2021-12-01,Couple,,recent refurbish clean,,positive,0.18333333333333335,0.0,12,2021
perfect,"location is good you can take bus 425 from the airport to somewhere close enough to the hotel. stuff were super nice! room is spacious and clean, bed is comfy too.",,10.0,Xinyue,United Kingdom,Double Room,1 night,2021-11-01,Couple,,locat good take bu airport somewher close enough hotel stuff super nice room spaciou clean bed comfi,,positive,0.4,0.0,11,2021
Pleasurable stay guaranteed!,"I had a great experience staying at La Veranda hotel right from start till the end.
The staff was very welcoming and friendly, the room is just as in the pictures; newly renovated, fully functional and most importantly comfortable and clean.
The hotel's location is convenient. Very easy to catch public transportations, many café around and close to the center.",,10.0,Ziad,Lebanon,Double Room,1 night,2021-11-01,Solo traveler,,great experi stay la veranda hotel right start till end staff welcom friendli room pictur newli renov fulli function importantli comfort clean hotel locat conveni easi catch public transport mani café around close center,,positive,0.2704761904761905,0.0,11,2021
Absolutely beautiful!,"My stay at this hotel was a great experience and would definitely come back with my family! The staff was so helpful, friendly and welcoming. My one night stay felt like home! Great location very close to the airport, 1 minute walk to the bus station, beach and restaurants.
The room was very clean and spacious. The mini bar was rich and very well priced, even breakfast was presentable and tasty!
Highly recommended!",It was cold for a swim:),10.0,Fouad,Lebanon,Double Room with Balcony,1 night,2021-11-01,Solo traveler,,stay hotel great experi would definit come back famili staff help friendli welcom one night stay felt like home great locat close airport minut walk bu station beach restaur room clean spaciou mini bar rich well price even breakfast present tasti highli recommend,cold swim,positive,0.3902777777777778,-0.6,11,2021
BEST STAY EVER,"Christmas vibes, nice ambiance. Staff make you feel at home. Quiet area. everything was perfect. definitely will come back.",,10.0,Aline,Lebanon,Double Room,1 night,2021-11-01,Couple,,christma vibe nice ambianc staff make feel home quiet area everyth perfect definit come back,,positive,0.4,0.0,11,2021
Great hotel,It was very clean.,,9.0,Martin,United Kingdom,Two-Bedroom Suite,1 night,2021-11-01,Family,,clean,,positive,0.3666666666666667,0.0,11,2021
Great 1 week stay near the beach,"Very welcoming couple, helpful, and happy to help for any situation or question.
I managed to remote work from the room and balcony, that was pleasant.
Would definitely come again!",,10.0,Matteo,Switzerland,Double Room with Balcony,5 nights,2021-11-01,Couple,,welcom coupl help happi help situat question manag remot work room balconi pleasant would definit come,,positive,0.7333333333333334,0.0,11,2021
Definitely a destination to revisit.,"What i liked most about the hotel is the room, bed sheets and toilet are super clean. Bed is very comfortable. On top of that, the hotel is less than a minute away on foot from the bus station. 
The city is nice, a lot of restaurants, bars and shops in the area. And of course lots and lots of beach shores to relax at, one of which you can get on foot for less than 5 minutes.
The staff was nice, they gave me recommendations on what places to visit and how to roam around.",The weather was a bit cold.,10.0,Elya,Lebanon,Double Room,1 night,2021-11-01,Solo traveler,,like hotel room bed sheet toilet super clean bed comfort top hotel less minut away foot bu station citi nice lot restaur bar shop area cours lot lot beach shore relax one get foot less minut staff nice gave recommend place visit roam around,weather bit cold,positive,0.25416666666666665,-0.6,11,2021
Exceptional,"First off, the staff. They have been so accommodating and easy to deal with and have gone above and beyond to help us out. We had a delayed flight that landed hours late and when we arrived, all the restaurants were closed. Richard was amazing and whipped us up an excellent pizza even though they were long since closed.",,10.0,Josh,Canada,Double Room,1 night,2021-10-01,Couple,,first staff accommod easi deal gone beyond help u delay flight land hour late arriv restaur close richard amaz whip u excel pizza even though long sinc close,,positive,-0.03333333333333333,0.0,10,2021
Exceptional,,"Good place , excellent stuff, we will come back",10.0,Amin,Israel,Two-Bedroom Suite,1 night,2021-11-01,Family,,,good place excel stuff come back,positive,0.0,0.35,11,2021
"The modern, nice hotel with friendly staff","The modern, nice hotel, accommodation for one night before departure. The hotel arranged a taxi to the airport for 15 €",,9.0,Trezesa,Czech Republic,Double Room with Balcony,1 night,2021-10-01,Couple,,modern nice hotel accommod one night departur hotel arrang taxi airport €,,positive,0.4,0.0,10,2021
Loved it staying here,Wonderful people on reception and in the restaurant :) always smiling and glad to help,"Nothing :) it was soo nice and cosy, made me feel welcome from the first moment of arrival",9.0,Anita,United Kingdom,Double Room with Balcony,3 nights,2021-11-01,Solo traveler,,wonder peopl recept restaur alway smile glad help,noth soo nice cosi made feel welcom first moment arriv,positive,0.4,0.425,11,2021
terrific,The management/husband and wife/were fantastic as were all the staff!,,9.0,Irena,Czech Republic,Double Room with Balcony,1 night,2021-10-01,Solo traveler,,managementhusband wifewer fantast staff,,positive,0.0,0.0,10,2021
Clean well maintained hotel,"we stayed in this hotel one night prior to our departure from Cyprus - close proximity to Larnaca airport. close to Mckenzie beach with lots of restaurants for dinner, hotel allowed us to check out later prior to our flight. breakfasts were nice. very clean.",all was good,10.0,Alexander,Russia,Family Suite with Balcony,1 night,2021-10-01,Family,,stay hotel one night prior departur cypru close proxim larnaca airport close mckenzi beach lot restaur dinner hotel allow u check later prior flight breakfast nice clean,good,positive,0.19333333333333333,0.7,10,2021
Very Nice Hotel,"Very clean, staff very welcoming and helpful. Pet friendly hotel, highly recommended we had no extra charge for our dogs, quick response when asking about bringing them. Nice freshly decorated rooms.",Nothing.,9.0,Chris,United Kingdom,Double Room with Balcony,1 night,2021-10-01,Couple,,clean staff welcom help pet friendli hotel highli recommend extra charg dog quick respons ask bring nice freshli decor room,noth,positive,0.32499999999999996,0.0,10,2021
stayed here before airplane departure,the place was very clean and there’s an incredibly kind and helpful staff. food was delicious and everything was very clean. the airport is very close and the beach is a five minute walk away. they were very flexible about our strange schedule.,the pool is tiny and the bathrooms can smell like bad plumbing.,9.0,Mary,Spain,Double Room,2 nights,2021-10-01,Family,,place clean there’ incred kind help staff food delici everyth clean airport close beach five minut walk away flexibl strang schedul,pool tini bathroom smell like bad plumb,positive,0.4444444444444445,-0.6999999999999998,10,2021
Superb value for money stay in a clean hotel with friendly staff!,Super friendly staff. Nicely renovated and clean hotel. Quiet street with sufficient parking facilities. Fantastic value for money.,,10.0,Elias,Belgium,Double Room with Balcony,1 night,2021-10-01,Couple,,super friendli staff nice renov clean hotel quiet street suffici park facil fantast valu money,,positive,0.325,0.0,10,2021
perfect quality for reasonable price,"fresh just renovated, with good wifi, in 5 minutes from airport, super fast checkin/checkout","nothing, maybe they could leave more water",10.0,Andrei,Netherlands,Double Room with Balcony,1 night,2021-10-01,Family,,fresh renov good wifi minut airport super fast checkincheckout,noth mayb could leav water,positive,0.3833333333333333,0.0,10,2021
The Verandas,it’s was exceptionally clean and staff all very friendly,,10.0,Theodora,United Kingdom,Double Room with Balcony,5 nights,2021-10-01,Couple,,it’ except clean staff friendli,,positive,0.3666666666666667,0.0,10,2021
"Excellent stay, faultless hotel!","Perfect location to McKenzie Beach and only a 30 minute walk to the central marina. Everyone was very accommodating and welcoming. 
A nice addition to the very clean and tidy room is Netflix.","I have no reason to complain, everything was great!",10.0,Roland,United Kingdom,Double Room with Balcony,1 night,2021-10-01,Solo traveler,,perfect locat mckenzi beach minut walk central marina everyon accommod welcom nice addit clean tidi room netflix,reason complain everyth great,positive,0.4916666666666667,0.8,10,2021
Wonderful,Did not have breakfast.  Left too early.,Nothing,9.0,Lynne,Spain,Double Room with Balcony,1 night,2021-10-01,Couple,,breakfast left earli,noth,positive,0.0,0.0,10,2021
Wonderful,"Staff were very friendly and extremely helpful. A lovely family hotel, refurbished during the main Corona period. In a quiet area 10 minutes from Larnaca airport. Only 6 minutes walk down to the beach & restaurants.","Refurbishment not totally complete, so safety box wasn’t working. Our room was a family suite (for 4 people), so could do with one more double hook in bathroom for towels.",9.0,Bettina,Denmark,Family Suite with Balcony,1 night,2021-10-01,Family,,staff friendli extrem help love famili hotel refurbish main corona period quiet area minut larnaca airport minut walk beach restaur,refurbish total complet safeti box wasn’t work room famili suit peopl could one doubl hook bathroom towel,positive,0.2222222222222222,0.0,10,2021
Clean and comfortable,"I stayed for one night as I arrived late at night at Larnaca Airport and was going to another city (Limassol) the next day. The receptionist was waiting for me to arrive, even though it was after the usual open hours. The room was very clean, a bit small though, but the bathroom was spacious and the bed was comfortable.",,9.0,Julie,Denmark,Double Room with Balcony,1 night,2021-10-01,Solo traveler,,stay one night arriv late night larnaca airport go anoth citi limassol next day receptionist wait arriv even though usual open hour room clean bit small though bathroom spaciou bed comfort,,positive,-0.07222222222222223,0.0,10,2021
Wonderful,"location, room",,9.0,John,United Kingdom,Double Room with Balcony,1 night,2021-09-01,Solo traveler,,locat room,,positive,0.0,0.0,9,2021
Very Happy,Well organised and clean,,9.0,Simon,United Kingdom,Double Room with Balcony,1 night,2021-10-01,Solo traveler,,well organis clean,,positive,0.3666666666666667,0.0,10,2021
Very nice.,"Excellent everything.  We got there early, around 10 am and they had our room ready.  The place was clean, spacious and really nice.  It was a pleasant walk to the sea but there was not much else to do close by.",More restaurants.,10.0,Christina,United States of America,Family Suite with Balcony,1 night,2021-10-01,Group,,excel everyth got earli around room readi place clean spaciou realli nice pleasant walk sea much els close,restaur,positive,0.47500000000000003,0.0,10,2021
"Modern, clean and good value!","I stayed in this hotel (twice) because of the location to the airport.  But, I found it be clean, modern, comfortable and great value for money.  It is a 10 minute walk to Makenzie Beach and those restaurants, but it also has a nice patio restaurant for a meal or cocktail.  The rooms are a bit small, but they have nice amenities (fridge, coffee making, AC, nice balcony) and are spotless and comfortable.  The staff is nice and it's very welcoming.",location - if you want to be in the center of everything (I didn't),8.0,Kim,Jordan,Double Room with Balcony,1 night,2021-10-01,Solo traveler,,stay hotel twice locat airport found clean modern comfort great valu money minut walk makenzi beach restaur also nice patio restaur meal cocktail room bit small nice amen fridg coffe make ac nice balconi spotless comfort staff nice welcom,locat want center everyth didnt,positive,0.4395833333333334,-0.1,10,2021
Very Good,"Room was excellent, very clean and everything seems fairly new. Staff was very helpful. Location is also very good if you have a morning flight, airport is a 7 min drive away.","The noise from the hallway was very loud, the doors are not sound proofed at all and we couldn't sleep because of the noise that was coming around 11, 12, 1 AM.",8.0,Diana,Romania,Double Room with Balcony,1 night,2021-10-01,Group,,room excel clean everyth seem fairli new staff help locat also good morn flight airport min drive away,nois hallway loud door sound proof couldnt sleep nois come around,positive,0.40101010101010104,0.25,10,2021
Exceptional,"nice small hotel not far from the airport.
everything was good. clean and fresh rooms, good hosts, and 5 min walk to the beach.","smell from the lake, but it doesn’t depend on the hotel.",10.0,Andrii,Ukraine,Two-Bedroom Suite,1 night,2021-10-01,Group,,nice small hotel far airport everyth good clean fresh room good host min walk beach,smell lake doesn’t depend hotel,positive,0.3595238095238095,0.0,10,2021
Wonderful,Clean and freshly renovated room,,9.0,Alina,Ukraine,Double Room with Balcony,1 night,2021-10-01,Solo traveler,,clean freshli renov room,,positive,0.3666666666666667,0.0,10,2021
Wonderful,This Hotel was perfect for us because we arrived late at night with the intention to get some rest before we continued our journey. It’s location was ideal for the purpose of our stay because it’s close to the Larnaca AirPort. The host of the Hotel was so kind and helpful. Always a smile on his face with great energy and amazing hospitality making sure we had a great stay. I would rate him 10/10 for sure!,,9.0,Dino,Sweden,Double Room,1 night,2021-10-01,Couple,,hotel perfect u arriv late night intent get rest continu journey it’ locat ideal purpos stay it’ close larnaca airport host hotel kind help alway smile face great energi amaz hospit make sure great stay would rate sure,,positive,0.5666666666666667,0.0,10,2021
Perfect place for shorter vacations.,"Everything was very clean, the bed was comfortable, spacious bathroom. The beach is very close and the bus to the airport is only 50 meters away.","The room was a bit cramped, but we could fit. It may have been a unique case, but a rather disturbing odor of sewage came out of the drains. The smell could be felt on the street that day as well.",9.0,Gábor,Hungary,Double Room with Balcony,1 night,2021-10-01,Couple,,everyth clean bed comfort spaciou bathroom beach close bu airport meter away,room bit cramp could fit may uniqu case rather disturb odor sewag came drain smell could felt street day well,positive,0.3666666666666667,0.4,10,2021
Wonderful,Small and quiet,,9.0,Spartak,Ukraine,Double Room with Balcony,7 nights,2021-10-01,Couple,,small quiet,,positive,-0.125,0.0,10,2021
Exceptional,The staff was exceptional. They were really customer-centric and kind. The breakfast was really delicious too 😊,Nothing. It was perfect,10.0,Helga,Germany,Double Room with Balcony,4 nights,2021-10-01,Solo traveler,,staff except realli customercentr kind breakfast realli delici,noth perfect,positive,0.6,1.0,10,2021
Exceptional,"Clean fresh nice and peaceful 
Very welcoming",All spot on,10.0,Anna,United Kingdom,Double Room with Balcony,1 night,2021-10-01,Group,,clean fresh nice peac welcom,spot,positive,0.4222222222222222,0.0,10,2021
Wonderful,"The staff was super nice!
We needed a taxi for the airport and they've helped us book it for a really good price (better than everything we've seen online). The room was really clean and the bed was comfortable.","The wifi in the room wasn't great. We had to work that day so we needed a strong wifi, but there is a Cafe Nero 10 minutes away which was perfect.",9.0,Larisa,United Kingdom,Double Room,1 night,2021-09-01,Solo traveler,,staff super nice need taxi airport theyv help u book realli good price better everyth weve seen onlin room realli clean bed comfort,wifi room wasnt great work day need strong wifi cafe nero minut away perfect,positive,0.5,0.7444444444444445,9,2021
Exceptional,Breakfast was exceptional,Size of room was a bit small,10.0,George,United States of America,Double Room,1 night,2021-10-01,Couple,,breakfast except,size room bit small,positive,0.0,-0.25,10,2021
Exceptional,Absolutely clean and friendly staff. Ultimate hygiene. Very clean . Very economic . Staff and owners very friendly and helpful . Location is great . Definitely a place to come again if came to larnaca,Nothing,10.0,Louise,Qatar,Double Room with Balcony,2 nights,2021-10-01,Solo traveler,,absolut clean friendli staff ultim hygien clean econom staff owner friendli help locat great definit place come came larnaca,noth,positive,0.5111111111111112,0.0,10,2021
Good Vibes,"A modern, clean, friendly and all you need for a great Holiday.",,10.0,Teena,United Kingdom,Double Room with Balcony,1 night,2021-09-01,Couple,,modern clean friendli need great holiday,,positive,0.45555555555555555,0.0,9,2021
Fabulous hotel,"Exceptionally friendly and helpful. Tastefully decorated room and super comfy bed.
Dinner and breakfast were freshly made and very tasty.",Couldn’t fault it at all,10.0,Tonia,United Kingdom,Double Room with Balcony,1 night,2021-09-01,Couple,,except friendli help tast decor room super comfi bed dinner breakfast freshli made tasti,couldn’t fault,positive,0.3333333333333333,0.0,9,2021
Wonderful,"Excellent hotel, clean and with excellent owners",Nothing,9.0,Morgan,Australia,Double Room,1 night,2021-09-01,Solo traveler,,excel hotel clean excel owner,noth,positive,0.3666666666666667,0.0,9,2021
"Value for money, friendly staff, brand new facilities","The family running this hotel are very friendly and welcoming! They gave us a free room upgrade. The building and the hotel are brand new. Spotlessly clean. Walking distance to the beach, restaurants and shops. It is away from traffic. Fully stocked minibar with coffee and tea-making facilities. Value for money. We will stay again!
Tip: If you like sleeping in the dark, bring a sleeping mask and/or some blu tack to secure the curtains in place.",On the 4th floor with all the windows and balcony doors locked we could still hear some outside noise.,9.0,Dimitrios,Cyprus,Double Room with Balcony,2 nights,2021-09-01,Couple,,famili run hotel friendli welcom gave u free room upgrad build hotel brand new spotlessli clean walk distanc beach restaur shop away traffic fulli stock minibar coffe teamak facil valu money stay tip like sleep dark bring sleep mask andor blu tack secur curtain place,th floor window balconi door lock could still hear outsid nois,positive,0.18825757575757576,0.0,9,2021
Just great!,"It’s definitely one of the best accommodations I’ve ever been in. Everything was just good:
Clean rooms, cleaning every day;
Great staff and very pleasant hosts;
Strong wi-fi at any time;
Very friendly and comfortable atmosphere.
Garnish restaurant on the ground is amazing! The owner is a very kind person and creative chef. I’ll miss his breakfasts.
In other words, I’ll stay here my next time in Larnaca for sure.",No such thing.,10.0,Yulia,Russia,Double Room with Balcony,14 nights,2021-09-01,Solo traveler,,it’ definit one best accommod i’v ever everyth good clean room clean everi day great staff pleasant host strong wifi time friendli comfort atmospher garnish restaur ground amaz owner kind person creativ chef i’ll miss breakfast word i’ll stay next time larnaca sure,thing,positive,0.55,0.0,9,2021
Exceptional,"Very good value for money, the room was nice, with a big balcony.",A bit farther away than most hotels so it's a bit of a trek to get to get to the busier beach and bars. But the area its in is good for water sports and is where the quieter beaches are.,10.0,Dundon,United Kingdom,Standard Triple Room,2 nights,2021-07-01,Solo traveler,,good valu money room nice big balconi,bit farther away hotel bit trek get get busier beach bar area good water sport quieter beach,positive,0.4333333333333333,0.7,7,2021
Amazing!!,I stay in larnaca every year but this was my first time at La Veranda and I’d 100% recommend! The owners were absolutely lovely and made sure we had everything we needed! Property was clean and modern and location was good.,,10.0,Natasha,United Kingdom,Double Room,12 nights,2021-08-01,Couple,,stay larnaca everi year first time la veranda i’d recommend owner absolut love made sure everyth need properti clean modern locat good,,positive,0.41944444444444445,0.0,8,2021
Exceptional,Extremely friendly people work at La Veranda! they helped us in any possible way. thank you!,,10.0,Alexandra,Russia,Double Room with Balcony,1 night,2021-09-01,Group,,extrem friendli peopl work la veranda help u possibl way thank,,positive,0.0,0.0,9,2021
Wonderful,"great friendly staff, very welcoming, the owner took me personally to our room, and gave me a prime parking spot.
he introduced us to his daughter who was learning the trade and she was super nice and helpful.
couldn't have been more pleased",all good!,9.0,Adam,United Kingdom,Standard Triple Room,3 nights,2021-09-01,Couple,,great friendli staff welcom owner took person room gave prime park spot introduc u daughter learn trade super nice help couldnt pleas,good,positive,0.5777777777777778,0.7,9,2021
Wonderful,"Great location 5 min walk to beach And amenities , staff very good and helpful, rooms were comfortable snd very clean",Notting,9.0,Ian,United Kingdom,Double Room,7 nights,2021-09-01,Solo traveler,,great locat min walk beach amen staff good help room comfort snd clean,not,positive,0.6222222222222222,0.0,9,2021
Last minute booking as I had to change my flights. Very clean and quiet and close to the airport,Very modern and clean,,10.0,Huong,United Kingdom,Double Room with Balcony,1 night,2021-09-01,Solo traveler,,modern clean,,positive,0.2833333333333333,0.0,9,2021
Exceptional,Clean and good communication.,Booked a taxi from the airport was a no show.,10.0,Graeme,United Kingdom,Double Room with Balcony,1 night,2021-09-01,Couple,,clean good commun,book taxi airport show,positive,0.5333333333333333,0.0,9,2021
"Exceptional staff and room cleanliness, an easy 10 minute drive from the airport",We picked up our hire care from the airport and within 10 minutes we had arrived. A family run hotel. Exceptional staff who were so friendly and keen to please. Rooms were also exceptional in their cleanliness and although compact had everything that you might need for your stay. I rarely write reviews but this place deserves to do well. Also only 10 minutes walk from beach and loads of restaurants.,I was happy with everything,10.0,Graeme,United Kingdom,Double Room,1 night,2021-09-01,Couple,,pick hire care airport within minut arriv famili run hotel except staff friendli keen pleas room also except cleanli although compact everyth might need stay rare write review place deserv well also minut walk beach load restaur,happi everyth,positive,0.3,0.0,9,2021
Very Good,"Staff and owners were very welcoming, breakfast was a typical Cypriot one, not much parking around the property which was an apartment before being converted into this hotel, the inside is excellent compared to the view from outside",Aircraft noise does not bother me but the noise from aircraft landing and taking off may be an issue if you have young family or just want a quiet area,8.0,Eben,United Kingdom,Double Room with Balcony,1 night,2021-09-01,Solo traveler,,staff owner welcom breakfast typic cypriot one much park around properti apart convert hotel insid excel compar view outsid,aircraft nois bother nois aircraft land take may issu young famili want quiet area,positive,0.2,0.05,9,2021
Great for your money,Very friendly and helpful staff. Clean rooms. Comfortable bed. Close to bus stop.,Slight smell from toilet after night. Pretty far from major tourist spots.,9.0,Jacek,Poland,Double Room with Balcony,4 nights,2021-09-01,Couple,,friendli help staff clean room comfort bed close bu stop,slight smell toilet night pretti far major tourist spot,positive,0.3666666666666667,-0.009374999999999994,9,2021
Wonderful,"6 mins drive from the airport 
Lovely clean room
Comfortable bed
Easy parking 
Lovely helpful staff",Nothing we didn’t like,9.0,Karen,Cyprus,Double Room with Balcony,1 night,2021-09-01,Couple,,min drive airport love clean room comfort bed easi park love help staff,noth didn’t like,positive,0.45555555555555555,0.0,9,2021
Little Larnaca gem 💎,"Clean, modern room, with comfy bed and great air conditioning. Fab location Close to Mackenzie beach and bars.",,10.0,Leanne,United Kingdom,Double Room with Balcony,1 night,2021-09-01,Family,,clean modern room comfi bed great air condit fab locat close mackenzi beach bar,,positive,0.45555555555555555,0.0,9,2021
Exceptional,"Super clean, good beds.",,10.0,Josef,Czech Republic,Double Room,1 night,2021-09-01,Group,,super clean good bed,,positive,0.4666666666666666,0.0,9,2021
Modern clean 3 * near the airport.,"* Very clean and comfy room with balcony
* Simple clear contemporary decoration
* Near the airport
* Friendly staff.
* Healthy breakfast.","* Weak WiFi
*This hotel being new , the staff , although very friendly , still needs to improve its organisation and collaboration. 
*Pool is very tiny.
* Far from centre town.",9.0,World,Spain,Double Room with Balcony,1 night,2021-09-01,Solo traveler,"Thank you for all your detailed comments;
Actually the swimming pool is for private use, we don’t promote it on booking site thus you are commenting something that is not even accessible for guests.",clean comfi room balconi simpl clear contemporari decor near airport friendli staff healthi breakfast,weak wifi hotel new staff although friendli still need improv organis collabor pool tini far centr town,positive,0.18888888888888888,-0.04621212121212121,9,2021
Exceptional,"Very nice staff, very clean and a home-experience. Definitely recommend",,10.0,Kamal,United Arab Emirates,Double Room with Balcony,1 night,2021-09-01,Solo traveler,,nice staff clean homeexperi definit recommend,,positive,0.48333333333333334,0.0,9,2021
Wonderful,"We’ve chosen La Veranda as we had an early flight from Larnaka airport, and we enjoyed one night stay. There is a beach strip nearby with various restaurants for every taste - we walked there, had cocktails in one place, and a dinner in another. Breakfast in the hotel was great, and we were in the airport in no time at all.",Nothing to complain about,9.0,Daniel,Russia,Double Room with Balcony,1 night,2021-09-01,Family,,we’v chosen la veranda earli flight larnaka airport enjoy one night stay beach strip nearbi variou restaur everi tast walk cocktail one place dinner anoth breakfast hotel great airport time,noth complain,positive,0.6000000000000001,0.0,9,2021
Exceptional,"The communication prior to arriving was brilliant. The staff at the hotel were friendly, polite and nothing was too much for them. Always willing to help in anyway which made our stay enjoyable. Extremely clean too.",,10.0,Angela,United Kingdom,Double Room with Balcony,3 nights,2021-09-01,Family,,commun prior arriv brilliant staff hotel friendli polit noth much alway will help anyway made stay enjoy extrem clean,,positive,0.37333333333333335,0.0,9,2021
Wonderful,"Staff is friendly, hotel is comfortable and clean",,9.0,Rami,Lebanon,Double Room with Balcony,1 night,2021-09-01,Couple,,staff friendli hotel comfort clean,,positive,0.3666666666666667,0.0,9,2021
Great,Location close to airport,N/a,8.0,Snezana,Slovakia,Standard Triple Room,1 night,2021-08-01,Group,,locat close airport,na,positive,0.0,0.0,8,2021
Exceptional,Excellent all round would come again,Good location and nice atmosphere,10.0,Charles,Australia,Double Room with Balcony,1 night,2021-08-01,Solo traveler,,excel round would come,good locat nice atmospher,positive,-0.2,0.6499999999999999,8,2021
"Felt welcome from the time I stepped into the lobby and until my departure. Great people running the hotel, food delicio",Everything!,,10.0,Ann,Norway,Double Room with Balcony,1 night,2021-08-01,Solo traveler,,everyth,,positive,0.0,0.0,8,2021
Very Good,The location near Makanzie Beach6,,8.0,Raymond,Angola,Double Room with Balcony,4 nights,2021-08-01,Couple,,locat near makanzi beach,,positive,0.1,0.0,8,2021
Fantastic place with very helpful staff,"Excellent service, very kind and helpful staff, the room with a balcony overlooking Makenzy and Salt Lake made an amazing impression. I recommend the breakfasts, which are really delicious.",,10.0,Jarosław,Poland,Double Room with Balcony,4 nights,2021-08-01,Couple,,excel servic kind help staff room balconi overlook makenzi salt lake made amaz impress recommend breakfast realli delici,,positive,0.6,0.0,8,2021
Exceptional,"The staff were exceptionally attentive to ensuring that our stay was pleasent. Hospitality was great, highly recommend the hotel 😊",,10.0,Hunor,Hungary,Double Room with Balcony,1 night,2021-08-01,Couple,,staff except attent ensur stay pleasent hospit great highli recommend hotel,,positive,0.8,0.0,8,2021
Perfect place to spend a night before catching your flight,Enjoyed an excellent overnight stay before heading the the airport. Loads of bars and restaurants 5 mins walk away on the beach. Really friendly and accomodating hosts.,,10.0,Adam,United Kingdom,Standard Triple Room,1 night,2021-08-01,Family,,enjoy excel overnight stay head airport load bar restaur min walk away beach realli friendli accomod host,,positive,0.4,0.0,8,2021
Wonderful,"We arrived in the night and were checked-in quickly and slept well the rest of the night, next morning we were ready to continue our trip. The hotel had been just renovated, very convenient for our short stay in Larnaka. Actually, it was a pity not to be able to stay longer. Next time.",,9.0,Seppo,Austria,Standard Triple Room,1 night,2021-07-01,Family,,arriv night checkedin quickli slept well rest night next morn readi continu trip hotel renov conveni short stay larnaka actual piti abl stay longer next time,,positive,0.0,0.0,7,2021
Excellent,Staff excellent and accommodating. Very nice clean rooms,,10.0,Alan,United Kingdom,Double Room with Balcony,1 night,2021-08-01,Couple,,staff excel accommod nice clean room,,positive,0.48333333333333334,0.0,8,2021
Nice choice for travelers in Larnaca,Friendly Staff. Nice room with comfortable beds and nice bathroom. Good choice for travelers in larnaca,,10.0,Jose,Spain,Two-Bedroom Suite,1 night,2021-08-01,Family,,friendli staff nice room comfort bed nice bathroom good choic travel larnaca,,positive,0.6333333333333333,0.0,8,2021
Exceptional,Clean and perfect location.,Nothing.,10.0,Dina,Germany,Standard Triple Room,3 nights,2021-08-01,Group,,clean perfect locat,noth,positive,0.6833333333333333,0.0,8,2021
Very Good,"Location and staff
The food was amazing at the restaurant",Mostly the bathroom floor sink was closed with tapes and there was bugs under it. But I think it was a special case and don't think that all hotel rooms has the same issue.,8.0,Abdulmalik,Saudi Arabia,Double Room with Balcony,1 night,2021-08-01,Couple,,locat staff food amaz restaur,mostli bathroom floor sink close tape bug think special case dont think hotel room issu,positive,0.0,0.35714285714285715,8,2021
"Spotless clean, friendly & efficient staff, excellent breakfast, a throughly enjoyable stay and highly recommended","Extremely clean, newly renovated, efficiently run, good location from the airport and sea.",Nothing,10.0,Sonia,United Kingdom,Double Room with Balcony,1 night,2021-08-01,Couple,,extrem clean newli renov effici run good locat airport sea,noth,positive,0.5333333333333333,0.0,8,2021
"Hotel, service, location - all super great! The only disappointing thing was not really WiFi connection",People working here are the best ever,WiFi,10.0,Anastasiiy,Ukraine,Family Suite with Balcony,5 nights,2021-08-01,Group,,peopl work best ever,wifi,positive,1.0,0.0,8,2021
Wonderful,"Bright, cozy, looks like almost new hotel in silent part of town. Very helpful staff. 15 minutes drive from the airport, 15 walk to the city center, about 300 meters to the nice beach.",TV with only 3 channels. But that was not a big problem :),9.0,Anton,Lithuania,Double Room with Balcony,1 night,2021-08-01,Solo traveler,,bright cozi look like almost new hotel silent part town help staff minut drive airport walk citi center meter nice beach,tv channel big problem,positive,0.2672727272727273,0.0,8,2021
Exceptional,"I stayed for a couple of nights so that I could quickly get to the airport. Cozy, clean hotel, with wonderful staff.  Can also enjoy delicious breakfast, if desired. Nice place, recommend",,10.0,Irina,Russia,Double Room with Balcony,1 night,2021-07-01,Couple,Thank you so much for your nice review and recommendations. We are happy hosting you. Hoping to see you again.,stay coupl night could quickli get airport cozi clean hotel wonder staff also enjoy delici breakfast desir nice place recommend,,positive,0.45555555555555555,0.0,7,2021
Amazing hotel,"Location is great. Rooms were a great size, very clean, modern and comfy.",Pool could of been bigger but you’re right next to an amazing beach “mckenzie beach” so it didn’t matter.,10.0,Kelly,United Kingdom,Double Room,2 nights,2021-08-01,Family,"Thank you so much for your nice comments and the great score. 
you are right, being near makenzie beach , you won’t need a swimming pool. 
Yes actually the swimming pool at the hotel is for private use, thus we don’t promote it on booking sites. But of course our guests are always welcomed if they would like to make use of it.
Hope to see you another time whenever you come to larnaca.",locat great room great size clean modern comfi,pool could bigger you’r right next amaz beach “mckenzi beach” didn’t matter,positive,0.5416666666666667,0.09523809523809523,8,2021
"Comfortable, good location, friendly and helpful.","Richard is the chef at the hotel.  The food he creates is outstanding and delicious.  Even the simplest of food ie. chicken burger and salad was made to taste exceptional.  Whether you stay at the hotel or not you should go to their restaurant for lunch or dinner or both. It will not disappoint and you will want to keep going back.  Richard cooks from the heart.  
Overall the hotel is well situated, the rooms are stylish and the beds very comfortable. The staff are helpful and friendly. 
This was my first stay at the hotel and I would gladly stay again. I highly recommend it.",,8.0,Rewa,United Kingdom,Double Room with Balcony,1 night,2021-08-01,Solo traveler,"Thank you so much for your detailed and kind comments , we were happy hosting you. Thank you for your recommendations on the restaurant and the hotel. Hope to see you another time at la veranda hotel and restaurant.",richard chef hotel food creat outstand delici even simplest food ie chicken burger salad made tast except whether stay hotel go restaur lunch dinner disappoint want keep go back richard cook heart overal hotel well situat room stylish bed comfort staff help friendli first stay hotel would gladli stay highli recommend,,positive,0.037500000000000006,0.0,8,2021
Amazing,"It was very clean, very comfortable easily a 5 star hotel. Very welcoming, 5 minute walk to the beach. The chef is incredible and very friendly, the kind of person who loves nothing more than you enjoying his food!",,10.0,Zoe,United Kingdom,Double Room with Balcony,2 nights,2021-08-01,Family,,clean comfort easili star hotel welcom minut walk beach chef incred friendli kind person love noth enjoy food,,positive,0.4666666666666667,0.0,8,2021
Excellent,"Excellent Hotel.Is my 5th time that i stay in this hotel and i want to say that is better than a 5star hotel.Especially,the chef of La Vernada Hotel is perfest,he made delicious breakfast,lunch and dinner and his food is better than a 5star hotel.Moreover,the price of his hotel and the prices of the food are very good and are not expensive.Absolutely fantastic hotel with an excellent chef that make this hotel perfect.
Konstantinos Charalambous",,10.0,Konstantinos,Cyprus,Double Room,2 nights,2021-08-01,Couple,thank you so much for your nice comments. we are lucky we are hosting you. we hope to see you again and again.,excel hote th time stay hotel want say better star hotelespeciallyth chef la vernada hotel perfesth made delici breakfastlunch dinner food better star hotelmoreoverth price hotel price food good expensiveabsolut fantast hotel excel chef make hotel perfect konstantino charalamb,,positive,0.675,0.0,8,2021
Exceptional,The staff was very friendly. The room was very clean and comfortable. The food was delicious. Highly recommended.,,10.0,Joseph,France,Double Room with Balcony,5 nights,2021-08-01,Solo traveler,thank you so much for your kind comments. hope to see you again,staff friendli room clean comfort food delici highli recommend,,positive,0.3666666666666667,0.0,8,2021
Friendly staff and clean hotel,"Stayed at hotel for 1 night before departure - were pleased by staff and got early breakfast as well as had nice evening in bar. Hotel administrator helped us with taxi. Clean rooms, comfortable beds - everything was giod!",,10.0,Stanislav,Russia,Family Suite with Balcony,1 night,2021-08-01,Family,Thank you so much for the nice comments and great score. We are happy you had a nice stay. Hope to have the chance to host you another time.,stay hotel night departur pleas staff got earli breakfast well nice even bar hotel administr help u taxi clean room comfort bed everyth giod,,positive,0.48333333333333334,0.0,8,2021
Worth it!,"Very nice and helpful staff able to go an extra mile for your satisfaction. This hotel has great location, because it is very close to the airport, beaches and entertainment. Rooms vere very spacy, quiet, tidy with a modern design. Breakfasts were tasty! I was very satisfied with their service and I will surely come bact when I come to Larnaka.",More options for breakfast.,10.0,Josef,Czech Republic,Double Room with Balcony,1 night,2021-07-01,Couple,Thank you very much for your kind comments . We are happy u were satisfied with your stay. We hope to have the chance to see you again whenever you come to larnaca,nice help staff abl go extra mile satisfact hotel great locat close airport beach entertain room vere spaci quiet tidi modern design breakfast tasti satisfi servic sure come bact come larnaka,option breakfast,positive,0.3499999999999999,0.0,7,2021
Exceptional,"hotel was exactly what we needed. great location,walking distance to the beach and close to the airport. interior was clearly recently renovated. staff was very friendly",,10.0,Pavlos,United Kingdom,Double Room with Balcony,1 night,2021-08-01,Couple,Thank you very much for your kind comments. We are happy you were satisfied. Hope to see you again whenever you come to Larnaca,hotel exactli need great locationwalk distanc beach close airport interior clearli recent renov staff friendli,,positive,0.4,0.0,8,2021
Good,The room was clean. The hotel facilitated shuttle service from the airport for an additional cost based on my request. The hotel also very kindly received a package on my behalf prior to my arrival. Maha was responsive and reachable via whatsap and was able to accommodate the needs for my stay. The hotel is good for a layover in Larnaca as it is close to the airport and also allows you access to the beach at 7min walking distance.,,8.0,Méli,Lebanon,Double Room with Balcony,1 night,2021-08-01,Couple,Thank you melissa for your kind comments. We would be always available to serve our guests. We are happy you were overall satisfied .,room clean hotel facilit shuttl servic airport addit cost base request hotel also kindli receiv packag behalf prior arriv maha respons reachabl via whatsap abl accommod need stay hotel good layov larnaca close airport also allow access beach min walk distanc,,positive,0.06666666666666665,0.0,8,2021
Great staff!Very good hotel!,Very friendly and helpful staff.Clean facilities.Good breakfast,Didn’t find anything negative,10.0,Alexey,Ukraine,Two-Bedroom Suite,1 night,2021-08-01,Family,thank you very much for your kind review and great score. hope to see you another time.,friendli help staffclean facilitiesgood breakfast,didn’t find anyth neg,positive,0.0,0.0,8,2021
Amazing,"Amazing hotel, new, clean, staff & management are great…highly recommended",,10.0,Jad,Saudi Arabia,Double Room with Balcony,1 night,2021-08-01,Solo traveler,thank you very much for your kind review and great score. hope to see you another time.,amaz hotel new clean staff manag great…highli recommend,,positive,0.2515151515151515,0.0,8,2021
Exceptional,Excellent service.,,10.0,Mo,United Kingdom,Double Room with Balcony,1 night,2021-08-01,Solo traveler,thank you very much for your kind review and great score. hope to see you another time.,excel servic,,positive,0.0,0.0,8,2021
A++,"The owners, Tony and Joanna were very friendly, welcoming and accommodating as was Richard at the bar/restaurant. Coming off of a US based cruise ship, we had forgotten converters to charge our phones but Tony had multiple for us to borrow. He even had a luggage scale for us as we prepared our suitcases for our departure back home.
The rooms were completely renovated and stunning with brand new air conditioning systems that chilled the rooms within minutes (we rented a 2 bedroom suite). 
Finally, the place was spotlessly clean!",There is nothing negative to say about the property. It was a wonderful stay n,10.0,Christiana,United States of America,Two-Bedroom Suite,1 night,2021-08-01,Family,thank you very much for your nice and detailed  comments and for the  great score. we are happy that you had a nice stay at our hotel. hope to see you another time.,owner toni joanna friendli welcom accommod richard barrestaur come u base cruis ship forgotten convert charg phone toni multipl u borrow even luggag scale u prepar suitcas departur back home room complet renov stun brand new air condit system chill room within minut rent bedroom suit final place spotlessli clean,noth neg say properti wonder stay n,positive,-0.0593939393939394,0.0,8,2021
Richard was fantastic. So helpful polite and caring. Nothing was too much for him. We will definitely recommend this hot,The rooms and and the staff,Nothing,10.0,Ben,United Kingdom,Family Suite with Balcony,1 night,2021-07-01,Family,thank you very much for your kind review and great score. hope to see you another time.,room staff,noth,positive,0.0,0.0,7,2021
Excellent stay overall.,"Very friendly and effective employees and owners.
Brand new fittings and furniture.
Excellent location near the airport and the beach.
Very clean and quite.
I recommend it without any reservation.",Nothing at all,10.0,Nikolaos,United Arab Emirates,Double Room with Balcony,1 night,2021-08-01,Solo traveler,"thank you very much for your kind review, your detailed comments and great score. hope to see you another time.",friendli effect employe owner brand new fit furnitur excel locat near airport beach clean quit recommend without reserv,noth,positive,0.25075757575757573,0.0,8,2021
Glad we picked La Veranda! Everything we were looking for!,"Great location! Convenient to the airport and the beach. Professional and friendly staff. If you are looking to an affordable, clean hotel 5 minutes away from the airport and within walking distance to the beach, restaurants, and other amenities this is the place for you!",Nothing,10.0,Rita,Lebanon,Double Room with Balcony,1 night,2021-07-01,Family,"thank you very much for your nice review , detailed comments and great score. we are happy that you found nothing negative. Hope to see you another time.",great locat conveni airport beach profession friendli staff look afford clean hotel minut away airport within walk distanc beach restaur amen place,noth,positive,0.5833333333333334,0.0,7,2021
Friendly staff,Very good service,,9.0,Imran,United Arab Emirates,Family Suite with Balcony,1 night,2021-07-01,Family,thank you very much for your kind review. hope to see you another time.,good servic,,positive,0.7,0.0,7,2021
it is nice place for tourists short stay. close to the sandy beaches and night live,it is recently renovated building therefore the rooms were nice and clean. Mackenzie Beach promenade is 5 min walk.,close surroundings are not that exciting and clean,9.0,Denis,Cyprus,Double Room with Balcony,1 night,2021-07-01,Family,Thank you for your detailed comments. Hope to host you another time,recent renov build therefor room nice clean mackenzi beach promenad min walk,close surround excit clean,positive,0.32222222222222224,0.3666666666666667,7,2021
Exceptional,"Everything was perfect!
Nice location, excellent rooms, very friendly staff!",,10.0,Demid,Cyprus,Standard Triple Room,1 night,2021-07-01,Family,Thank you for your kind comments and great score. We are happy that you like everything. Hope to see you another tome.,everyth perfect nice locat excel room friendli staff,,positive,0.8,0.0,7,2021
Very Good,"Very clean & modern, good customer service and restaurant/bar very reasonably priced and quality",,8.0,Vanessa,Malta,Double Room with Balcony,2 nights,2021-07-01,Family,thank you very much for your kind comments,clean modern good custom servic restaurantbar reason price qualiti,,positive,0.4222222222222222,0.0,7,2021
Exceeded expectations,"Check in was quick and easy by polite, friendly hotel managers. Great service by Richard (bar manager). Rooms very clean, good quality bed linen and towels, A/C, flat screen tv.
Located 7 minutes walk from beach, restaurants and supermarket. Airport 10 mins by taxi. Larnaca centre 10 mins by bus or about 30 mins walking.
Highly recommend",,10.0,Nicky,United Kingdom,Double Room with Balcony,11 nights,2021-07-01,Group,,check quick easi polit friendli hotel manag great servic richard bar manag room clean good qualiti bed linen towel ac flat screen tv locat minut walk beach restaur supermarket airport min taxi larnaca centr min bu min walk highli recommend,,positive,0.43500000000000005,0.0,7,2021
Exceptional,Amazing place to be honest! Everything was perfect,,10.0,Alejandro,Germany,Double Room with Balcony,1 night,2021-07-01,Solo traveler,thank you so much for your nice comments and for the score; we were happy welcoming you at the hotel; hope to see you again.,amaz place honest everyth perfect,,positive,0.8,0.0,7,2021
Very Good,"Very clean, nice renovated rooms, staff was fantastic and price was great","Need some renovation in lobby and common areas, as well as for the elevator.
During night lights in common areas didn't work well.",8.0,Antreasp,Cyprus,Double Room with Balcony,1 night,2021-06-01,Solo traveler,Thank you so much for your nice  comments; yes we are planning to renovate the lobby but there were a delay from  Covid ; we will check the lights in common areas. thank you,clean nice renov room staff fantast price great,need renov lobbi common area well elev night light common area didnt work well,positive,0.5888888888888889,-0.06666666666666665,6,2021
Very Good,Everything was excellent,,8.0,Vanessa,Malta,Double Room with Balcony,1 night,2021-07-01,Family,"Thank you very much.
Hope to see you again",everyth excel,,positive,0.0,0.0,7,2021
Good inexpensive hotel,"Very modern and clean. Netflix in room an unexpected surprise, but beware, difficult to sign back out of your account! No views but a short walk to nice beach bars. Rebuke is v good. Close to airport.",Room small. But I had the smallest I think.,8.0,Graham,Cyprus,Double Room with Balcony,1 night,2021-07-01,Solo traveler,Thank you for the details; yes actually you had the smallest room in the hotel. We are sorry for any inconvenience,modern clean netflix room unexpect surpris bewar difficult sign back account view short walk nice beach bar rebuk v good close airport,room small smallest think,positive,0.19523809523809524,-0.25,7,2021
Exceptional,Amazing staff. I met the owners at the reception and they took care of my girl and she was very happy with her stay and the room was clean and ready by 12 to check in.,Nothing,10.0,Walid,Saudi Arabia,Standard Triple Room,1 night,2021-07-01,Solo traveler,thank you so much for your nice comments and for the score; we were happy welcoming and taking care of your beautiful daughter at the hotel; hope to see you again.,amaz staff met owner recept took care girl happi stay room clean readi check,noth,positive,0.3666666666666667,0.0,7,2021
In general we are very satisfied with our staying!,"We liked a lot the hotel, it's location and services. But the most we liked — the personnel, especially the Chief. He is real professional, was always trying to prepare for us traditional vegan dishes of local cuisine (always delicious!). More over, he was very friendly and kind-hearted to us, recommending places of interest, routes e.t.c. Thanks to Cyprus, Thanks to La Veranda, thanks to the Chief!)","It would be great to have a clothes dryer at the balcony or in the bathroom, because after the swimming nowhere to dry the wet clothes and towels. 
 After the room cleaning, most hotels provide a bottle of water. It is not expensive for the hotel, but it is demonstrating the care about the clients. We had one bottle only after check in and none for the rest 5 nights.",8.0,Kateryna,Ukraine,Standard Triple Room,6 nights,2021-07-01,Couple,"Thank you for your detailed comments. We are happy you were satisfied during your stay. And you liked the food however the choices were a bit difficult as you are vegan. Our chef tried his best to satisfy you. Regarding the clothes dryer, we didn’t put on the balcony to keep space for table and chairs , and basically you can put your swim suits on the chair, they will dry v quickly in the sun. As for the bottle of water, we don’t renew it as it is a welcoming l, provided upon the chevk-in of our guests.",like lot hotel locat servic like — personnel especi chief real profession alway tri prepar u tradit vegan dish local cuisin alway delici friendli kindheart u recommend place interest rout etc thank cypru thank la veranda thank chief,would great cloth dryer balconi bathroom swim nowher dri wet cloth towel room clean hotel provid bottl water expens hotel demonstr care client one bottl check none rest night,positive,0.1,0.3555555555555556,7,2021
Highly recommended!,The room was fresh and clean. Friendly staff. Highly recommended.,,9.0,Anna,Cyprus,Double Room with Balcony,1 night,2021-07-01,Solo traveler,thank you so much for your nice comments and for the score; we were happy welcoming you at the hotel; hope to see you again.,room fresh clean friendli staff highli recommend,,positive,0.33333333333333337,0.0,7,2021
Amazing Stay,"Amazing stay, near Mackenzie Beach just 2 min walk. The staff is superb, clean and spacious rooms. Will definitely come back again. Much recommended",,10.0,Sarah,Lebanon,Double Room with Balcony,1 night,2021-07-01,Family,Thank you so much for your nice comments and for the score; we were happy welcoming you and your mother at the hotel; hope to see you another time.,amaz stay near mackenzi beach min walk staff superb clean spaciou room definit come back much recommend,,positive,0.33333333333333337,0.0,7,2021
Strongly recommend,"Very good team
Good hospitality
Good food
Smiling and willing people.",,10.0,Fadi,Czech Republic,Double Room with Balcony,1 night,2021-07-01,Family,Thank you so much. Hope to see you again,good team good hospit good food smile will peopl,,positive,0.5999999999999999,0.0,7,2021
Positively surprised!,All was good,A bit small rooms,9.0,Michał,Malta,Double Room with Balcony,1 night,2021-07-01,Group,"thank you so much for your nice comments and for the score; we were happy welcoming you; not all rooms have the same size, your room was a little bit small, as your stay was during a weekend and the hotel was fully booked; we hope to see you another time and to provide you a bigger room.",good,bit small room,positive,0.7,-0.25,7,2021
Stay!,"Perfect play renovated to relax! The owners (mum&children from lebanon) are very kind and ready to help even they invite you to sit with them and relax with a drink at night! The rooms are brand new very good bedding!
Furthermore, i can speak about richard the chef of the hotel! He makes you feel like you know each other years before..!he is kind polite ready to help you with whatever you want to eat and drink! Delicious food and 5* facilities! Keep going guys and for sure is my favourite place for holidays!",Nothing!,10.0,Chris,Cyprus,Double Room with Balcony,4 nights,2021-07-01,Solo traveler,Thank you so much for your nice and details comments and for the great score; your stay with us was amazing; we also felt as if we knew you long time; we are happy you liked the food as well. hope to see you again.,perfect play renov relax owner mumchildren lebanon kind readi help even invit sit relax drink night room brand new good bed furthermor speak richard chef hotel make feel like know year beforeh kind polit readi help whatev want eat drink delici food facil keep go guy sure favourit place holiday,noth,positive,0.5893939393939395,0.0,7,2021
good city hotel for a reasonable price,"New hotel  - so everything is modern and clean (and good bed linen, furniture)
5 minutes walk to Makkenzy beach (with planes landing just above you)
Staff is very polite and friendly
30 minutes walk to city center (10 minutes bus drive)","The lock on the balcony's door was broken (however they sayd ""we repaired it"" when I asked it wasn't done, the lock wasn't closing as it should)
I see it as a problem, cause with the door unlocked theoretically anyone could open the door from the balcony and the noise from the street was entering to my room through the ""crack"".
I almost broke the showers door, cause when you open the shower the door touches the toilet",8.0,Yuliya,Israel,Double Room with Balcony,5 nights,2021-07-01,Solo traveler,"thank you so much for your nice comments; regarding the lock, basically it is not broken but it need a little adjustment in order to make the closing more soft; we repair it after your check-out. we are sorry for this inconvenience.",new hotel everyth modern clean good bed linen furnitur minut walk makkenzi beach plane land staff polit friendli minut walk citi center minut bu drive,lock balconi door broken howev sayd repair ask wasnt done lock wasnt close see problem caus door unlock theoret anyon could open door balconi nois street enter room crack almost broke shower door caus open shower door touch toilet,positive,0.2606060606060606,-0.10833333333333334,7,2021
Great location,"Nice  modern bedroom, nice greek breakfast and hotel great location, shame i only stayed one night",,8.0,Paul,United Kingdom,Double Room with Balcony,1 night,2021-07-01,Solo traveler,thank you so much for your nice comments; we were happy welcoming you at the hotel; hope to see you again.,nice modern bedroom nice greek breakfast hotel great locat shame stay one night,,positive,0.44000000000000006,0.0,7,2021
Exceptional,A wonderful place run by wonderful people!,,10.0,Isaac,Switzerland,Double Room with Balcony,2 nights,2021-07-01,Solo traveler,"Thank you so much for your wonderful comment and for the great score; you are a wonderful guest, we  felt as if we knew you long time; . hope to see you again soon.",wonder place run wonder peopl,,positive,0.0,0.0,7,2021
"Excellent hotel with great service, very clean and great food!","This hotel was excellent and exceeded all my expectations. The restaurant had delicious food, the service was incredible, rooms were to a very high standard and clean. I am very pleased to stay here and grateful for the staff, they have been helpful, kind and professional. I highly recommend this hotel.",,10.0,Ghada,Bahrain,Double Room with Balcony,1 night,2021-07-01,Solo traveler,"Thank you so much , we are happy that your are pleased and comfortable; thanks for your kind words and comments;  hope to see you again.",hotel excel exceed expect restaur delici food servic incred room high standard clean pleas stay grate staff help kind profession highli recommend hotel,,positive,0.2816666666666667,0.0,7,2021
Best hotel in Cyprus,"If I could give more than a rating of 10 I would. 
The location is amazing. Being close to the airport in Larnaka makes travelling easier. Also being right next to the Salt Lake is a must-see especially if there is a good sunset. 
Within a 10 minute walk you can be on MacKenzie beach which is well maintained and cleaner than other beaches we seen in Larnaka. Rebuke lounge at the beach is worth visiting for the quality of food and decor. 
The hotel is next to a bus stop for travelling between downtown and other locations. Very handy since we didn’t hire a car. 
The staff make this hotel great. They are friendly, warm, helpful. Always willing to do more to make the guest have a better stay. 
The recently renovated room is about as clean as it could be. The facilities are modern and new. The shower is amazing for couples to use together. The balcony is a nice addition to an already fresh, well presented room. 
The double bed is extremely comfortable and the new bedding was a delight. It is hard to get a comfortable sheet to sleep with in a country as warm as Cyprus but we were happy with everything offered by the hotel. 
The minibar was extremely reasonably priced and well stocked. 
Aircon perfect, easy to use. 
Wifi great when we used it. 
We didn’t take advantage of the pool in the hotel only because we ran out of time but on another trip we would have done so. 
The front of the hotel is an extremely nice place to unwind in the evening.",Minor point: a bar for hanging clothes in the room was the only thing we felt was missing to improve our stay.,10.0,James,United Kingdom,Double Room with Balcony,3 nights,2021-07-01,Couple,"thank you,  thank you soo much, we really appreciated your comments and the detailed description; you are amazing, we are glad you enjoyed your stay with us, we were so happy  having you as our guests; hope to see you another time. and again, thanks for every detail you wrote about us and the hotel.",could give rate would locat amaz close airport larnaka make travel easier also right next salt lake mustse especi good sunset within minut walk mackenzi beach well maintain cleaner beach seen larnaka rebuk loung beach worth visit qualiti food decor hotel next bu stop travel downtown locat handi sinc didn’t hire car staff make hotel great friendli warm help alway will make guest better stay recent renov room clean could facil modern new shower amaz coupl use togeth balconi nice addit alreadi fresh well present room doubl bed extrem comfort new bed delight hard get comfort sheet sleep countri warm cypru happi everyth offer hotel minibar extrem reason price well stock aircon perfect easi use wifi great use didn’t take advantag pool hotel ran time anoth trip would done front hotel extrem nice place unwind even,minor point bar hang cloth room thing felt miss improv stay,positive,0.3634972170686456,-0.05,7,2021
Exceptional,perfect,,10.0,Giannis,Cyprus,Double Room with Balcony,1 night,2021-06-01,Group,,perfect,,positive,1.0,0.0,6,2021
Exceptional,"Superbly refurbished, with high-tech displays “clean/DnD” outside.",Taller people be careful of doorway leading to elevator - being 190 i head-bumped…,10.0,Leonid,Lithuania,Double Room with Balcony,3 nights,2021-06-01,Solo traveler,thank you for your nice comments; nice remark for tall people :),superbl refurbish hightech display “cleandnd” outsid,taller peopl care doorway lead elev headbumped…,positive,0.0,0.0,6,2021
Memorable stay,"The bed, the customer service",,10.0,Tamba,Ireland,Double Room with Balcony,2 nights,2021-07-01,Group,thank you; we are glad you had a comfortable stay at our hotel!,bed custom servic,,positive,0.0,0.0,7,2021
Wonderful,"Great staff, very clean and modern rooms, great value",,9.0,Jami,United States of America,Two-Bedroom Suite,4 nights,2021-06-01,Family,thank you very much for your nice comments; hope to see you and your lovely family another time at La veranda hotel.,great staff clean modern room great valu,,positive,0.5416666666666667,0.0,6,2021
Exceptional Stay!!,"Walking distance from the Mackenzie beach, beach lounges and restaurants.. the hotel and room were super clean. The staff were really welcoming and breakfast was awesome. Would definitely book again upon my next visitz",,10.0,Guy,Germany,Double Room with Balcony,1 night,2021-06-01,Couple,Thank you very much for your kind comments; we are happy you enjoyed your stay; we were happy to serve you; hope to see you again,walk distanc mackenzi beach beach loung restaur hotel room super clean staff realli welcom breakfast awesom would definit book upon next visitz,,positive,0.2333333333333333,0.0,6,2021
Value for money,We liked everything! The staff and hosts were great! Quiet place! Pet friendly! Will visit again for sure! Value for money! Just an amazing place.,,10.0,Theofano,Cyprus,Double Room with Balcony,1 night,2021-06-01,Group,thank you very much for your kind comments; we are happy you like everything here; we were happy to serve you; hope to see you again,like everyth staff host great quiet place pet friendli visit sure valu money amaz place,,positive,0.43333333333333335,0.0,6,2021
Great option for overnight stay near LCA airport,"Close to airport - just 7-10 min by taxi (15€). Clean, fresh rooms with all you need for overnight stay. Very friendly staff.",The bottle with hair/body wash was empty. Aircon had just one uncontrolled speed. There were no adapters for CY sockets. The blanket was too warm for summer night.,8.0,Sergey,Russia,Double Room with Balcony,1 night,2021-06-01,Couple,"thank you for your nice review; we are sorry for not filling the soap bottle; the air condition has multiple speed, we wished you asked us to show you how change the speed; we brought more CY sockets for our guests. hope to see you again, we will do our best to make your next visit more comfortable.",close airport min taxi € clean fresh room need overnight stay friendli staff,bottl hairbodi wash empti aircon one uncontrol speed adapt cy socket blanket warm summer night,positive,0.33333333333333337,0.6,6,2021
Wonderful,Very nice and kind stuff! Breakfast was tasty and excellent.,,9.0,Viktor,Bulgaria,Double Room with Balcony,1 night,2021-06-01,Solo traveler,thank you very much for your kind review; we are happy you had a great stay and great breakfast,nice kind stuff breakfast tasti excel,,positive,0.6,0.0,6,2021
Exceptional,"Everything. Very friendly and helpful staff, comfortable rooms, great location. Highly recommend.",Nothing,10.0,Dmytro,Ireland,Double Room with Balcony,1 night,2021-06-01,Solo traveler,thank you very much for your kind comments ; we are happy you were comfortable; thank you for recommending our hotel; hope to see you another time,everyth friendli help staff comfort room great locat highli recommend,noth,positive,0.8,0.0,6,2021
STAY WAS GOOD,A LITTLE BIT FAR FROM SEA,,10.0,Evgeny,Israel,Double Room with Balcony,1 night,2021-06-01,Solo traveler,"Thank you for the rating you provided; regarding the access to the beach, actually there is a shorcut from our hotel to Makenzie beach with a distance of 250meter. We would be happy to welcome you another time at La Veranda hotel and we show the shortcut to the beach.",littl bit far sea,,positive,0.1,0.0,6,2021
Highly Recommend,"My stay was fantastic, steps to Makenzy beach, cafés, and restaurants. Easy access to nightlife. The building is very clean and made for a comfortable stay. The staff made me feel welcome and was very helpful when asking about things to do. Definitely will be back!",I wish I stayed longer!,10.0,Jayk,Canada,Double Room with Balcony,1 night,2021-05-01,Solo traveler,thank you very much for your great review; hope to see you another time and to stay with us longer,stay fantast step makenzi beach café restaur easi access nightlif build clean made comfort stay staff made feel welcom help ask thing definit back,wish stay longer,positive,0.18333333333333335,0.0,5,2021
Amazing little hotel spotless clean and new,"This hotel is very new and completely renovated. It’s spotless clean, comfortable and very good service from the family that owns it.
We felt very welcome. The room is completely new and very clean. The mini bar was really well equipped and very cheap. Free parking, close to the city and very accessible by any transportation.",,10.0,Johan,Denmark,Double Room with Balcony,1 night,2021-05-01,Couple,"Thank you sir for your kind words, we are happy you had a pleasant stay; it was our pleasure to welcome you at our hotel , looking forward to see another time.",hotel new complet renov it’ spotless clean comfort good servic famili own felt welcom room complet new clean mini bar realli well equip cheap free park close citi access transport,,positive,0.38825757575757575,0.0,5,2021
Everything was beyond my expectations. Perfect stay for vacation as well as business travelers.,I had a wonderful experience at La Veranda hotel. Staff was amazing and very welcoming. Rooms are so clean and comfortable with variety of snacks at very affordable price. Walking distance from the beach and very easy access to public transportation,Nothing,10.0,Miguel,United Arab Emirates,Double Room with Balcony,1 night,2021-05-01,Solo traveler,"thank you for your nice comments, we are happy that you had a great stay exceeding your expectations; hope to have the chance of welcoming you at our hotel another time.",wonder experi la veranda hotel staff amaz welcom room clean comfort varieti snack afford price walk distanc beach easi access public transport,noth,positive,0.18333333333333335,0.0,5,2021
Close to the airport and salt lake - amazing breakfast!,Family room that fits a family of five. Fantastic breakfast. Close to jogging trails along the lake and close to the airport. Plus a super friendly staff.,,7.0,David,United States of America,Suite with Balcony,1 night,2022-11-01,Family,,famili room fit famili five fantast breakfast close jog trail along lake close airport plu super friendli staff,,neutral,0.3666666666666667,0.0,11,2022
"The staff were very friendly, a nice clean simple place to stay as a base.  Nothing else.","The room sizes were excellent for the wheelchair.
The hotel was airy and light.
The hotel was nice and very clean.  It was the reason why I booked (the reviews).
It was great accessibility to where we wanted to be.","The breakfast could have had more variety.  They had no cereal on offer at all.  They had no ordinary tea on offer.  It was al Earl Grey. No proper plan tea.
This hotel is accessible to wheelchairs but there ramps are not to EU regulations.  VERY STEEP.  They really need to sort this.  The ramp right outside is very dangerous.  I am surprised I wasn't wheeled of this ramp.  I think booking.com should investigate this.",5.0,Nicky,United Kingdom,Double Room with Balcony,5 nights,2022-11-01,Group,"Thank you for your review, the ramp near the main entrance door is for the luggage and not for the wheelchair. 
The ramp for the wheelchair is at the other side of the hotel but it was occasionally under renovation as it was accidentally broken by a van. However, there is another wheelchair access near the outside steel ledder (same as the night access to the hotel). We wished you have raised this point at the reception, we could have clarified this for you.
We are sorry for this inconvenience.",room size excel wheelchair hotel airi light hotel nice clean reason book review great access want,breakfast could varieti cereal offer ordinari tea offer al earl grey proper plan tea hotel access wheelchair ramp eu regul steep realli need sort ramp right outsid danger surpris wasnt wheel ramp think bookingcom investig,neutral,0.5416666666666667,0.07857142857142857,11,2022
It was all right but i think.the price could have been cheaper .,I Didn't eat at hotel .comfortable bed lovely soft duvet and pillows.good shower,2 times noise in week 4 a.m from people picking rubbish into large lorries .,7.0,Regina,United Kingdom,Double Room with Balcony,6 nights,2022-11-01,Solo traveler,,didnt eat hotel comfort bed love soft duvet pillowsgood shower,time nois week peopl pick rubbish larg lorri,neutral,0.3,0.0,11,2022
"very clean, friendly and exceptionally helpful staff.",spotlessly clean and the staff were so helpful.,it was not on the beach front as we were under the impression it was.,7.0,Sally,United Kingdom,Double Room with Balcony,1 night,2022-11-01,Group,,spotlessli clean staff help,beach front impress,neutral,0.3666666666666667,0.0,11,2022
Pleasant,very clean,not enough pillows,6.0,Joanna,United Kingdom,Budget Twin Room,1 night,2022-11-01,Group,"Thank you for your comments; you could rather ask for extra pillows, we would be happy to provide you.",clean,enough pillow,neutral,0.3666666666666667,0.0,11,2022
Pleasant,Quiet location.,"Bed was very soft and uncomfortable for me.
Parking was very limited.",6.0,Charis,Cyprus,Double Room with Balcony,1 night,2022-10-01,Solo traveler,,quiet locat,bed soft uncomfort park limit,neutral,0.0,0.1,10,2022
Good,"Everything was pretty good, and as expected","Windows should be closed, as the front building looks right into your room.",7.0,Davit,Armenia,Budget Twin Room,1 night,2022-10-01,Family,,everyth pretti good expect,window close front build look right room,neutral,0.7,0.2857142857142857,10,2022
Pleasant,The room was large and had a nice balcony. The bus stop into town was around the corner.,There was nothing close by for a mini Mart. The restaurant was decent.,6.0,Markos,United States of America,Double Room with Balcony,2 nights,2022-08-01,Solo traveler,,room larg nice balconi bu stop town around corner,noth close mini mart restaur decent,neutral,0.6,0.16666666666666666,8,2022
Good,Clean and comfortable. Cute balconies. Short walk to Mckenzie beach.,Street parking.,7.0,Cemre,Cyprus,Two-Bedroom Suite,1 night,2022-09-01,Group,,clean comfort cute balconi short walk mckenzi beach,street park,neutral,0.2888888888888889,0.0,9,2022
Disappointing,"I really liked how polite and friendly the staff was, and I also liked the size of the room an the bed","There are various things I would love to see improved, listed here:
- the shower of our room is very inconviniently placed, making a mess because of insufficient coverage of the bathroom glass
- the edges of the shower (between wall tiles and the shower floor) need replacement - they are hollow and seem moldy
- the bin is rusty
- the mirror is weirdly placed, on the right of the sink
- due to the placement of the curtains, a lot of light gets in the room in the morning
- there is no designated parking, you just park wherever you find
- we have requested late check out (1pm) which we got and we appreciate it. However, we got a call that prompted us to check out at the normal time (12pm) as the next customers would arrive. I exllained thay we have been granted late check out and the clerk apologised. No problem for this, but I find it important to keep staff updated about these things.",4.0,Sokratis,Cyprus,Double Room with Balcony,1 night,2022-09-01,Couple,,realli like polit friendli staff also like size room bed,variou thing would love see improv list shower room inconvini place make mess insuffici coverag bathroom glass edg shower wall tile shower floor need replac hollow seem moldi bin rusti mirror weirdli place right sink due placement curtain lot light get room morn design park park wherev find request late check pm got appreci howev got call prompt u check normal time pm next custom would arriv exllain thay grant late check clerk apologis problem find import keep staff updat thing,negative,0.0,0.03357142857142857,9,2022
Good,Near to the airport,There was some kind of unpleasant smell in the bathroom,7.0,Sonja,Germany,Standard Triple Room,1 night,2022-09-01,Family,,near airport,kind unpleas smell bathroom,neutral,0.1,0.6,9,2022
Poor,close to the airports,this is a guesthouse that is priced like a hotel,3.0,Lior,Israel,Two-Bedroom Suite,1 night,2022-09-01,Family,,close airport,guesthous price like hotel,negative,0.0,0.0,9,2022
Overpriced for such small room,"Maria and Richard are really great hosts! Very kind and hospitable. Maria has offered an adapter immediately.
The room was perfectly clean.
This is a good transitioning for one night, like I had. Or just to sleep over.
Central location.","Size of the room is one of the smallest I have ever seen. There is no space for the suitcase  nor a wardrobe. No sitting area.
There is a terrace which Sun hits all the time, except for the early morning.
For that money for which I used to pay better hotels in Valencia  you get one small water bottle.",4.0,Dragan,Egypt,Double Room with Balcony,1 night,2022-08-01,Family,,maria richard realli great host kind hospit maria offer adapt immedi room perfectli clean good transit one night like sleep central locat,size room one smallest ever seen space suitcas wardrob sit area terrac sun hit time except earli morn money use pay better hotel valencia get one small water bottl,negative,0.49333333333333335,0.125,8,2022
Good,"It was clean, the beds were comfortable.",For what you get it was a bit expensive. The rooms were a bit small for a suite. No breakfast included. We tried it one time at their restaurant and it was low quality compared to an original greek breakfast. Didn't eat there again.,7.0,La_venia,Germany,Two-Bedroom Suite,4 nights,2022-08-01,Couple,,clean bed comfort,get bit expens room bit small suit breakfast includ tri one time restaur low qualiti compar origin greek breakfast didnt eat,neutral,0.3666666666666667,-0.08333333333333333,8,2022
Not a good night's sleep!,"Very friendly people.
Very spacious and clean room.
Very close to the Larnaka airport as we needed it to be.","The duvet was for the winter and even with 23 degrees Celsius on the a/c it was unbearable!
No simple sheets on the bed either...
Our only other choice was to close the a/c an go without covers but we could not open the windows because it was very very noisy. 
Also the windows had no soundproofing whatsoever because the noise was too much!!
We gave the duvet a chance up to 3 am and then got up and opened the windows when the noise went down. We had to leave to catch a flight at 5am... Not a good night's sleep!!!
Also the room had a hair dryer and a kettle that we could not use because the plugs did not fit the sockets and the hotel didn't provide adaptors... So no use of that service in the room either!",6.0,Maria,Cyprus,Double Room with Balcony,1 night,2022-07-01,Couple,,friendli peopl spaciou clean room close larnaka airport need,duvet winter even degre celsiu ac unbear simpl sheet bed either choic close ac go without cover could open window noisi also window soundproof whatsoev nois much gave duvet chanc got open window nois went leav catch flight am good night sleep also room hair dryer kettl could use plug fit socket hotel didnt provid adaptor use servic room either,neutral,0.3666666666666667,0.25999999999999995,7,2022
Useful on arrival,Usefully located hotel in between city centre and airport. Restaurant stayed open reasonably late so I could eat after an evening arrival in Cyprus.,Restaurant was offering a rather narrow set of choices compared to what was listed on the menu. Room quite small.,7.0,Alexander,United Kingdom,Double Room,1 night,2022-04-01,Solo traveler,"Thank you for your comments; you choose a room without balcony in your reservation, these types of rooms are small, however we upgraded your reservation to a room with balcony but same size. 
As for the restaurant, you stayed in 8 April, we were still preparing the menu and the food for the summer season, actually all the food listed in the menu are now available.
Sorry for any inconvenience.",use locat hotel citi centr airport restaur stay open reason late could eat even arriv cypru,restaur offer rather narrow set choic compar list menu room quit small,neutral,-0.15,-0.225,4,2022
Pleasant,"Friendly Staff!
Very modern rooms","Bath room was cleaned rather superficially, so that medium nice with hair not being removed.",6.0,Eric,Germany,Double Room with Balcony,3 nights,2022-04-01,Solo traveler,,friendli staff modern room,bath room clean rather superfici medium nice hair remov,neutral,0.2,0.48333333333333334,4,2022
Good,"Break fast was PERFECT, the room was PERFECT. Some issues with internet and location, bit far from the center, but very quite Area around.",Cold floor in the room :-),7.0,Daria,Denmark,Double Room,1 night,2022-03-01,Solo traveler,,break fast perfect room perfect issu internet locat bit far center quit area around,cold floor room,neutral,0.44000000000000006,-0.6,3,2022
Everything we expected and everything we needed. Very happy.,Breakfast was very filling. It was located on the table in front of us (funny question).,Room was a little cold. The hotel hadn’t yet opened up for the season. It was a little hard to find.,7.0,Dave,United Kingdom,Two-Bedroom Suite,1 night,2022-03-01,Family,,breakfast fill locat tabl front u funni question,room littl cold hotel hadn’t yet open season littl hard find,neutral,0.0,-0.2972222222222222,3,2022
friendly staff,"clean room, friendly staff","off season, so no bar / restaurant/ pool, which was not clear on booking.",5.0,Rhiannon,United Kingdom,Double Room,1 night,2022-01-01,Solo traveler,"Thank you for your comments- the restaurant and bar are always open all year around.  But one of our kitchen staff was tested positive, therefore we closed for many days in order to sterilize then we open again. we are sorry for any inconvenience.",clean room friendli staff,season bar restaur pool clear book,neutral,0.3666666666666667,0.09999999999999999,1,2022
nice and clean but not friendly lady.,nice and very clean.,that they couldn’t wait for 15min as i had just fractured my ankle and need to change my bandage and the Lady of the house was literally standing next to the door with a cleaner to clean the room. so i left without changing my bandage and had to do it outside on the street.,6.0,Samira,United Kingdom,Double Room with Balcony,1 night,2021-11-01,Couple,,nice clean,couldn’t wait min fractur ankl need chang bandag ladi hous liter stand next door cleaner clean room left without chang bandag outsid street,neutral,0.48333333333333334,0.12222222222222223,11,2021
nice hotel for a short stay,Nice clean little hotel next to the airport,Breakfast was below average,7.0,Mariia,Poland,Standard Triple Room,1 night,2021-10-01,Family,,nice clean littl hotel next airport,breakfast averag,neutral,0.32222222222222224,0.0,10,2021
Pleasant,"Location very good, didn't have breakfast but the evening meal was poor as it isn't really a bar or a restaurant.",,6.0,Ian,Cyprus,Double Room with Balcony,1 night,2021-11-01,Solo traveler,,locat good didnt breakfast even meal poor isnt realli bar restaur,,neutral,0.14999999999999997,0.0,11,2021
Adequate and handy for airport,the staff were lovely,The bed and pillows were very uncomfortable and the telly was not working properly,7.0,Neil,United Kingdom,Double Room,1 night,2021-11-01,Solo traveler,,staff love,bed pillow uncomfort telli work properli,neutral,0.5,0.0,11,2021
Good for a short stay,"Clean room. Good location for makenzie beach. comfortable bed
Staff was excellent","Complimentary coffee/tea in our bedroom was not replenished after the first night. Only one coffee sachet for a double room. 
Whatever was used from the fridge was also not replenished.
There were no thin curtains to allow for some light to come through into the bedroom; and so you had to draw the thick curtains if you wanted privacy.",7.0,Eleni,United Kingdom,Double Room with Balcony,3 nights,2021-10-01,Couple,,clean room good locat makenzi beach comfort bed staff excel,complimentari coffeetea bedroom replenish first night one coffe sachet doubl room whatev use fridg also replenish thin curtain allow light come bedroom draw thick curtain want privaci,neutral,0.5333333333333333,-0.012499999999999997,10,2021
Good,Close to the airport,We booked a taxi at 04:30 in the morning to go to the airport. Very frustrating that the host didnt inform us that his taxi had a double Booking instead of ordening another for us.,7.0,Karlijn,Netherlands,Double Room with Balcony,1 night,2021-10-01,Couple,,close airport,book taxi morn go airport frustrat host didnt inform u taxi doubl book instead orden anoth u,neutral,0.0,0.0,10,2021
FRIENDLY STAFF,"Friendly and Helpful Staff.
 Room Cleanliness",,7.0,Egonab,Jordan,Double Room with Balcony,1 night,2021-09-01,Solo traveler,,friendli help staff room cleanli,,neutral,0.0,0.0,9,2021
Fair,Property is perfectly located close from the airport and close to the famous Makenzie Beach. Neat and modern hotel facility.,"Property feels cold without an warm inviting atmosphere, as it’s to minimalistic. Rooms are a nice size but is unfortunately situated on top of the outside bar area. Twin beds are provided and the pillows is not comfortable at all. The shower in the bathroom is open in-front which results in the whole floor being wet. Property have a great potential with some care.",5.0,Hanro,Cyprus,Double Room with Balcony,1 night,2021-09-01,Solo traveler,,properti perfectli locat close airport close famou makenzi beach neat modern hotel facil,properti feel cold without warm invit atmospher it’ minimalist room nice size unfortun situat top outsid bar area twin bed provid pillow comfort shower bathroom open infront result whole floor wet properti great potenti care,neutral,0.2,0.25,9,2021
One Night Stay,"Chose this hotel because of it’s proximity to airport. One nights stay straight from the flight before travelling onwards next morning to other areas. Easy to find (car hire) using Google maps. Friendly welcoming staff, easy check-in. The hotel itself is spotlessly clean, COVID prevention measures taken. Never ate there, cold beers available (& needed) from bar downstairs or mini-bar in room. Very quiet neighbourhood - not sure what’s nearby etc as up & away early next morning. Would certainly recommend for this type of trip & will probably use again next time.",Nothing to report.,7.0,Christopher,United Kingdom,Double Room with Balcony,1 night,2021-09-01,Solo traveler,,chose hotel it’ proxim airport one night stay straight flight travel onward next morn area easi find car hire use googl map friendli welcom staff easi checkin hotel spotlessli clean covid prevent measur taken never ate cold beer avail need bar downstair minibar room quiet neighbourhood sure what’ nearbi etc away earli next morn would certainli recommend type trip probabl use next time,noth report,neutral,0.058333333333333334,0.0,9,2021
"Everything was broken, beds not what we wanted",close to mackenzie beach,"Safe didn’t work, back door balcony in other bedroom wouldn’t lock, do not disturb sign didn’t work (electronic) 
asked for double bed and got two single beds next to eachother 
very noisy guests. Waited 10 minutes for someone to come greet us for check in, no one on desk 
Guy on desk told us we had not paid but we did 
then he took a picture of my passport which no hotel does at all which was very strange ?????",1.0,Alexandra,United Kingdom,Family Suite with Balcony,2 nights,2021-09-01,Couple,"we are sorry for your bad experience; actually 90% of the bed configuration at our hotel is double bed but you booked last-minute booking and we are fully booked therefore there were no doublebed available; you stayed 2 days, we would move you to another room the second day if you would ask. as for the safebox, the balcony door, we would appreciate that you told us at the reception in order to solve them immediately as the safebox needs batteries and the balcony door needs little regulation; these things could be solved immediately if you would tell us.
Again, we are sorry for your bad experience at our hotel.",close mackenzi beach,safe didn’t work back door balconi bedroom wouldn’t lock disturb sign didn’t work electron ask doubl bed got two singl bed next eachoth noisi guest wait minut someon come greet u check one desk guy desk told u paid took pictur passport hotel strang,negative,0.0,0.16666666666666666,9,2021
Good,,Very noisy neighborhood,7.0,Marcin,Poland,Double Room with Balcony,2 nights,2021-08-01,Solo traveler,,,noisi neighborhood,neutral,0.0,0.0,8,2021
Only for 1 night (if you check-in at 10pm),"It’s clean, you can easily pass here one night before flying back","The location was not great, the pool not even to be considered, the overall hotel installation is badly maintained. It’s in front of a pension and so close that people could see the colour of my underwear. 
The aircon was too strong so we’d opened the windows, big mistake! Very noisy (I’ve asked quiet room).
The lift broke, the guy was offended becawe asked to see the room before paying….
The pictures of the room are accurate but fot the hotel installation and pool have a look to ‘Pasithea Apartments’",5.0,Laura,Switzerland,Family Suite with Balcony,1 night,2021-08-01,Family,"thank you for your comments and thank you for stating that the pictures were accurate  as we always try to be transparent with our guests. 
Actually the swimming pool at the hotel is for private use, thus we don’t promote it on booking sites. But of course our guests are always welcomed if they would like to make use of it.
As for the air conditioning, it is very strong and it is private for each room so you had the option to increase the temperature.
Some suites are located in front of other hotel near us, but there are blackout curtains in the rooms, you could make use of them.
My colleague confirm that he was not embarrassed to show you the room before check-in, actually we receive  such request from our guests before check-in, and we show them the room with pleasure.
we are sorry if you had a bad experience at our hotel.",it’ clean easili pa one night fli back,locat great pool even consid overal hotel instal badli maintain it’ front pension close peopl could see colour underwear aircon strong we’d open window big mistak noisi i’v ask quiet room lift broke guy offend becaw ask see room paying… pictur room accur fot hotel instal pool look ‘pasithea apartments’,neutral,0.18333333333333335,0.24666666666666667,8,2021
Good,"-Location is good and rooms are very well maintained. Convenient by taxi to city Center,airport and beach.
-Peaceful and good for couples and backpackers. -The sandwiches and hummus by the chef were delicious. 🙂
- Mrs Tony does a fabulous job keeping the place spotless and making the guests comfortable. The helps are amazing too.
Thanks to all at the hotel who work hard to keep it in good condition.","-No free breakfast option. 
-However when I booked this property in advance it was a higher price but booking.com reduced the price before my travel date and the hotel refused to accept the lower price which I felt was unfair for me as they charged twice for cancellation and rebooking. Maybe this was a booking.com issue or the hotel but I was quite unhappy about this since it was not justified by the owner. I spoke to Ali from booking.com and he said there was no cancellation charge but they charged me☹️
-They need to put a lock to the bathroom and a shower glass door inside or else it gets messy.
-wifi is not good",7.0,Amritha,United Arab Emirates,Standard Triple Room,2 nights,2021-07-01,Group,"thank you for your comments. 
Regarding the price , you booked a room with extra bed  for 3 persons, we upgraded you reservation to a suite (2 connected rooms),   at free of charge. The rate you paid was for a room, but you got instead a suite at the same rate.
As for the shower, we have different types of showers.  the bathroom in your suite is for accessible, therefore it is without glass. 
Regarding the cancelation fees, we assure you that we did not charge any fees, even we did no;t have access to your credit card in the reservation as your reservation is paid online, it means booking . Com collect from you and we collect from booking. Com virtual card.
kindly check again, maybe there is a misunderstanding. 
As for the wifi, there was a problem in the wifi in your floor, but we managed to solve it definitively.
We are sorry for any inconvenience",locat good room well maintain conveni taxi citi centerairport beach peac good coupl backpack sandwich hummu chef delici mr toni fabul job keep place spotless make guest comfort help amaz thank hotel work hard keep good condit,free breakfast option howev book properti advanc higher price bookingcom reduc price travel date hotel refus accept lower price felt unfair charg twice cancel rebook mayb bookingcom issu hotel quit unhappi sinc justifi owner spoke ali bookingcom said cancel charg charg me need put lock bathroom shower glass door insid els get messi wifi good,neutral,0.4520833333333333,0.2125,7,2021
It’s good for day or two,I like the quietness and it’s close to airport,The way room are furnished is not comfortable,7.0,Wael,Qatar,Double Room,1 night,2021-08-01,Solo traveler,"thank you for your review. we are sorry if you didn't like the way how the room is furnished, actually we booked for you a nicer room but you arrived early in the morning and you asked to check-in upon your arrival; so in order to fulfill your request, we provided you  another room which was  available  at that time.",like quiet it’ close airport,way room furnish comfort,neutral,0.0,0.0,8,2021
Fair,Basic night stay but facilities are limited.,"Noisy
Limited food options
Probably renovation work was in progress so, some items were not ready. Example, there is no rod for hangers in the wardrobe, the safe wasn’t fixed.",5.0,Essam,United Arab Emirates,Double Room with Balcony,2 nights,2021-07-01,Solo traveler,,basic night stay facil limit,noisi limit food option probabl renov work progress item readi exampl rod hanger wardrob safe wasn’t fix,neutral,0.0,0.5,7,2021
Good enough for 1 night,"Very comfortable bed, room very new and comfortable.","TV did not work, garbage truck passes at 3 a.m with an incredible noise.",7.0,Maria,France,Double Room with Balcony,1 night,2021-07-01,Couple,"Thank you for your comments. We wished you told us about the TV during your stay in order to fix it. As for the garbage, they come from time at night, basically we don’t hear them if the balcony door is well closed. We are sorry for any inconvenience",comfort bed room new comfort,tv work garbag truck pass incred nois,neutral,0.13636363636363635,0.0,7,2021
Good,Location was excellent and staff was very polite. Room was very clean upon arrival,"Rate was very expensive for what it offered. No cleaning service the 4 days I stayed, no emptying garbage can and also had to ask for fresh towels. There were not even hangers for clothes in the closet",7.0,Angeliki,Greece,Double Room with Balcony,3 nights,2021-07-01,Solo traveler,"Thank you very much for your comments.  Normally we do cleaning service on a daily basis for all staying guests unless the don’t disturb sign is On. I reviewed your case with the staff, the don’t disturb light was always On.  we believe there were a misunderstanding ; kindly accept our sincere apologies.",locat excel staff polit room clean upon arriv,rate expens offer clean servic day stay empti garbag also ask fresh towel even hanger cloth closet,neutral,0.3666666666666667,0.33333333333333337,7,2021
Disappointing,The people working there were kind and responsive.,"Our plumbing had complications twice.  Moreover, the cleaning crew cleaned out our rooms and threw out a box of cookies next to our bags that was meant to be a gift.  These cookies are only made in Thessaloniki and cost us 25 euros.  When we asked if they had seem them, the owners brought them out of the trash room and offered to spray them as if that would be acceptable for an edible gift during COVID pandemic cautions.  It was nice that they tried, but they should be refunding us for the cookies we lost.  I feel bad writing a negative review because they were kind; however, only things near the garbage should be thrown out.  Not stuff next to guests' belongings.  I was extremely disappointed in how they dealt with the situation, and that they thought it was acceptable to take an edible gift out of a trash room and continue as if nothing happened.",4.0,Maria,United States of America,Standard Triple Room,3 nights,2021-07-01,Family,"We are sorry for your disappointment, however your reservation was a double room with an extra bed for 3 persons, we upgraded your reservation to a suite (2 connected rooms) at free of charge, to make your stay more comfortable, as you were 3 adults.
As for the plumbing problem, we were so fast in repairing it and cleaning the toilet.
We are sorry for the cookies, actually they were in a box along with an empty bottle of water in a bag on the floor, the maid thought they are trash, and throw them. 
We have done our best to make your stay comfortable by upgrading the room and delivering fast services but again we are sorry for any inconvenience.",peopl work kind respons,plumb complic twice moreov clean crew clean room threw box cooki next bag meant gift cooki made thessaloniki cost u euro ask seem owner brought trash room offer spray would accept edibl gift covid pandem caution nice tri refund u cooki lost feel bad write neg review kind howev thing near garbag thrown stuff next guest belong extrem disappoint dealt situat thought accept take edibl gift trash room continu noth happen,negative,0.6,0.1666666666666667,7,2021
friendly staff and lovely stay.,"excellent location, clean and modern.",,10.0,Anonymous,United Kingdom,,3 nights,2022-07-01,Family,,excel locat clean modern,,positive,0.2833333333333333,0.0,7,2022
as booked last minute due to flight cancellation - couldn’t have asked for more,cleanliness,,9.0,Anonymous,United Kingdom,,1 night,2022-06-01,Family,,cleanli,,positive,0.0,0.0,6,2022
"Very nice, friendly staff who helped with parking and allowed an early check-out (for an early flight)","The room was nice and clean, the two beds were set up as we requested",There wasn’t a fan in the bathroom so opening the window was required,8.0,Anonymous,United Kingdom,,1 night,2022-06-01,Group,,room nice clean two bed set request,wasn’t fan bathroom open window requir,positive,0.48333333333333334,0.0,6,2022
unbeatable value for money,"Room fresh, clean and modern. Same as shown in photos.
Calm area, close to the beach, many restaurants and coffee shops there. 
Bus station very close.
Breakfast above expectations.",nothing,10.0,Anonymous,United States of America,,1 night,2021-11-01,Solo traveler,,room fresh clean modern shown photo calm area close beach mani restaur coffe shop bu station close breakfast expect,noth,positive,0.2916666666666667,0.0,11,2021
Very Good,"Hotel is very close to the airport, nice place to stay if you arrive late at night.",,8.0,Anonymous,Russia,,1 night,2021-10-01,Family,,hotel close airport nice place stay arriv late night,,positive,0.15,0.0,10,2021
Exceptional,"Liked the happy and smiling welcome that greets you once you arrive at the property. Unfortunately, I didn't have time to try their breakfasts as I had an early flight but they looked amazing. I will definitely return and I can thoroughly recommend this property. Thank you very much!",Not applicable,10.0,Anonymous,Hungary,,1 night,2021-09-01,Solo traveler,,like happi smile welcom greet arriv properti unfortun didnt time tri breakfast earli flight look amaz definit return thoroughli recommend properti thank much,applic,positive,0.25,0.0,9,2021
Wonderful,"Nice staff, room very nice and clean.",Swimming pool could be cleaner.,9.0,Anonymous,Czech Republic,,1 night,2021-09-01,Solo traveler,,nice staff room nice clean,swim pool could cleaner,positive,0.5222222222222223,0.0,9,2021
Overnight stay close to airport,Very helpful and knowledgeable staff. Rooms are updated and clean.,,10.0,Anonymous,Australia,,1 night,2021-09-01,Group,,help knowledg staff room updat clean,,positive,0.3666666666666667,0.0,9,2021
Cheap and cheerful.,Nice and clean. Perfect for an overnight stay. Owners very nice and friendly.,,8.0,Anonymous,United Kingdom,,1 night,2021-08-01,Family,,nice clean perfect overnight stay owner nice friendli,,positive,0.6416666666666667,0.0,8,2021
One night,"Very clean, modern rooms, comfortable bed and good shower. Very helpful staff. Exceptional value for money and very close to beach.",Maybe a little way from main town,10.0,Anonymous,United Kingdom,,1 night,2021-08-01,Solo traveler,,clean modern room comfort bed good shower help staff except valu money close beach,mayb littl way main town,positive,0.4222222222222222,0.16666666666666666,8,2021
Exceptional,Very friendly atmosphere. A family business where you feel like at home. Huge and delicious breakfast. The hotel is very comfortable. We definitely will come again.,,10.0,Anonymous,Germany,,1 night,2021-07-01,Family,"thank you so much for your nice comments and for the score; however we didn't know who wrote this review but we are happy that your stay was comfortable and you liked the breakfast, hope to have the chance to have you as our guest another time.",friendli atmospher famili busi feel like home huge delici breakfast hotel comfort definit come,,positive,0.39999999999999997,0.0,7,2021
Wonderful credit,Friendly staff and service.  Very nice rooms. Clean.,,10.0,Anonymous,Cyprus,,1 night,2021-06-01,Solo traveler,Thank you very much for your nice comments; we are happy you had a comfortable stay!,friendli staff servic nice room clean,,positive,0.48333333333333334,0.0,6,2021
Bad,"Clean, smart devices.","Overpriced for its facilities, if you're lucky you may have the only one parking in the side.
Very poor lunch (breakfast).",1.0,Anonymous,Cyprus,,1 night,2021-09-01,Couple,"We are sorry for you to have a bad experience at the hotel; 
There is a big parking space near the hotel at free of charge.
As for the breakfast or lunch however our chef is an international chef with a wide experience , again we are sorry your stay was not at your expectations.",clean smart devic,overpr facil your lucki may one park side poor lunch breakfast,negative,0.2904761904761905,-0.4,9,2021
"Nice, with a little effort it would have been possible to give more


Nice, with a little effort it would have been possible to give more",Nice,"The floor is not cleaned enough, full of dust, water does not drain and floods the room",8.0,Akiva,Israel,Double Room with Balcony,4 nights,2022-12-01,Solo traveler,,nice,floor clean enough full dust water drain flood room,positive,0.6,0.2388888888888889,12,2022
"Location, cleanliness, comfort, accommodation


Location, cleanliness, comfort, accommodation",The hotel is located close to the airport (there is a bus with good frequency from the street next to the airport) and close to the city center. The hotel is located in a dead-end and quiet street - we had plenty of parking. The rooms were very clean. The staff at the hotel (Tony) was nice and gave a pleasant feeling - immediately after the booking we received a WhatsApp from him to confirm the time of arrival and to inform that they were waiting for us.,,10.0,Moshe,Israel,Double Room with Balcony,1 night,2022-12-01,Group,,hotel locat close airport bu good frequenc street next airport close citi center hotel locat deadend quiet street plenti park room clean staff hotel toni nice gave pleasant feel immedi book receiv whatsapp confirm time arriv inform wait u,,positive,0.32857142857142857,0.0,12,2022
"Exceptional


Exceptional","The kindness of the staff, the size of the room, location.",,10.0,Liron,Israel,Double Room,1 night,2022-12-01,Family,,kind staff size room locat,,positive,0.6,0.0,12,2022
"Exactly what we were looking for


Exactly what we were looking for","The kindness of the staff, the location, the cleanliness of the room.",,10.0,Liron,Israel,Double Room,1 night,2022-12-01,Family,,kind staff locat cleanli room,,positive,0.6,0.0,12,2022
"Clean, functional hotel 3km from the airport and walking distance to the beach


Clean, functional hotel 3km from the airport and walking distance to the beach","Friendly, clean hotel, functionally furnished. Balcony with courtyard or street view. Good breakfast directly in the hotel, to be paid separately (various options up to 10 EUR). Very friendly host. Proximity to the airport (3km) and the beach including numerous restaurants (500m).",,10.0,Thomas,Switzerland,Double Room with Balcony,1 night,2022-11-01,Solo traveler,,friendli clean hotel function furnish balconi courtyard street view good breakfast directli hotel paid separ variou option eur friendli host proxim airport km beach includ numer restaur m,,positive,0.5333333333333333,0.0,11,2022
"Wonderful


Wonderful",French speaking and competent staff.,Nothing,9.0,Mariane,France,Double Room,1 night,2022-11-01,Couple,,french speak compet staff,noth,positive,0.0,0.0,11,2022
"If I return to Larnaca, for sure Alon will be there again (;


If I return to Larnaca, for sure Alon will be there again (;","The cleanest place I stayed in Cyprus!
The staff is kind and welcoming.","The Waze is to blame for what I didn't like.
She was less helpful in guiding me than the locals, who explained to me in a second 🙏😊",10.0,Orly,Israel,Double Room,1 night,2022-11-01,Solo traveler,,cleanest place stay cypru staff kind welcom,waze blame didnt like less help guid local explain second,positive,0.6,-0.05555555555555555,11,2022
"the accommodation was reasonable for the price, suitable for sleeping after arrival, the evening walk to Salt Lake was also great, but definitely


the accommodation was reasonable for the price, suitable for sleeping after arrival, the evening walk to Salt Lake was also great, but definitely","pleasant accommodation, helpful reception, cleanliness",the rooms were not soundproofed enough,8.0,Vladimira,Slovakia,Standard Triple Room,1 night,2022-11-01,Family,,pleasant accommod help recept cleanli,room soundproof enough,positive,0.7333333333333334,0.0,11,2022
"Two day stay


Two day stay","The staff are extremely friendly and always happy to help when needed. They were always ready to answer any of our questions. In a very good location, close to the airport, especially if you have an early or late flight, and also close to the beach.","The main reason for not giving the highest rating is the noise. From the neighboring hotels/houses, they showered at any time of the day and made unpleasant noise. There were problems with the sealing and closing of the window.",9.0,Jana,Bulgaria,Two-Bedroom Suite,2 nights,2022-09-01,Group,,staff extrem friendli alway happi help need alway readi answer question good locat close airport especi earli late flight also close beach,main reason give highest rate nois neighbor hotelshous shower time day made unpleas nois problem seal close window,positive,0.19999999999999998,0.16666666666666666,9,2022
"Very Good


Very Good","Nice room, very clean.
Convenient because close to the airport.
Very kind and helpful staff.
We had dinner in the evening, it was very good.","Just a bit far from town
Room a bit small",8.0,Lioval,France,Double Room,1 night,2022-11-01,Family,,nice room clean conveni close airport kind help staff dinner even good,bit far town room bit small,positive,0.5666666666666667,-0.075,11,2022
"Exceptional


Exceptional","Very kind staff. Delicious food, impeccable cleanliness.
Thank you!",,10.0,Simandan,Romania,Double Room,1 night,2022-11-01,Family,,kind staff delici food impecc cleanli thank,,positive,0.6,0.0,11,2022
"Wonderful


Wonderful","The room was very clean and very spacious.
The mattresses and pillows were excellent.",The only thing that was slightly flawed was the water in the shower in the evening which was lukewarm,9.0,Israel,Israel,Double Room with Balcony,1 night,2022-11-01,Family,,room clean spaciou mattress pillow excel,thing slightli flaw water shower even lukewarm,positive,0.3666666666666667,0.0,11,2022
"Super


Super",Pleasant staff,,10.0,Abd,France,Double Room with Balcony,1 night,2022-11-01,Family,,pleasant staff,,positive,0.7333333333333334,0.0,11,2022
"I will continue emohfeke


I will continue emohfeke",Everything was great!,,10.0,Anja,Austria,Budget Twin Room,3 nights,2022-10-01,Group,,everyth great,,positive,0.8,0.0,10,2022
"good address


good address","nice and comfortable small room. Early November: good availability of free parking spaces at the bottom of the hotel. The beach is 10 minutes walk, the airport 10 minutes by bus. Friendly staff and very good advice",,9.0,Alessio,France,Double Room,1 night,2022-11-01,Solo traveler,,nice comfort small room earli novemb good avail free park space bottom hotel beach minut walk airport minut bu friendli staff good advic,,positive,0.4299999999999999,0.0,11,2022
"Excellent for early starts! Very available staff


Excellent for early starts! Very available staff",Proximity to the airport and excellent cuisine,Nothing,10.0,Roland,Belgium,Family Suite with Balcony,1 night,2022-11-01,Family,,proxim airport excel cuisin,noth,positive,0.0,0.0,11,2022
"Nice little hotel


Nice little hotel","Practical rooms, balconies in each room. good location for the airport. Listening staff.",The noise. The rooms are poorly soundproofed. We hear the neighbors moving.,8.0,Audrey,France,Two-Bedroom Suite,1 night,2022-10-01,Family,,practic room balconi room good locat airport listen staff,nois room poorli soundproof hear neighbor move,positive,0.7,0.0,10,2022
"Good hotel for a short night departing / arriving from the airport ... But no more


Good hotel for a short night departing / arriving from the airport ... But no more","Hotel near the airport, ideal for a late arrival or a very early departure","bed duvet much too thick, we suffocate underneath! Very hard bed
Noisy, due to the heavy use of tiling and the steady stream of travelers arriving/departing for the airport throughout the night.
Do not use this hotel other than for a stopover night near the airport",8.0,Nicolas,France,Standard Triple Room,2 nights,2022-11-01,Family,,hotel near airport ideal late arriv earli departur,bed duvet much thick suffoc underneath hard bed noisi due heavi use tile steadi stream travel arrivingdepart airport throughout night use hotel stopov night near airport,positive,0.2333333333333333,-0.15416666666666667,11,2022
"Exceptional


Exceptional",wonderful hotel and staff! all as in the photo!,,10.0,Екатерина,Russia,Double Room,2 nights,2022-10-01,Solo traveler,,wonder hotel staff photo,,positive,0.0,0.0,10,2022
"Wonderful


Wonderful","Very good accommodation in a perfect location, 7 minutes from the airport!",,9.0,Evangelos,Greece,Double Room,1 night,2022-10-01,Couple,,good accommod perfect locat minut airport,,positive,0.85,0.0,10,2022
"Nice place!


Nice place!","Great location. 10 minutes by bus from and to the airport. 10 minutes walk to the beach and cafes by the beach. It takes 40 minutes to walk along the promenade to the city, but it's nice. The hotel is good, the staff is friendly.",,10.0,Chik,Israel,Family Suite with Balcony,2 nights,2022-09-01,Family,,great locat minut bu airport minut walk beach cafe beach take minut walk along promenad citi nice hotel good staff friendli,,positive,0.6999999999999998,0.0,9,2022
"Great hotel close to the airport


Great hotel close to the airport","Great location close to the airport, friendly service and delicious breakfasts.",,9.0,Mateusz,Poland,Suite with Balcony,1 night,2022-10-01,Family,,great locat close airport friendli servic delici breakfast,,positive,0.8,0.0,10,2022
"Nice and clean room, very friendly staff


Nice and clean room, very friendly staff","we only stayed at the LaVeranda Hotel for one night as the end of our Cyprus trip to be as close to the airport as possible for the last night! It was perfect for that. The room was very nicely furnished and, above all, super clean. The bus connection to the city center was just around the corner and we were able to get back to the hotel later in the evening without any problems using public transport. The location was also perfect for the trip to the airport the next morning (7:00 am). Mackenzie Beach is super close and so are lots of cool bars and restaurants.",,9.0,Melanie,Austria,Standard Triple Room,1 night,2022-10-01,Couple,,stay laveranda hotel one night end cypru trip close airport possibl last night perfect room nice furnish super clean bu connect citi center around corner abl get back hotel later even without problem use public transport locat also perfect trip airport next morn mackenzi beach super close lot cool bar restaur,,positive,0.2987179487179487,0.0,10,2022
"Very practical, excellent welcome, and equally excellent quality of accommodation


Very practical, excellent welcome, and equally excellent quality of accommodation","Great welcome, very pleasant contact, very helpful","Access to the airport is close but not so easy with the bus, when you do not know",9.0,Franck,France,Double Room with Balcony,1 night,2022-10-01,Family,,great welcom pleasant contact help,access airport close easi bu know,positive,0.7666666666666667,0.0,10,2022
"Exceptional


Exceptional",everything is very good,,10.0,Oleh,Ukraine,Double Room,1 night,2022-10-01,Couple,,everyth good,,positive,0.7,0.0,10,2022
"correct accommodation in Corfu


correct accommodation in Corfu",The accommodation itself is very good. It is very central. The problem is finding it. It is located in an alley and google maps went crazy. Now I understand why they sent me a photo of how to locate the street.,"Surely it's not a problem with the accommodation, but the guests in the upper apartment didn't stop making noise at 3am and on the other hand, if you go by car, even though there is an open-air car park very close, it's a real odyssey to be able to park. We had to leave the car far away.",8.0,Belen,Spain,Two-Bedroom Suite,3 nights,2022-09-01,Family,,accommod good central problem find locat alley googl map went crazi understand sent photo locat street,sure problem accommod guest upper apart didnt stop make nois am hand go car even though openair car park close real odyssey abl park leav car far away,positive,0.35,0.19999999999999998,9,2022
"excellent


excellent","The hotel is very clean and close to the airport. Simple and comfortable rooms, you can see that there is care in the place.","The restaurant in the hotel lobby is good, although it took a relatively long time for our food to be ready.",9.0,אוהד,Israel,Two-Bedroom Suite,1 night,2022-10-01,Family,,hotel clean close airport simpl comfort room see care place,restaur hotel lobbi good although took rel long time food readi,positive,0.3666666666666667,0.32499999999999996,10,2022
"Exceptional


Exceptional","nice, clean and neat. super sweet hosts",,10.0,Heidi,Denmark,Double Room,2 nights,2022-10-01,Family,,nice clean neat super sweet host,,positive,0.4125,0.0,10,2022
"We stopped for the night on a connecting flight. I was looking for a hotel close to the airport, an excellent choice. I highly recommend it


We stopped for the night on a connecting flight. I was looking for a hotel close to the airport, an excellent choice. I highly recommend it","Close to the field, the staff is nice, the room is restful and pleasant, clean and renovated
The bed is comfortable and so is the shower","The environment is a bit unfriendly for walking, there is a lot of construction and the roads are bumpy",10.0,Yulia,Israel,Double Room,1 night,2022-10-01,Family,,close field staff nice room rest pleasant clean renov bed comfort shower,environ bit unfriendli walk lot construct road bumpi,positive,0.5666666666666668,0.0,10,2022
"A perfect boutique hotel
A perfect boutique hotel",Everything is a perfect boutique hotel,,10.0,Mira,Israel,Double Room with Balcony,3 nights,2022-10-01,Group,,everyth perfect boutiqu hotel,,positive,1.0,0.0,10,2022
"Very Good


Very Good",Breakfast was good,,8.0,Winfried,Germany,Budget Twin Room,1 night,2022-09-01,Couple,,breakfast good,,positive,0.7,0.0,9,2022
"Optimal


Optimal","cleanliness, location, simple and modern furnishings but new like the whole structure",Nothing,9.0,Danilo,Italy,Double Room with Balcony,1 night,2022-09-01,Solo traveler,,cleanli locat simpl modern furnish new like whole structur,noth,positive,0.1787878787878788,0.0,9,2022
"A modern hotel near the airport at a great price.


A modern hotel near the airport at a great price.","The hotel is very modernly furnished, the room is spacious enough with an above-standard large bathroom. We did not use the breakfast because of the early departure. The staff at the reception willingly arranged a ride to the airport for us.",We spent little time at the hotel to assess what could be improved. But we have a positive experience and will use it again next time.,9.0,Martin,Czech Republic,Double Room,1 night,2022-10-01,Couple,,hotel modernli furnish room spaciou enough abovestandard larg bathroom use breakfast earli departur staff recept willingli arrang ride airport u,spent littl time hotel assess could improv posit experi use next time,positive,0.0,-0.05,10,2022
"Delightful!!


Delightful!!",Everything nice,,9.0,Andrea,Italy,Double Room with Balcony,2 nights,2022-10-01,Couple,,everyth nice,,positive,0.6,0.0,10,2022
"Great stay, highly recommended hotel


Great stay, highly recommended hotel","Excellent welcome, clean, quiet.
Hotel very well located for the airport.",,10.0,Zaruhi,France,Double Room,1 night,2022-09-01,Solo traveler,,excel welcom clean quiet hotel well locat airport,,positive,0.18333333333333335,0.0,9,2022
"One night near the airport on the way


One night near the airport on the way","Proximity to the airport, clean and cheap","Cramped, the third bed for a child is more suitable for a baby, minimalist room accessories",8.0,Alon,Israel,Double Room,1 night,2022-10-01,Family,,proxim airport clean cheap,cramp third bed child suitabl babi minimalist room accessori,positive,0.38333333333333336,0.0,10,2022
"comfortably close to the sea and the center on foot, both reachable


comfortably close to the sea and the center on foot, both reachable",new clean reception,Nothing,10.0,Rossatti,Italy,Double Room,1 night,2022-10-01,Family,,new clean recept,noth,positive,0.2515151515151515,0.0,10,2022
"Wonderful


Wonderful","Excellent location on the way to/from Larnaca airport.
Warm and cordial hospitality",,9.0,Hagit,Israel,Double Room with Balcony,1 night,2022-10-01,Family,,excel locat way tofrom larnaca airport warm cordial hospit,,positive,0.6,0.0,10,2022
"Excellent as a place to stay close to the airport


Excellent as a place to stay close to the airport","The place is close to the airport and easy to get to.
We arrived late and the directions were clear and easy.
The place is clean and everything was exactly as expected
A short distance from the promenade where you can find nice restaurants on the beach",The room for 5 was very tight. Suitable for one night no more,8.0,Ramy_weidenfeld,Israel,Two-Bedroom Suite,1 night,2022-10-01,Family,,place close airport easi get arriv late direct clear easi place clean everyth exactli expect short distanc promenad find nice restaur beach,room tight suitabl one night,positive,0.14444444444444446,-0.17857142857142858,10,2022
"Exceptional


Exceptional","Very clean hotel
Very kind staff
Very close to the airport",,10.0,Shirley,Israel,Standard Triple Room,1 night,2022-10-01,Family,,clean hotel kind staff close airport,,positive,0.48333333333333334,0.0,10,2022
"Wonderful


Wonderful","Very well-kept small hotel, with extraordinarily courteous hosts!
We'd love to come back!!",,9.0,Aurel,Austria,Budget Twin Room,5 nights,2022-09-01,Couple,,wellkept small hotel extraordinarili courteou host wed love come back,,positive,0.08333333333333333,0.0,9,2022
"A suprise


A suprise",friendliness of staff,,10.0,Maria,France,Double Room,1 night,2022-10-01,Solo traveler,,friendli staff,,positive,0.0,0.0,10,2022
"Wonderful


Wonderful","The manager very friendly, the hotel of very good quality",-,9.0,Hugues,France,Double Room,1 night,2022-10-01,Couple,,manag friendli hotel good qualiti,,positive,0.7,0.0,10,2022
"Exceptional


Exceptional",clean close to the beach close to the field Intimate and quiet,,10.0,Eliahu,Israel,Standard Triple Room,3 nights,2022-10-01,Family,,clean close beach close field intim quiet,,positive,0.18333333333333335,0.0,10,2022
"Hotel with unbeatable value for money and with a very pleasant welcome


Hotel with unbeatable value for money and with a very pleasant welcome",Excellent welcome by the owner who speaks fluent French. Quiet hotel and extremely well located for the airport and Larnaca salt lake. Unbeatable value for money I think. Perfect and good dinner and lovely waiter. For a night of transit before our return to France it was perfect. Didn't have breakfast as we were leaving at 4am,,10.0,Brigitte,France,Budget Twin Room,1 night,2022-10-01,Family,,excel welcom owner speak fluent french quiet hotel extrem well locat airport larnaca salt lake unbeat valu money think perfect good dinner love waiter night transit return franc perfect didnt breakfast leav am,,positive,0.5333333333333333,0.0,10,2022
"Very nice hotel with good value for money


Very nice hotel with good value for money","- Cleanliness
- Welcome
- Possibility of having breakfast on site, having a drink or a snack",- Nothing,10.0,Sindy,France,Double Room with Balcony,1 night,2022-10-01,Family,,cleanli welcom possibl breakfast site drink snack,noth,positive,0.0,0.0,10,2022
"Wonderful


Wonderful","Very clean, well organized, nothing missing, pleasant balcony, nice hosts, comfortable mattress.",The air conditioner does not cool enough,9.0,Batya,Israel,Double Room with Balcony,1 night,2022-10-01,Couple,,clean well organ noth miss pleasant balconi nice host comfort mattress,air condition cool enough,positive,0.5666666666666668,0.175,10,2022
"Exceptional


Exceptional","Perfect hotel.welcoming and helpful staff.the room was spacious.and clean.the restaurant is very varied.as well as the location close to the airport and the beach as well as many restaurants and snacks.I will resell with pleasure.I recommend the hotel 100%. and I thank Tony for his welcome and his smile, it's so rare.",,10.0,Esma,France,Double Room with Balcony,2 nights,2022-10-01,Family,,perfect hotelwelcom help staffth room spaciousand cleanth restaur varieda well locat close airport beach well mani restaur snacksi resel pleasurei recommend hotel thank toni welcom smile rare,,positive,0.5333333333333333,0.0,10,2022
"Nice small and clean hotel.


Nice small and clean hotel.","Small beautiful clean room. They accommodated us with an earlier check-in and earlier check-out. There is no problem with a later check-in either. We had a small lunch here and it was delicious. Staff very nice. A short distance from the beach, we also found starfish. The hotel arranged a transfer to the airport for us.",,10.0,Michaela,Czech Republic,Double Room,1 night,2022-09-01,Couple,,small beauti clean room accommod u earlier checkin earlier checkout problem later checkin either small lunch delici staff nice short distanc beach also found starfish hotel arrang transfer airport u,,positive,0.058333333333333334,0.0,9,2022
"Exceptional


Exceptional","The hotel is located close to Larnaca airport.
Very helpful staff, the room had everything you need, and also the bathroom.
Clean and cozy.",,10.0,Efrat,Israel,Double Room,1 night,2022-09-01,Couple,,hotel locat close larnaca airport help staff room everyth need also bathroom clean cozi,,positive,0.3666666666666667,0.0,9,2022
"Very Good


Very Good","Very friendly staff, good walking distance to Mackenzie Beach. We can highly recommend the breakfast offered.
Free parking in front of the hotel along the street.",,8.0,Andreas,Germany,Double Room with Balcony,3 nights,2022-08-01,Group,,friendli staff good walk distanc mackenzi beach highli recommend breakfast offer free park front hotel along street,,positive,0.55,0.0,8,2022
"Exceptional


Exceptional",It's a clean and good hotel and the service is also great,,10.0,Moh,Belgium,Suite with Balcony,1 night,2022-08-01,Family,,clean good hotel servic also great,,positive,0.6222222222222222,0.0,8,2022
"Exceptional


Exceptional",It is a great accommodation with excellent value for money. In addition to being very well located near Larnaca airport and mckenzie beach. I fully recommend it. The staff extremely friendly.,Anything.,10.0,Bryan,Honduras,Double Room with Balcony,1 night,2022-09-01,Solo traveler,,great accommod excel valu money addit well locat near larnaca airport mckenzi beach fulli recommend staff extrem friendli,anyth,positive,0.45,0.0,9,2022
"Super


Super","Friendly staff, cleanliness, nice rooms",,10.0,Tünde,Hungary,Two-Bedroom Suite,1 night,2022-09-01,Solo traveler,,friendli staff cleanli nice room,,positive,0.6,0.0,9,2022
"Value for money, with a perspective of improvement for the good of the company!!!


Value for money, with a perspective of improvement for the good of the company!!!","Cleanliness/Towels: 10/10
Design/Furniture: 10/10
Staff: 10/10","Soundproofing: 07/10 (separated rooms with plasterboards)
Balcony furniture set: 08/10 (could refurbish these too)
Set of shampoo etc. for the bathroom: 08/10 (Could offer 1 to 1 for the pampering)",9.0,Stefanos,Cyprus,Double Room with Balcony,2 nights,2022-09-01,Couple,,cleanlinesstowel designfurnitur staff,soundproof separ room plasterboard balconi furnitur set could refurbish set shampoo etc bathroom could offer pamper,positive,0.0,0.0,9,2022
"Exceptional


Exceptional","Modern furnished and very clean room, friendly staff. Nice restaurant in the house, great coffee!
Close to the city center, the airport and the sea. Price/performance is totally right.",,10.0,Barbara,Switzerland,Double Room,1 night,2022-09-01,Family,,modern furnish clean room friendli staff nice restaur hous great coffe close citi center airport sea priceperform total right,,positive,0.3074829931972789,0.0,9,2022
"Recommendation for a hotel close to the airport


Recommendation for a hotel close to the airport","Location close to the airport and the promenade by the sea. Clean, tidy, comfortable and beautiful room. Courteous and welcoming service. We will return to him again.. Highly recommend.",We liked the rule,10.0,אורית,Israel,Double Room with Balcony,1 night,2022-09-01,Couple,,locat close airport promenad sea clean tidi comfort beauti room courteou welcom servic return highli recommend,like rule,positive,0.3666666666666667,0.0,9,2022
"Lovely staff and the hotel looks very cozy and clean


Lovely staff and the hotel looks very cozy and clean","We stayed literally for a few hours, the welcome was pleasant and they helped us order a taxi to the airport!",,8.0,אנטופיצקי,Israel,Double Room,1 night,2022-09-01,Solo traveler,,stay liter hour welcom pleasant help u order taxi airport,,positive,0.7333333333333334,0.0,9,2022
"A real Lebanese tabbouleh all hearty I recommend the restaurant as much as the hotel


A real Lebanese tabbouleh all hearty I recommend the restaurant as much as the hotel","We did not have breakfast because we were leaving very early, however the restaurant in the evening was perfect. The cook particularly affable fast and delicious irreproachable service. A real Lebanese tabbouleh all hearty I recommend the restaurant as much as the hotel",,10.0,Meunier,France,Double Room,1 night,2022-09-01,Group,,breakfast leav earli howev restaur even perfect cook particularli affabl fast delici irreproach servic real lebanes tabbouleh hearti recommend restaur much hotel,,positive,0.39999999999999997,0.0,9,2022
"Exceptional


Exceptional","Nice facility, very nice and helpful staff.",,10.0,Ewa,Poland,Budget Twin Room,1 night,2022-09-01,Solo traveler,,nice facil nice help staff,,positive,0.6,0.0,9,2022
"Exceptional


Exceptional","great stay. very clean. the staff is available and always helps
THANKS!",,10.0,Vincent,France,Double Room,1 night,2022-09-01,Solo traveler,,great stay clean staff avail alway help thank,,positive,0.5833333333333334,0.0,9,2022
"Very Good


Very Good",Very competent staff,,8.0,Heinz,Switzerland,Two-Bedroom Suite,1 night,2022-09-01,Family,,compet staff,,positive,0.0,0.0,9,2022
"Great stopover at the airport


Great stopover at the airport",Terrace was very cozy,It was very hot but that was the weather,8.0,Hans,Netherlands,Budget Twin Room,1 night,2022-09-01,Couple,,terrac cozi,hot weather,positive,0.0,0.25,9,2022
"All in all, a very inexpensive place to stay with very nice and courteous staff.


All in all, a very inexpensive place to stay with very nice and courteous staff.","We arrived in the middle of the night and were able to get into the room via self-check-in without any problems.
Good location close to the airport - easily accessible by taxi, there is also a bus route nearby.","Rooms may be a bit small for a longer stay, but since we only stayed one night it wasn't a problem.",9.0,Simon,Austria,Double Room,1 night,2022-08-01,Couple,,arriv middl night abl get room via selfcheckin without problem good locat close airport easili access taxi also bu rout nearbi,room may bit small longer stay sinc stay one night wasnt problem,positive,0.7,-0.25,8,2022
"Exceptional


Exceptional",The cleaning,,10.0,Ramona,Italy,Double Room with Balcony,1 night,2022-09-01,Family,,clean,,positive,0.3666666666666667,0.0,9,2022
"Exceptional


Exceptional","Location is very close to the beach, very kind staff on the last day kept our suitcases in custody for the whole day. Very close to the airport, like 8 minutes by car. Really soft bed and pillows",Room a little smaller than average but large bathroom and shower.,10.0,Francesco,Italy,Double Room with Balcony,1 night,2022-08-01,Couple,,locat close beach kind staff last day kept suitcas custodi whole day close airport like minut car realli soft bed pillow,room littl smaller averag larg bathroom shower,positive,0.225,0.0,8,2022
"A pleasant discovery


A pleasant discovery","Strategic location: the property is close to both the airport and Mackenzie Beach. In fifteen minutes of walking along the sea you can also reach Finikoudes. Courteous and helpful staff, maximum cleanliness, excellent upholstery and modern furnishings.",,10.0,Lmannini,Italy,Double Room,6 nights,2022-08-01,Solo traveler,,strateg locat properti close airport mackenzi beach fifteen minut walk along sea also reach finikoud courteou help staff maximum cleanli excel upholsteri modern furnish,,positive,0.2,0.0,8,2022
"Wonderful


Wonderful","We had an early departing flight so there was no breakfast, but we had dinner in the restaurant and it was very good.",,9.0,Paul,Sweden,Double Room with Balcony,1 night,2022-08-01,Couple,,earli depart flight breakfast dinner restaur good,,positive,0.7,0.0,8,2022
"Very Good


Very Good",recently refurbished rooms.,Little parking nearby arriving in the evening,8.0,Silvia,Italy,Budget Twin Room,1 night,2022-08-01,Group,,recent refurbish room,littl park nearbi arriv even,positive,0.0,0.0,8,2022
"Exceptional


Exceptional",All. The sense of hospitality of the owner.,Nothing .,10.0,Marie-pierre,France,Standard Triple Room,3 nights,2022-08-01,Couple,,sens hospit owner,noth,positive,0.0,0.0,8,2022
"Very friendly staff, perfect clean room, very good value for money


Very friendly staff, perfect clean room, very good value for money",We had dinner and it was perfect,Nothing to complain about,10.0,Christian,Germany,Double Room with Balcony,1 night,2022-08-01,Couple,,dinner perfect,noth complain,positive,1.0,0.0,8,2022
"Exceptional


Exceptional",I really liked the location. Close to the lake and the beach. Very nice staff. Thank you very much for being able to move in earlier. Very clean new hotel,,10.0,Yannushka,Ukraine,Standard Triple Room,3 nights,2022-08-01,Family,,realli like locat close lake beach nice staff thank much abl move earlier clean new hotel,,positive,0.2606060606060606,0.0,8,2022
"Exceptional


Exceptional",quiet place,,10.0,Ekaterina,Cyprus,Double Room with Balcony,1 night,2022-08-01,Solo traveler,,quiet place,,positive,0.0,0.0,8,2022
"Had a swimming pool


Had a swimming pool",Arabic food,Have to pay for breakfast,10.0,Mhd,Germany,Standard Triple Room,2 nights,2022-08-01,Family,,arab food,pay breakfast,positive,0.0,0.0,8,2022
"Highly recommended


Highly recommended","Amazing team, thinks of all the details and happy to help. Our flight was delayed and they took care of us both for late check-in and for an electrical adapter",,10.0,Ezra,Israel,Two-Bedroom Suite,1 night,2022-08-01,Family,,amaz team think detail happi help flight delay took care u late checkin electr adapt,,positive,-0.3,0.0,8,2022
"An excellent place for those looking for a good and pleasant place to rest their head before traveling to another city in Cyprus. We received full value for the price. Highly recommend!!


An excellent place for those looking for a good and pleasant place to rest their head before traveling to another city in Cyprus. We received full value for the price. Highly recommend!!",The rooms are big and very clean! There is also a balcony. Tony the hotel owner is a great man! Helped us with everything we needed,everything will be alright,10.0,Naama,Israel,Two-Bedroom Suite,1 night,2022-08-01,Family,,room big clean also balconi toni hotel owner great man help u everyth need,everyth alright,positive,0.3888888888888889,0.0,8,2022
"Our stay was flawless. We will come back again on a future occasion.


Our stay was flawless. We will come back again on a future occasion.","A very welcoming staff, smiling and always available to satisfy you. At the reception as in the restaurant there is always someone to take care of you in one of the four languages ​​(Greek, English, French or Arabic). The proximity to the famous Mackenzie Beach is an asset for this charming hotel. The beach is around 5 minutes walk...",The hotel seems to have been freshened up recently. So everything seemed flawless to us.,10.0,André,Cyprus,Double Room with Balcony,3 nights,2022-08-01,Couple,,welcom staff smile alway avail satisfi recept restaur alway someon take care one four languag ​​greek english french arab proxim famou mackenzi beach asset charm hotel beach around minut walk,hotel seem freshen recent everyth seem flawless u,positive,0.09999999999999999,0.5,8,2022
"A most charming hotel!!!


A most charming hotel!!!","We arrived at the hotel for one night in order to be close to Larnaca airport for an early morning flight. The rooms are pleasant, clean, the beds are comfortable, everything is new and clean!! We had a really nice time at this hotel",There is nothing we didn't like,10.0,שמרית,Israel,Two-Bedroom Suite,1 night,2022-08-01,Family,,arriv hotel one night order close larnaca airport earli morn flight room pleasant clean bed comfort everyth new clean realli nice time hotel,noth didnt like,positive,0.4406060606060606,0.0,8,2022
"Wonderful


Wonderful",Comfortable room,,9.0,Antria,Cyprus,Double Room with Balcony,1 night,2022-08-01,Family,,comfort room,,positive,0.0,0.0,8,2022
"Very Good


Very Good",very kind and welcoming structure ok for the sea,,8.0,Simone,Italy,Two-Bedroom Suite,2 nights,2022-08-01,Group,,kind welcom structur ok sea,,positive,0.55,0.0,8,2022
"A pleasant and recommended hotel near Larnaca airport


A pleasant and recommended hotel near Larnaca airport","We were received with a beautiful and kind hospitality by the hotel staff. Clean room, pleasant and comfortable bedding. There is a kettle and a fridge in the room. Close to Larnaca airport. Less than 10 minutes",Bed 5 could be opened and was less comfortable. Toilet and shower are together and less convenient.,9.0,Keren,Israel,Two-Bedroom Suite,1 night,2022-08-01,Family,,receiv beauti kind hospit hotel staff clean room pleasant comfort bed kettl fridg room close larnaca airport less minut,bed could open less comfort toilet shower togeth less conveni,positive,0.38333333333333336,-0.09166666666666666,8,2022
"A restful place for those who have to fly early in the morning.


A restful place for those who have to fly early in the morning.","Lovely and clean room, enough for a family with 3 children. Two rooms. The children's third bed was a bit problematic and not very stable. The location near the airport is convenient for those who need to fly early in the morning. There is also a shuttle to the field. There is a lovely promenade on the sea (McKenzie Beach) with worthwhile restaurants - very worth going in the evening. The staff is charming and kind, answers with a smile and agrees to every request. The restaurant in the hotel is also great.",There was a lack of a pool especially when from the window you can see the pool of the nearby hotel... but overall a good value for the price we paid.,9.0,טלי,Israel,Two-Bedroom Suite,1 night,2022-07-01,Family,,love clean room enough famili child two room children third bed bit problemat stabl locat near airport conveni need fli earli morn also shuttl field love promenad sea mckenzi beach worthwhil restaur worth go even staff charm kind answer smile agre everi request restaur hotel also great,lack pool especi window see pool nearbi hotel overal good valu price paid,positive,0.3466666666666667,0.7,7,2022
"Very Good


Very Good","Cleanliness first, but also the kindness of the staff.","The breakfast offered by an independent service does not correspond quantitatively and qualitatively to the known levels of Cypriot hospitality and gastronomy,
and the price of €12 for breakfast is much more expensive than the reasonable value (in terms of quality and quantity) of the offered product!",8.0,Marios,Cyprus,Budget Twin Room,1 night,2022-08-01,Family,,cleanli first also kind staff,breakfast offer independ servic correspond quantit qualit known level cypriot hospit gastronomi price € breakfast much expens reason valu term qualiti quantiti offer product,positive,0.425,0.2,8,2022
"Alright


Alright","explanation for arrival, cleanliness",Nothing,8.0,Moalla,France,Standard Triple Room,1 night,2022-08-01,Family,,explan arriv cleanli,noth,positive,0.0,0.0,8,2022
"Everything perfect


Everything perfect",everything,I liked everything,10.0,Csengele-monika,Germany,Double Room,1 night,2022-08-01,Couple,,everyth,like everyth,positive,0.0,0.0,8,2022
"Very Good


Very Good",Excellent location near the airport. Good for an overnight stay after a late or early morning flight.,"There was no hot water the two nights we slept there. And even when we complained, they said they took care of it and it wasn't taken care of.",8.0,Roni,Israel,Standard Triple Room,1 night,2022-08-01,Family,Thank you for your comments; actually there were a technical problem with the hot water in some rooms but we succeeded to fix it. we are sorry it happened in your room.,excel locat near airport good overnight stay late earli morn flight,hot water two night slept even complain said took care wasnt taken care,positive,0.16666666666666666,0.25,8,2022
"Very Good


Very Good","cleanliness, kindness of the staff",Nothing,8.0,Erica,Italy,Double Room,1 night,2022-08-01,Couple,,cleanli kind staff,noth,positive,0.6,0.0,8,2022
"Very Good


Very Good","The room is really clean, close to Larnaca airport and it was really convenient to stop there because our flight landed in the middle of the night",The water in the bath is cold!!!!!! And that we were staying in the middle of August.. even David Shemesh was supposed to arrange boiling soup here,8.0,Yafit,Israel,Double Room,1 night,2022-08-01,Couple,,room realli clean close larnaca airport realli conveni stop flight land middl night,water bath cold stay middl august even david shemesh suppos arrang boil soup,positive,0.3666666666666667,-0.6,8,2022
"Very Good


Very Good","+ good location,
+ Hotel rooms are in good condition,
+ Hotel is not that big","- Room a bit small, no seating",8.0,Rudolf,Cyprus,Budget Twin Room,9 nights,2022-08-01,Solo traveler,,good locat hotel room good condit hotel big,room bit small seat,positive,0.4666666666666666,-0.25,8,2022
"Very Good


Very Good","We were just passing through before taking the plane but the hotel is located 500 meters from the beach and an area with restaurants, bars... the town center is a little further 30' on foot. 5' from the airport. Very nice hosts, very clean establishment.",,8.0,Raphael,France,Double Room,1 night,2022-08-01,Couple,,pass take plane hotel locat meter beach area restaur bar town center littl foot airport nice host clean establish,,positive,0.2888888888888889,0.0,8,2022
"Exceptional


Exceptional","Very good breakfast, great location near MacKenzie beach. Staff very polite and helpful almost family atmosphere.",,10.0,Natalia,Iceland,Standard Triple Room,1 night,2022-08-01,Family,,good breakfast great locat near mackenzi beach staff polit help almost famili atmospher,,positive,0.5333333333333333,0.0,8,2022
"Ideal in case of late arrival at the airport before leaving for a seaside resort


Ideal in case of late arrival at the airport before leaving for a seaside resort","Location close to the airport
Kindness of staff
Staff speaks French",,8.0,Giuseppe,Switzerland,Double Room,1 night,2022-08-01,Couple,,locat close airport kind staff staff speak french,,positive,0.3,0.0,8,2022
"It was great close to the beach and the parties at night


It was great close to the beach and the parties at night","We liked everything, excellent service, they helped us with everything we needed.",,10.0,Nicol,Israel,Suite with Balcony,1 night,2022-08-01,Group,,like everyth excel servic help u everyth need,,positive,0.0,0.0,8,2022
"Great little hotel very close to Mackenzie Beach and the airport.


Great little hotel very close to Mackenzie Beach and the airport.",We only had drinks.,The taxi driver who picked us up for the short drive to the airport ripped us off. Be sure to negotiate the price beforehand. It's your own fault!,9.0,Hartmut,Germany,Double Room with Balcony,1 night,2022-08-01,Couple,,drink,taxi driver pick u short drive airport rip u sure negoti price beforehand fault,positive,0.0,0.25,8,2022
"If I go to Larnaca again I will definitely visit this hotel again


If I go to Larnaca again I will definitely visit this hotel again","Excellent location, 7 minutes walk from the boardwalk and the airport
The hotel staff is simply charming and kind!
The hotel was recently renovated, rooms are in new and clean condition
In addition, there is smart technology, there are electronic buttons to request cleaning for the room, a bell and remote control of the air conditioner if there is a problem.
They upgraded our room for free.
The hotel put us in touch with a taxi driver who took us to visit the mall and charged us decent prices.",.,10.0,Racheli,Israel,Standard Triple Room,1 night,2022-08-01,Family,,excel locat minut walk boardwalk airport hotel staff simpli charm kind hotel recent renov room new clean condit addit smart technolog electron button request clean room bell remot control air condition problem upgrad room free hotel put u touch taxi driver took u visit mall charg u decent price,,positive,0.2813311688311688,0.0,8,2022
"Exceptional


Exceptional",friendly staff,,10.0,Virmont,France,Double Room,1 night,2022-08-01,Couple,,friendli staff,,positive,0.0,0.0,8,2022
"Wonderful


Wonderful",a comfortable place. Quiet friendly staff. Quiet and spacious.,,9.0,Roey,Israel,Budget Twin Room,1 night,2022-07-01,Couple,,comfort place quiet friendli staff quiet spaciou,,positive,0.0,0.0,7,2022
"Wonderful


Wonderful","Friendly people both at the reception and in the restaurant, willing to serve",The elevator. it needs more cleaning and maybe a complete renovation would be better.,9.0,Dimitris,Greece,Double Room with Balcony,2 nights,2022-07-01,Solo traveler,,friendli peopl recept restaur will serv,elev need clean mayb complet renov would better,positive,0.0,0.43333333333333335,7,2022
"excellent hospitality and cleanliness


excellent hospitality and cleanliness","the calm and comfort of the bedding, the balcony, the spacious room",the blue light on the balcony at night which interferes with sleeping open window,9.0,Patricia,France,Double Room with Balcony,1 night,2022-07-01,Solo traveler,,calm comfort bed balconi spaciou room,blue light balconi night interfer sleep open window,positive,0.30000000000000004,0.13333333333333333,7,2022
"Exceptional


Exceptional","Amazing team!!!
Helps with any question and problem... smiling and patient.
Changed us to a family room that we requested..
They gave us great recommendations for places in the city. Order taxis for us...help with car rental.
They even celebrated our daughter's birthday with a surprise..
In short, an experience",,10.0,Zachi,Israel,Double Room,2 nights,2022-07-01,Family,,amaz team help question problem smile patient chang u famili room request gave u great recommend place citi order taxi ushelp car rental even celebr daughter birthday surpris short experi,,positive,0.3666666666666667,0.0,7,2022
"cheap and good


cheap and good","Everything was excellent, personal attention",,10.0,Oshri,Israel,Double Room,1 night,2022-07-01,Family,,everyth excel person attent,,positive,0.0,0.0,7,2022
"Enjoy Larnaka


Enjoy Larnaka","The restaurant service is very good, varied and with good prices, the workers are very pleasant and attentive.",The air conditioning had poor regulation... or cold (and directly to the body) or heat.,9.0,Andréslidón,Spain,Two-Bedroom Suite,3 nights,2022-07-01,Family,,restaur servic good vari good price worker pleasant attent,air condit poor regul cold directli bodi heat,positive,0.7111111111111111,-0.5,7,2022
"Perfect ! Thank you for the welcoming
Perfect ! Thank you for the welcoming",All,Nothing,10.0,Clémence,France,Double Room,1 night,2022-07-01,Couple,,,noth,positive,0.0,0.0,7,2022
"Fantastic hotel for a practical overnight stay


Fantastic hotel for a practical overnight stay","Good, firm beds and nice air conditioning in the room. We were especially impressed with the staff: they were very nice and prepared a fantastic breakfast for us! Self check-in at night was also very easy. And they arranged a taxi from the airport to the hotel for us, what a great service!","There was a bottle of water ready, that should have been two for 6 people. Everything else was to your liking!",9.0,Dieuwertje,Netherlands,Suite with Balcony,1 night,2022-07-01,Family,,good firm bed nice air condit room especi impress staff nice prepar fantast breakfast u self checkin night also easi arrang taxi airport hotel u great servic,bottl water readi two peopl everyth els like,positive,0.5,0.0,7,2022
"A pampering, clean hotel with a staff that cares about the guests


A pampering, clean hotel with a staff that cares about the guests",Hotel near airport about 10 minutes drive away,,10.0,Ragusa,Israel,Double Room with Balcony,1 night,2022-07-01,Couple,,hotel near airport minut drive away,,positive,0.1,0.0,7,2022
"Wonderful


Wonderful",Great place good staff worth the price,,9.0,Levi,Israel,Family Suite with Balcony,1 night,2022-07-01,Group,,great place good staff worth price,,positive,0.6,0.0,7,2022
"It was a pleasant stay, the staff were friendly, the cleanliness was exceptional, and the price was the lowest. I recommend everyone to book


It was a pleasant stay, the staff were friendly, the cleanliness was exceptional, and the price was the lowest. I recommend everyone to book","Welcoming by the staff, super clean, location and price",Difficulty finding parking,10.0,Thabet,Cyprus,Suite with Balcony,1 night,2022-07-01,Group,,welcom staff super clean locat price,difficulti find park,positive,0.35,0.0,7,2022
"Family stay


Family stay","The reception and availability of staff.
The comfort of the room and its layout.",,10.0,Zine-eddine,France,Family Suite with Balcony,4 nights,2022-07-01,Family,,recept avail staff comfort room layout,,positive,0.0,0.0,7,2022
"Very Good


Very Good",Room comfort.,Nothing.,8.0,Filomena63,Italy,Double Room with Balcony,1 night,2022-07-01,Solo traveler,,room comfort,noth,positive,0.0,0.0,7,2022
"Exceptional


Exceptional",A place that gives full value for the price. Good location. Excellent cleanliness. Professional staff. Excellent food,,10.0,אבי,Israel,Family Suite with Balcony,1 night,2022-07-01,Family,,place give full valu price good locat excel cleanli profession staff excel food,,positive,0.5249999999999999,0.0,7,2022
"Exceptional


Exceptional","clean, quiet, well organized",,10.0,Tony,France,Two-Bedroom Suite,1 night,2022-07-01,Family,,clean quiet well organ,,positive,0.18333333333333335,0.0,7,2022
"Wonderful


Wonderful",Very accommodating and nice staff. Helpful. Top,,9.0,Mikail,Germany,Double Room with Balcony,1 night,2022-07-01,Solo traveler,,accommod nice staff help top,,positive,0.55,0.0,7,2022
"very good, I would definitely go there another time, I can recommend it to all my friends


very good, I would definitely go there another time, I can recommend it to all my friends",the employees are nice - clean - close to the airport and the beach,,10.0,Richard,Hungary,Double Room with Balcony,2 nights,2022-07-01,Couple,,employe nice clean close airport beach,,positive,0.48333333333333334,0.0,7,2022
"Exceptional


Exceptional",Perfect for a stay in Larnaca. Everything was in order.,,10.0,Teresa,Germany,Double Room,7 nights,2022-04-01,Solo traveler,,perfect stay larnaca everyth order,,positive,1.0,0.0,4,2022
"Very Good


Very Good","Arrival at 5am, just for one night.
The owners left us clear and precise information for our arrival, sending us photos.
Cleanliness, distance from the airport, quality of bedding, size of the room, bottle of water available.
Sympathy of the owners in the morning who made the effort to speak French to us.
We recommend eyes closed.","Works next door, but unfortunately the owners can't do anything about it",8.0,Justine,France,Double Room with Balcony,1 night,2022-07-01,Couple,,arriv am one night owner left u clear precis inform arriv send u photo cleanli distanc airport qualiti bed size room bottl water avail sympathi owner morn made effort speak french u recommend eye close,work next door unfortun owner cant anyth,positive,0.03333333333333333,0.0,7,2022
"Exceptional


Exceptional","New hotel, everything is clean and fresh. We were interested in a hotel near the airport, it met our expectations!)",,10.0,Lana,Ukraine,Standard Triple Room,1 night,2022-07-01,Family,,new hotel everyth clean fresh interest hotel near airport met expect,,positive,0.22575757575757574,0.0,7,2022
"Interesting surroundings and perfectly tolerable weather. It was a bit of a respite from the heat


Interesting surroundings and perfectly tolerable weather. It was a bit of a respite from the heat",Very varied breakfasts to choose from in the hotel restaurant.,There were no such elements,8.0,Mirosław,Poland,Double Room with Balcony,4 nights,2022-06-01,Couple,,vari breakfast choos hotel restaur,element,positive,0.0,0.0,6,2022
"pleasant


pleasant","cleanliness, comfort",,8.0,Ελενη,Cyprus,Family Suite with Balcony,1 night,2022-07-01,Group,,cleanli comfort,,positive,0.0,0.0,7,2022
"A beautiful experience.


A beautiful experience.","The dishes cooked to order are delicious, I recommend eating at Jasmine Garden.",🤫,8.0,Mariana,Romania,Double Room with Balcony,7 nights,2022-07-01,Couple,,dish cook order delici recommend eat jasmin garden,,positive,0.0,0.0,7,2022
"Nice place


Nice place","Liked the hotel. Newly refurbished, clean and tidy. Nice welcoming staff. Kindly settled early. We had a delicious dinner at the hotel restaurant. There is a cozy courtyard. Parking.","Very uncomfortable folding bed, the child at night could not fall asleep with it. It is also quite noisy at night - you can hear airplanes and music from nightclubs, but I think this does not apply to the hotel, such a location, but it is close to the airport.",9.0,Larisa,Montenegro,Standard Triple Room,1 night,2022-07-01,Family,,like hotel newli refurbish clean tidi nice welcom staff kindli settl earli delici dinner hotel restaur cozi courtyard park,uncomfort fold bed child night could fall asleep also quit noisi night hear airplan music nightclub think appli hotel locat close airport,positive,0.48333333333333334,0.0,7,2022
"very good place to stay, a short distance from the airport and not far to walk down to the beach
very good place and store, short distance from the airport and not far to walk down to the beach","Pleasant staff, clean and tidy. Good food.",,10.0,Elizabeth,Norway,Family Suite with Balcony,2 nights,2022-07-01,Family,,pleasant staff clean tidi good food,,positive,0.6,0.0,7,2022
"Very Good


Very Good","very clean cheap, modern room",Noisy outside,8.0,Véronique,Canada,Double Room with Balcony,1 night,2022-06-01,Group,,clean cheap modern room,noisi outsid,positive,0.32222222222222224,0.0,6,2022
"Very Good


Very Good","Excellent location, a few steps from the sea and from via dei premises, in 20 minutes on foot you can also reach the ""historic"" center.
Excellent breakfast and meals in the restaurant, all freshly made.
Modern and renovated rooms, very comfortable beds",Slightly small bathroom but still ok,8.0,Alessandra,Italy,Budget Twin Room,2 nights,2022-06-01,Group,,excel locat step sea via dei premis minut foot also reach histor center excel breakfast meal restaur freshli made modern renov room comfort bed,slightli small bathroom still ok,positive,0.05,0.125,6,2022
"Wonderful


Wonderful","Clean, modern hotel, comfortable rooms.",,9.0,Shlomit,Israel,Two-Bedroom Suite,1 night,2022-06-01,Family,,clean modern hotel comfort room,,positive,0.2833333333333333,0.0,6,2022
"Good option for 1-2 nights.


Good option for 1-2 nights.","Great transit hotel near the airport. The room is small but everything is new and very clean. Comfortable double bed and crisp white linen. Delicious breakfast in cafe, friendly staff. Side sea view. Parking.","Noise from a nightclub and not a comfortable cot, my 12 child was very cramped there.",8.0,Larisa,Montenegro,Standard Triple Room,1 night,2022-06-01,Family,,great transit hotel near airport room small everyth new clean comfort doubl bed crisp white linen delici breakfast cafe friendli staff side sea view park,nois nightclub comfort cot child cramp,positive,0.20043290043290043,0.0,6,2022
"Exceptional


Exceptional",Very nice and clean hotel. In an easy and quiet place. Not far from the beach. The staff was very nice and polite,,10.0,Gergana,Cyprus,Double Room,1 night,2022-06-01,Couple,,nice clean hotel easi quiet place far beach staff nice polit,,positive,0.3333333333333333,0.0,6,2022
"Exceptional


Exceptional","The proximity to the airport, free parking, large rooms! very clean",,10.0,Aviya,Israel,Family Suite with Balcony,1 night,2022-06-01,Group,,proxim airport free park larg room clean,,positive,0.38333333333333336,0.0,6,2022
"Very good city hotel


Very good city hotel",The hotel is close to Larnaca Airport and the beach. For the best.,,9.0,Gundekar,Germany,Double Room with Balcony,1 night,2022-06-01,Couple,,hotel close larnaca airport beach best,,positive,1.0,0.0,6,2022
"Very Good


Very Good",Very clean accommodation. Friendly staff. Very pleasant terrace in the evening.,The quality of the television image quite poor.,8.0,David,Belgium,Double Room,1 night,2022-06-01,Couple,,clean accommod friendli staff pleasant terrac even,qualiti televis imag quit poor,positive,0.55,-0.4,6,2022
"good service, cleanliness, comfortable and quiet area


good service, cleanliness, comfortable and quiet area",everything in general,,10.0,Roberto,Spain,Double Room with Balcony,1 night,2022-06-01,Couple,,everyth gener,,positive,0.0,0.0,6,2022
"Very Good


Very Good",proximity to the airport for those arriving during the night,,8.0,Maria,Brazil,Double Room with Balcony,1 night,2022-06-01,Couple,,proxim airport arriv night,,positive,0.0,0.0,6,2022
"Very Good


Very Good",Very friendly reception. Nice quiet room.,,8.0,Kirsten,Germany,Double Room with Balcony,2 nights,2022-06-01,Couple,,friendli recept nice quiet room,,positive,0.3,0.0,6,2022
"Nice accommodation near the airport


Nice accommodation near the airport","Clean, friendly staff, very close to the beach and the airport, lots of restaurants nearby, relatively quiet location.","The room is not sealed off from the corridor, you can hear everything. Somewhat small and sterile rooms.",8.0,Andreas_aut,Austria,Double Room with Balcony,1 night,2022-06-01,Couple,,clean friendli staff close beach airport lot restaur nearbi rel quiet locat,room seal corridor hear everyth somewhat small steril room,positive,0.18333333333333335,-0.25,6,2022
"nice and pleasant


nice and pleasant",clean and comfortable,the view from my room..,8.0,Pedro,France,Budget Twin Room,1 night,2022-06-01,Family,,clean comfort,view room,positive,0.3666666666666667,0.0,6,2022
"Quiet, modern, nice and clean but small


Quiet, modern, nice and clean but small",The room was modern with a large and very comfortable bed. The shower really good. There was also great quiet and it was very easy to set up the room so you wouldn't be disturbed. Everything very clean.,"The size of the room was just enough to spend one night, not much more. The ridiculous closet. The price is perhaps a little high for the comfort that a room gives you that is small as soon as you enter. If I were to go with my partner we would have been disappointed due to the lack of space.",8.0,Israel,Spain,Double Room with Balcony,1 night,2022-06-01,Solo traveler,"Thank you for your comments; we have different sizes of rooms at the hotel, basically when the reservation is for 2 persons, they got a bigger room. 
All rooms have the sames quality of beds and the same toilets but the sizes of rooms  differ.",room modern larg comfort bed shower realli good also great quiet easi set room wouldnt disturb everyth clean,size room enough spend one night much ridicul closet price perhap littl high comfort room give small soon enter go partner would disappoint due lack space,positive,0.4133333333333333,-0.0030000000000000027,6,2022
"Alright


Alright",Close to Larnaca airport and 5min walk to the beach. Very quiet hotel with a restaurant in the enclosure which is very good. The breakfast on the terrace is very nice too!,/,8.0,Myriam,France,Suite with Balcony,1 night,2022-06-01,Family,,close larnaca airport min walk beach quiet hotel restaur enclosur good breakfast terrac nice,,positive,0.4333333333333333,0.0,6,2022
"Exceptional


Exceptional","The kindness and availability of the staff, the restaurant offering a good quality of dishes.
The comfortable and very clean room. The calm
Proximity to the city center and the beach.
Very good value for money",Ras,10.0,Montagné,France,Budget Twin Room,1 night,2022-06-01,Couple,,kind avail staff restaur offer good qualiti dish comfort clean room calm proxim citi center beach good valu money,ra,positive,0.42777777777777776,0.0,6,2022
"a warm welcome and a very warm place 😊


a warm welcome and a very warm place 😊","the establishment is really close to the airport, i.e. 6 minutes by car.
the managers of the hotel are extraordinarily kind and caring
they speak French and helped us find a rental car at a good price, they accompanied and advised us during our stay.
the room is nice and well furnished
I highly recommend this hotel",the small downside concerns the light from the outside at certain times,9.0,Charles,France,Double Room,1 night,2022-06-01,Couple,,establish realli close airport ie minut car manag hotel extraordinarili kind care speak french help u find rental car good price accompani advis u stay room nice well furnish highli recommend hotel,small downsid concern light outsid certain time,positive,0.475,0.12142857142857144,6,2022
"Everything is very good!


Everything is very good!",Very good breakfast! Comfortable bed. Purely. Friendly staff.,"Not all rooms have a balcony. I did not have it. Staying for one day is fine, but if you live for a while, then how to dry your towel and swimsuit ...",8.0,Galina,Latvia,Double Room,1 night,2022-06-01,Solo traveler,"Thank you for your comment; the room you have chosen in your  reservation is  a room without balcony. There are 2 kinds of double room at the hotel: rooms with balcony and rooms without balcony, the kind of room is provided upon the choice of the guest while booking.",good breakfast comfort bed pure friendli staff,room balconi stay one day fine live dri towel swimsuit,positive,0.45714285714285713,0.2765151515151515,6,2022
"Very Good


Very Good","Very friendly staff, and communication with the hotel before our arrival very fluid. The rooms are spacious and comfortable.
It is ideally located near the airport, 5min by bus.","It's a detail, but we would have appreciated having 2 small bottles of water in the room when we arrived",8.0,Anais,France,Double Room with Balcony,1 night,2022-05-01,Couple,,friendli staff commun hotel arriv fluid room spaciou comfort ideal locat near airport min bu,detail would appreci small bottl water room arriv,positive,0.3333333333333333,-0.25,5,2022
"Alright !


Alright !","Very nice staff, restaurant and hotel very good. We stayed here for one night when we arrived before leaving to visit the island. We recommend without any problem, very quiet and clean.","We had ordered a shuttle and thought it was specific to the hotel but it turned out to be just a lambda taxi, the problem is that we waited for it for 40 minutes because it was late but nobody warned us. We had to pay it straight away when we thought it would be included in the hotel bill at the end of the stay. It would be better to indicate directly that it is independent of the hotel, we would not have waited in front of other taxis and tried to reach everyone...",9.0,Myriam,France,Family Suite with Balcony,1 night,2022-05-01,Family,,nice staff restaur hotel good stay one night arriv leav visit island recommend without problem quiet clean,order shuttl thought specif hotel turn lambda taxi problem wait minut late nobodi warn u pay straight away thought would includ hotel bill end stay would better indic directli independ hotel would wait front taxi tri reach everyon,positive,0.41666666666666663,0.13333333333333333,5,2022
"The room very functional and clean. Very welcoming and caring staff.


The room very functional and clean. Very welcoming and caring staff.","The reception of the staff, the cleanliness and the quality of the room.",,9.0,Mendez,France,Double Room,1 night,2022-05-01,Solo traveler,,recept staff cleanli qualiti room,,positive,0.0,0.0,5,2022
"Perfect for one night


Perfect for one night",Good central location. Very nice staff. Neat small hotel.,Very noisy,8.0,Matthias,Germany,Double Room with Balcony,1 night,2022-05-01,Couple,,good central locat nice staff neat small hotel,noisi,positive,0.26249999999999996,0.0,5,2022
"I recommend, great value for money


I recommend, great value for money","cleanliness, space, location",garbage truck at 3am making a lot of noise,9.0,Przemyslaw,Poland,Double Room with Balcony,1 night,2022-05-01,Couple,,cleanli space locat,garbag truck am make lot nois,positive,0.0,0.0,5,2022
"Wonderful


Wonderful",Clean,,9.0,Goldberg,Israel,Double Room,1 night,2022-05-01,Couple,,clean,,positive,0.3666666666666667,0.0,5,2022
"Very Good


Very Good",Nice clean hotel near the airport. The room has everything you need. Also in 7-10 minutes you can walk to the embankment. The staff are friendly and try to help.,"I booked a room with one bed, in fact it was 2 separate beds, no one warned about this, it was very uncomfortable for me and my husband to sleep, having moved the mattresses. If I had known from the beginning that there would not be a room with one bed, I would have chosen another hotel. It spoiled the impression.",8.0,Nataliia,Ukraine,Double Room,1 night,2022-05-01,Couple,,nice clean hotel near airport room everyth need also minut walk embank staff friendli tri help,book room one bed fact separ bed one warn uncomfort husband sleep move mattress known begin would room one bed would chosen anoth hotel spoil impress,positive,0.35555555555555557,0.0,5,2022
"Amazing attitude from the staff


Amazing attitude from the staff","The owner of the place is an amazing guy, nice and answers everything! There are breakfasts, not a big variety but tasty",,10.0,דנה,Israel,Double Room with Balcony,3 nights,2022-05-01,Couple,,owner place amaz guy nice answer everyth breakfast big varieti tasti,,positive,0.3,0.0,5,2022
"For one night, after a late arrival, the hotel was wonderful! there is a small café downstairs where you can go for an egg


For one night, after a late arrival, the hotel was wonderful! there is a small café downstairs where you can go for an egg","super friendly staff and a clean, modern room",we didn't have a balcony. It wasn't bad though as we were only there for one night.,8.0,Kimberly,Germany,Double Room,1 night,2022-05-01,Couple,"Thank you for your review. The type of room you choose while booking was a room without balcony. 
There are at the hotel rooms with balcony and rooms without balcony, it depends on the choice of the guest while booking.",super friendli staff clean modern room,didnt balconi wasnt bad though one night,positive,0.3,-0.6999999999999998,5,2022
"Very Good


Very Good",Good location near the airport and the beach.,Noisy air conditioning and night traffic in the area.,8.0,J,Czech Republic,Double Room,1 night,2022-05-01,Couple,,good locat near airport beach,noisi air condit night traffic area,positive,0.39999999999999997,0.0,5,2022
"Lovely again.


Lovely again.","Nice modern room.
Boss and family take care of that
Well-being of your guests!",There was nothing to complain about!,10.0,Mathilde,Germany,Double Room,1 night,2022-05-01,Solo traveler,,nice modern room bo famili take care wellb guest,noth complain,positive,0.4,0.0,5,2022
"Exceptional


Exceptional",Very good homemade breakfast.,,10.0,Raphaele,France,Two-Bedroom Suite,1 night,2022-04-01,Family,,good homemad breakfast,,positive,0.7,0.0,4,2022
"Very Good


Very Good","When the booked taxi didn't show up at 3 in the morning, the Htl owner drove me to the airport himself after I rang him out of bed....",,8.0,Michael,Switzerland,Double Room,1 night,2022-05-01,Solo traveler,,book taxi didnt show morn htl owner drove airport rang bed,,positive,0.0,0.0,5,2022
"Perfect, thank you very much for the hospitality


Perfect, thank you very much for the hospitality","I loved the staff, they always greeted us with a smile, they were really nice, they always responded to the help we needed, they called us a taxi, they didn't charge me again because I lost my room ticket, a stunning hotel, an aesthetic and clean place with innovative and interesting service that you can really request at the push of a button that you won't be able to hear the bell, I have never come across this in my life amazing thank you so much to this hotel.",A bit far from the city center but taxis cost us the same price from anywhere in the city so it's not critical other than that it's a stunning place.,10.0,Oriya,Israel,Double Room with Balcony,3 nights,2022-04-01,Family,,love staff alway greet u smile realli nice alway respond help need call u taxi didnt charg lost room ticket stun hotel aesthet clean place innov interest servic realli request push button wont abl hear bell never come across life amaz thank much hotel,bit far citi center taxi cost u price anywher citi critic stun place,positive,0.3933333333333333,0.0,4,2022
"Wonderful


Wonderful",the room and the staff!,,9.0,Sophia,Cyprus,Standard Triple Room,2 nights,2022-05-01,Couple,,room staff,,positive,0.0,0.0,5,2022
"Exceptional


Exceptional","Small, modern hotel with very friendly and helpful hosts.
30 minute walk from Larnaca center and 10 minute walk from beautiful Mackenzie Beach!
I'd love to come back!",,10.0,Aurel,Austria,Double Room with Balcony,3 nights,2022-05-01,Solo traveler,,small modern hotel friendli help host minut walk larnaca center minut walk beauti mackenzi beach id love come back,,positive,0.06999999999999999,0.0,5,2022
"Nice 3 star hotel.


Nice 3 star hotel.","Very friendly and helpful
Staff.",Wifi was weak at times.,8.0,Mathilde,Germany,Double Room,3 nights,2022-05-01,Solo traveler,,friendli help staff,wifi weak time,positive,0.0,-0.375,5,2022
"Exceptional


Exceptional","It was very new, clean and quite modern. Excellent price/quality ratio",Anything,10.0,Kamila,Colombia,Standard Triple Room,1 night,2022-05-01,Couple,,new clean quit modern excel pricequ ratio,anyth,positive,0.23434343434343438,0.0,5,2022
"Perfect, I recommend


Perfect, I recommend","Delicious homemade breakfast, they speak French. Are very caring and welcome you 24 hours a day and very close to the airport!",,10.0,Raphaele,France,Two-Bedroom Suite,1 night,2022-05-01,Family,,delici homemad breakfast speak french care welcom hour day close airport,,positive,0.0,0.0,5,2022
"Wonderful


Wonderful",Everything was wonderful! ☆☆☆☆☆,,9.0,Anja,Germany,Double Room with Balcony,1 night,2022-04-01,Solo traveler,,everyth wonder,,positive,0.0,0.0,4,2022
"a quiet place


a quiet place",kindness,,10.0,Luminita,Spain,Double Room with Balcony,3 nights,2022-04-01,Family,,kind,,positive,0.6,0.0,4,2022
"Exceptional


Exceptional","An intimate hotel with service at the highest level.
The cuisine is simple but tasty.
Location on +., close to the beach, gastronomy and the airport",,10.0,Marta,Poland,Double Room with Balcony,2 nights,2022-04-01,Solo traveler,,intim hotel servic highest level cuisin simpl tasti locat close beach gastronomi airport,,positive,0.0,0.0,4,2022
"Excellent value for the price


Excellent value for the price","A renovated, brilliant family hotel with a very friendly staff. Suited us for a one night stay before a flight. We had dinner at the hotel restaurant and it was excellent! The chef gave a personal touch to understand exactly what we want. recommended.",,10.0,Navit,Israel,Two-Bedroom Suite,1 night,2022-04-01,Family,,renov brilliant famili hotel friendli staff suit u one night stay flight dinner hotel restaur excel chef gave person touch understand exactli want recommend,,positive,0.9,0.0,4,2022
"Airport connection TOP


Airport connection TOP",Perfect location to the airport. Very friendly reception. Very clean.,,10.0,Andreas,Germany,Standard Triple Room,1 night,2022-04-01,Family,,perfect locat airport friendli recept clean,,positive,0.6833333333333333,0.0,4,2022
"Beautiful and relaxing stay


Beautiful and relaxing stay","Location, room comfort, service and courtesy of the staff.",Everything was perfect !,10.0,Constantinos,Cyprus,Double Room with Balcony,1 night,2022-04-01,Group,,locat room comfort servic courtesi staff,everyth perfect,positive,0.0,1.0,4,2022
"Exceptional


Exceptional","Great hotel, lovely staff, ready to help at any hour",,10.0,Asher,Israel,Standard Triple Room,1 night,2022-04-01,Family,,great hotel love staff readi help hour,,positive,0.65,0.0,4,2022
"Overall it was okay


Overall it was okay",It was very clean. The host was very nice. He gave us instructions on how to get to the hotel and then even picked us up at the bus stop because we were very late,the humid air in the room. It was very warm. The air conditioning probably didn't work properly,9.0,Wendy,Germany,Double Room,1 night,2022-04-01,Couple,,clean host nice gave u instruct get hotel even pick u bu stop late,humid air room warm air condit probabl didnt work properli,positive,0.22222222222222224,0.6,4,2022
"Exceptional


Exceptional","Very friendly staff, very clean everywhere. Nice room with a nice balcony. Quiet and peaceful area. Definitely a hotel worth visiting again.",All was well,10.0,Søren,Denmark,Double Room with Balcony,1 night,2022-04-01,Couple,,friendli staff clean everywher nice room nice balconi quiet peac area definit hotel worth visit,well,positive,0.37333333333333335,0.0,4,2022
"Great, try it.


Great, try it.","Comfortable, clean, modern, pleasant. The hosts are very nice, they help in everything.",,10.0,Csermák,Hungary,Double Room with Balcony,2 nights,2022-04-01,Couple,,comfort clean modern pleasant host nice help everyth,,positive,0.475,0.0,4,2022
"Very Good


Very Good","Welcoming environment, courtesy, cleanliness, modern room.","I would like more variety at breakfast.
The price to food ratio was disproportionate.",8.0,Marianna,Cyprus,Double Room with Balcony,1 night,2022-04-01,Group,,welcom environ courtesi cleanli modern room,would like varieti breakfast price food ratio disproportion,positive,0.2,0.0,4,2022
"Hotel near the airport


Hotel near the airport","Very clean, comfortable bed, perfect location (near the airport), very friendly welcome, very comfortable bed, tea and coffee in the room.",There was no hair dryer,9.0,Elena,France,Double Room,1 night,2022-03-01,Solo traveler,,clean comfort bed perfect locat near airport friendli welcom comfort bed tea coffe room,hair dryer,positive,0.48888888888888893,0.0,3,2022
"Wonderful


Wonderful",The staff is very friendly,,9.0,Pilates,Croatia,Double Room,1 night,2022-01-01,Couple,,staff friendli,,positive,0.0,0.0,1,2022
"Only pleasant emotions and memories


Only pleasant emotions and memories","The hotel is clean, comfortable and a good location. Very close to Salt Lake and Mackenzie Beach. Very close to bus stop. Very close to the airport, the bus only costs 1.5 euros to and from the airport. From the hotel you can just walk along the entire promenade of Larnaca, you won’t miss anything. A calm step along the sea to the Church of St. Lazarus 30-40 minutes. The room was wonderful. White bed. Breakfast can be bought directly at the hotel for only 8 euros. I rented a car, there is a place to park. The shower is wonderful, the air conditioner works, we were in January, it was very warm and sunny. Everything is great. The owner of the hotel was very friendly, allowed to leave things, even after we checked out, I highly recommend,",,10.0,Elena,Ukraine,Double Room,1 night,2022-01-01,Group,,hotel clean comfort good locat close salt lake mackenzi beach close bu stop close airport bu cost euro airport hotel walk along entir promenad larnaca won’t miss anyth calm step along sea church st lazaru minut room wonder white bed breakfast bought directli hotel euro rent car place park shower wonder air condition work januari warm sunni everyth great owner hotel friendli allow leav thing even check highli recommend,,positive,0.4611111111111111,0.0,1,2022
"Exceptional


Exceptional","The hotel is very close to the airport. All is clear. We were given a superior room with a balcony for free. Unfortunately, it was not possible to evaluate everything, since we arrived in the evening - it was already dark and left for the airport early in the morning (it was still dark). There are many restaurants and cafes within walking distance from the hotel (which was very convenient for us). Very close to the beach.
We were seated very quickly. We left at night with no problems.",,10.0,Irina,Russia,Double Room,1 night,2021-12-01,Couple,,hotel close airport clear given superior room balconi free unfortun possibl evalu everyth sinc arriv even alreadi dark left airport earli morn still dark mani restaur cafe within walk distanc hotel conveni u close beach seat quickli left night problem,,positive,0.1285714285714286,0.0,12,2021
"A short stay for the plane the next day


A short stay for the plane the next day",Nice staff. just one night to leave early the next day from the airport,Maybe the reception needs improvement. It is very old furniture,9.0,Marcowilliam,Italy,Double Room with Balcony,1 night,2021-11-01,Group,,nice staff one night leav earli next day airport,mayb recept need improv old furnitur,positive,0.3,0.1,11,2021
"Wonderful


Wonderful","New hotel. Clean comfortable room. Friendly staff. The hotel is located near the airport.
We read reviews that extraneous noise could interfere, but we traveled in the off season - there was no noise from the street, and the sound from landing / taking off planes did not particularly bother us","The room was small, could have been a bit more spacious. Other than that everything was fine and met our expectations.",9.0,Artem,Ukraine,Double Room,1 night,2021-11-01,Couple,,new hotel clean comfort room friendli staff hotel locat near airport read review extran nois could interfer travel season nois street sound land take plane particularli bother u,room small could bit spaciou everyth fine met expect,positive,0.25075757575757573,0.08333333333333334,11,2021
"Exceptional


Exceptional","convenient location, with a late arrival and planning further travel by car. Walking distance to Mackenzie Beach and Salt Lake. Purely. no problem with check-in after 12 at night. Parking next to the hotel.",,10.0,Michael,Ukraine,Family Suite with Balcony,1 night,2022-01-01,Family,,conveni locat late arriv plan travel car walk distanc mackenzi beach salt lake pure problem checkin night park next hotel,,positive,-0.02857142857142857,0.0,1,2022
"Exceptional


Exceptional","large comfortable bed, clean linen, cozy.
close to the airport (7-10 minutes by taxi)",,10.0,Maria,Russia,Double Room,1 night,2021-11-01,Solo traveler,,larg comfort bed clean linen cozi close airport minut taxi,,positive,0.3666666666666667,0.0,11,2021
"Exceptional


Exceptional","Cleanliness 10/10!
everything is white, bright, cozy!
We spent one night before the plane, were very satisfied.
the accommodation is perfect - close to the airport.",nothing to complain about),10.0,Дарья,Russia,Double Room,1 night,2021-10-01,Couple,,cleanli everyth white bright cozi spent one night plane satisfi accommod perfect close airport,noth complain,positive,0.4,0.0,10,2021
"Very Good


Very Good","Very nice staff, comfortable beds, great shower. We stayed for one night before flying out of Cyprus, the option is excellent, close to the airport, near the lake with flamingos (in winter)",They are drawing a number :),8.0,Elena,Ukraine,Standard Triple Room,1 night,2021-12-01,Family,,nice staff comfort bed great shower stay one night fli cypru option excel close airport near lake flamingo winter,draw number,positive,0.5,0.0,12,2021
"Will I consider this hotel again? No question, if it is at least at the same level.


Will I consider this hotel again? No question, if it is at least at the same level.","I liked the hotel already when approaching it from the street. The feeling of the new did not leave all the time. Starting from the street terrace, the hall and up to the room itself - clean, comfortable, with a soft bed. As it turned out later, the hotel is already about 8 years old, but they are doing well 👍
Always friendly staff (it looks like a family business, but I will not say). Every day cleaning. At any time, you can go down to the veranda at the tables and just drink their wonderful cappuccino on soft sofas, and then sleep the rest of the night on soft beds.
We did not use the pool, the sea is better, because there is a good Mackenzie beach. And he did not have to swim.","Of the minuses: sometimes a car came to pick up garbage cans at night. More precisely, the car poured them into its depths, not worrying about the noise and sleeping expensive tourists. Also mirrors in the room. There are plenty of them and they all distorted the image. rather made you fatter))
Everything else is a plus!",9.0,Alena,Russia,Double Room with Balcony,7 nights,2021-09-01,Couple,,like hotel alreadi approach street feel new leav time start street terrac hall room clean comfort soft bed turn later hotel alreadi year old well alway friendli staff look like famili busi say everi day clean time go veranda tabl drink wonder cappuccino soft sofa sleep rest night soft bed use pool sea better good mackenzi beach swim,minu sometim car came pick garbag can night precis car pour depth worri nois sleep expens tourist also mirror room plenti distort imag rather made fatter everyth els plu,positive,0.24696969696969698,0.0,9,2021
"A very good choice for a visit to Larnaca.


A very good choice for a visit to Larnaca.","Very warm and caring welcome. The room was very well equipped, clean, comfortable... I was very happy.","The hotel is not far from the airport, but a bit far from city center.",9.0,Mme,France,Double Room,1 night,2021-11-01,Solo traveler,,warm care welcom room well equip clean comfort happi,hotel far airport bit far citi center,positive,0.48333333333333334,0.03333333333333333,11,2021
"Alright


Alright","nice staff, lobby and room very clean.",,10.0,Lucile,Norway,Double Room,1 night,2021-12-01,Couple,,nice staff lobbi room clean,,positive,0.48333333333333334,0.0,12,2021
"Wonderful


Wonderful","Cleanliness
Spacious",,9.0,Alexandros,Greece,Double Room,1 night,2021-11-01,Couple,,cleanli spaciou,,positive,0.0,0.0,11,2021
"Exceptional


Exceptional",Super nice staff. Great location and pet friendly! We were able to bring our small dog and the hotel was still very clean!!,,10.0,Sarah,Germany,Double Room with Balcony,3 nights,2021-11-01,Family,,super nice staff great locat pet friendli abl bring small dog hotel still clean,,positive,0.37,0.0,11,2021
"Very Good


Very Good","It was the cleanest room I've ever been, cleanliness is top notch, cleaned every day, down to the taps, towels and white bedding, any problems are solved instantly. The staff is excellent, everyone is definitely polite and smiling","very noisy, the area is ringing, the sounds accumulate with terrible force. At night, I constantly woke up either from the sounds of airplanes, or from passing cars or a slamming trunk, earplugs did not save (",8.0,Natalia,Russia,Double Room with Balcony,4 nights,2021-11-01,Solo traveler,,cleanest room ive ever cleanli top notch clean everi day tap towel white bed problem solv instantli staff excel everyon definit polit smile,noisi area ring sound accumul terribl forc night constantli woke either sound airplan pass car slam trunk earplug save,positive,0.2916666666666667,0.4,11,2021
"Exceptional


Exceptional","clean rooms, very nice staff, comfortable bed",,10.0,Marta,Norway,Double Room,1 night,2021-11-01,Couple,,clean room nice staff comfort bed,,positive,0.48333333333333334,0.0,11,2021
"More than ok for one night.


More than ok for one night.","Proximity to the airport, small but modern rooms, good bed, very good bathroom.",Those who sleep lightly will be disturbed by the aircraft noise. Those who are tired sleep over it.,8.0,Wulfman,Germany,Double Room,1 night,2021-11-01,Couple,,proxim airport small modern room good bed good bathroom,sleep lightli disturb aircraft nois tire sleep,positive,0.33749999999999997,0.0,11,2021
"Nice accommodation close to the beach


Nice accommodation close to the beach","Nice accommodation, parking in the hotel area, a beautiful beach within walking distance, very helpful staff, due to the delay of the plane they waited for us until 2 in the morning.","Beautiful accommodation, unfortunately at night it was fertilized in Larnaca and the whole city stank. Perhaps it was only short-lived.",9.0,David,Czech Republic,Standard Triple Room,1 night,2021-10-01,Group,,nice accommod park hotel area beauti beach within walk distanc help staff due delay plane wait u morn,beauti accommod unfortun night fertil larnaca whole citi stank perhap shortliv,positive,0.2375,0.2,10,2021
"Very Good


Very Good","1. Location
Hotel near the airport, fast transfer organized by the hotel. In total, close to the beach, although to get to the beach relatively quickly you have to go to the so-called. ""shortcuts"" along a well-trodden path through a field and a small escarpment or another way a little ""around"" along the streets. The center is quite far, about 2.5 km, a walk along the beach promenade.
2. Peace
Great, modern design, comfortable bed, clean, large with a balcony. Large bathroom with shower. Equipped with a kettle plus a welcome pack (tea, coffee, water)
3. Breakfast
Served on site, on the ground floor in the dining room with access to the front terrace, delicious, homemade Greek taste.",Pool infrastructure.,8.0,Maksymilian,Poland,Standard Triple Room,2 nights,2021-10-01,Family,,locat hotel near airport fast transfer organ hotel total close beach although get beach rel quickli go socal shortcut along welltrodden path field small escarp anoth way littl around along street center quit far km walk along beach promenad peac great modern design comfort bed clean larg balconi larg bathroom shower equip kettl plu welcom pack tea coffe water breakfast serv site ground floor dine room access front terrac delici homemad greek tast,pool infrastructur,positive,0.14166666666666666,0.0,10,2021
"Nice hotel in Larnaca!


Nice hotel in Larnaca!","Even though we arrived at 3 a.m., they waited for us. Very friendly, very clean! close to the airport!",,10.0,Ulrike,Austria,Double Room with Balcony,1 night,2021-11-01,Family,,even though arriv wait u friendli clean close airport,,positive,0.3666666666666667,0.0,11,2021
"Good, but not exceptional!


Good, but not exceptional!","Location close to the airport, therefore during the day a lot of noise from planes taking off. Not heard at night.
Breakfast was good, but not lavish. Had to ask for bread.","Beds are soft and with a lot of plastic therefore very sweaty.
In the middle of the night the garbage containers were emptied with a lot of noise.",8.0,J,Netherlands,Double Room with Balcony,1 night,2021-11-01,Couple,,locat close airport therefor day lot nois plane take heard night breakfast good lavish ask bread,bed soft lot plastic therefor sweati middl night garbag contain empti lot nois,positive,0.7,0.1,11,2021
"Great price for very good airport location


Great price for very good airport location","Great location as I arrived very late and just wanted to sleep.
You are there now.
Quiet location, very friendly and helpful staff/owners.","bed a bit uncomfortable.
Unfortunately, the organized taxi came too late/ a bit chaotic.
Even if the hotel cannot do anything about it.",9.0,Johannes,Germany,Double Room with Balcony,1 night,2021-10-01,Solo traveler,,great locat arriv late want sleep quiet locat friendli help staffown,bed bit uncomfort unfortun organ taxi came late bit chaotic even hotel cannot anyth,positive,0.16666666666666666,-0.3,10,2021
"Exceptional


Exceptional","Very clean new room, perfect bed and towels, close location to the bus stop, 10 minutes to the center and 5 minutes to the airport. Friendly staff, all wishes and problematic situations are solved immediately. An ideal place if you need to spend the night before departure from Larnaca.","Mackenzie Beach is very noisy, windy, did not like it, not for a long vacation.",10.0,Yuliia,Ukraine,Double Room,1 night,2021-10-01,Family,,clean new room perfect bed towel close locat bu stop minut center minut airport friendli staff wish problemat situat solv immedi ideal place need spend night departur larnaca,mackenzi beach noisi windi like long vacat,positive,0.4606060606060606,-0.05,10,2021
"Very Good


Very Good",very clean Plenty of parking. Nice and kind staff.,,8.0,Inbar,Israel,Two-Bedroom Suite,1 night,2021-09-01,Family,,clean plenti park nice kind staff,,positive,0.5222222222222223,0.0,9,2021
"Top class hotel close to the airport


Top class hotel close to the airport","Very nice room. There was a kettle and a microwave, a spacious bath, a view of the beautiful houses. We were seated in the middle of the night. Delicious breakfast for a fee. On request, there is a transfer from the airport and to the airport",-,10.0,Olha,Ukraine,Double Room,1 night,2021-10-01,Couple,,nice room kettl microwav spaciou bath view beauti hous seat middl night delici breakfast fee request transfer airport airport,,positive,0.6,0.0,10,2021
"Excellent hotel close to Larnaka airport


Excellent hotel close to Larnaka airport","The ""street side"" rooms are noisier than those facing the back.","The exceptional welcome in French
Proximity to the airport
A nearby bus stop provides access to the city center and the airport
The cleanliness and design of the room",10.0,Mary-phil,France,Double Room with Balcony,1 night,2021-10-01,Couple,,street side room noisier face back,except welcom french proxim airport nearbi bu stop provid access citi center airport cleanli design room,positive,0.0,-0.05,10,2021
"Newly Renovated Hotel. Perfect for a short overnight stay before flying back from Larnaca.


Newly Renovated Hotel. Perfect for a short overnight stay before flying back from Larnaca.",Pleasantly surprised as the hotel appears to have been renovated.,Unfortunately the pool was closed.,10.0,Christian,Germany,Double Room with Balcony,1 night,2021-10-01,Solo traveler,,pleasantli surpris hotel appear renov,unfortun pool close,positive,0.0,0.0,10,2021
"Very Good


Very Good","New hotel, with super clean rooms and comfortable beds. Family business and the owners are very friendly!",,8.0,Alexander,Germany,Family Suite with Balcony,2 nights,2021-10-01,Group,,new hotel super clean room comfort bed famili busi owner friendli,,positive,0.2787878787878788,0.0,10,2021
"SUPER HOTEL


SUPER HOTEL","Nice homely atmosphere, delicious food, the owner takes care of the guests to make them feel at home. The place is RECOMMENDED.",,10.0,Michał,Poland,Double Room with Balcony,3 nights,2021-10-01,Couple,,nice home atmospher delici food owner take care guest make feel home place recommend,,positive,0.6,0.0,10,2021
"Price and quality fire


Price and quality fire","Cozy hotel in a quiet location. Walking distance to the beach, we went with a child. Walking around is also interesting.
The room is very clean, comfortable mattresses, excellent clean bedding.
There is only soap in the shower, no shower gel. Keep in mind. But we usually go with ours.
Very polite and pleasant staff.
We took breakfast once. I liked it.",,10.0,Anna,Russia,Double Room with Balcony,2 nights,2021-10-01,Family,,cozi hotel quiet locat walk distanc beach went child walk around also interest room clean comfort mattress excel clean bed soap shower shower gel keep mind usual go polit pleasant staff took breakfast like,,positive,0.24333333333333335,0.0,10,2021
"Wonderful


Wonderful","Very well-kept hotel, friendly service, very comfortable mattresses, fridge, kettle, very modern new equipment.",Everything OK,9.0,..NB..,Germany,Double Room,1 night,2021-10-01,Solo traveler,,wellkept hotel friendli servic comfort mattress fridg kettl modern new equip,everyth ok,positive,0.16818181818181818,0.5,10,2021
"I recommend, price-quality at height)


I recommend, price-quality at height)","Staff SUPER!!! Responsive, kind people, you feel at home). The room has a refrigerator, kettle, mugs (small), safe (did not use), TV (2 channels in the local language, netflix and browser). Near the salt lake, about 10 minutes walk, 5-6 minutes to the sea. Quiet place. Near the airport about 4 km, by bus or car for 5-6 minutes, you can walk and walk for 50 minutes)))","The shower has no door or curtain. While taking a shower, drops fall on the floor. Wi-fi is enough for a phone, not enough for a laptop. There are few shops nearby.",10.0,Deniskri,Russia,Double Room with Balcony,3 nights,2021-10-01,Family,,staff super respons kind peopl feel home room refriger kettl mug small safe use tv channel local languag netflix browser near salt lake minut walk minut sea quiet place near airport km bu car minut walk walk minut,shower door curtain take shower drop fall floor wifi enough phone enough laptop shop nearbi,positive,0.1729166666666667,0.0,10,2021
"I would book again


I would book again","No breakfast booked.
Location very good for airport and beach.",,8.0,Katharina,Germany,Double Room with Balcony,1 night,2021-10-01,Solo traveler,,breakfast book locat good airport beach,,positive,0.7,0.0,10,2021
"Wonderful


Wonderful",Good hotel next to Mackenzie beach and especially the airport. It is 5 minutes by car,All right,9.0,Miguel,Spain,Double Room with Balcony,1 night,2021-10-01,Couple,,good hotel next mackenzi beach especi airport minut car,right,positive,0.35,0.2857142857142857,10,2021
"Very Good


Very Good","Superb room, bathroom and balcony, very comfortable, the staff was top notch!",Lots of noise from the hallway,8.0,Manon,France,Double Room with Balcony,1 night,2021-10-01,Couple,,superb room bathroom balconi comfort staff top notch,lot nois hallway,positive,0.75,0.0,10,2021
"Very Good


Very Good",Stayed for one night due to an early flight. The airport is 6 minutes by car. Liked the food at the cafe in the lobby. Near a good beach.,,8.0,Семён,Russia,Double Room with Balcony,1 night,2021-10-01,Family,,stay one night due earli flight airport minut car like food cafe lobbi near good beach,,positive,0.22499999999999998,0.0,10,2021
"Very Good


Very Good","Very cozy and stylish hotel, good staff, excellent location, bus stops nearby, salt lake, 5 minutes walk to the sea.","In addition to liquid soap, no other means. Bring along shampoos, soaps, gels, etc.",8.0,Tatiana,Russia,Double Room with Balcony,4 nights,2021-10-01,Solo traveler,,cozi stylish hotel good staff excel locat bu stop nearbi salt lake minut walk sea,addit liquid soap mean bring along shampoo soap gel etc,positive,0.6,-0.3125,10,2021
"Wonderful


Wonderful",Very clean,,9.0,Christina,Germany,Standard Triple Room,1 night,2021-10-01,Family,,clean,,positive,0.3666666666666667,0.0,10,2021
"Again and again


Again and again",Clean and modern hotel with very friendly staff.,,8.0,Fabian,Germany,Standard Triple Room,1 night,2021-09-01,Group,,clean modern hotel friendli staff,,positive,0.2833333333333333,0.0,9,2021
"Good address good value for money near the airport


Good address good value for money near the airport","The terrace, the sympathy of the restaurant manager",The noise of the discotheque…,9.0,Fabienne,France,Double Room with Balcony,1 night,2021-10-01,Couple,,terrac sympathi restaur manag,nois discotheque…,positive,0.0,0.0,10,2021
"Excellent hotel close to the airport


Excellent hotel close to the airport","Excellent location, perfect cleanliness, excellent breakfasts for only 8€, super service",-,10.0,Ilia,Russia,Double Room with Balcony,4 nights,2021-09-01,Couple,,excel locat perfect cleanli excel breakfast € super servic,,positive,0.6666666666666666,0.0,9,2021
"Exceptional


Exceptional","The situation, extremely close to the airport for a very early departure or a late arrival, and extremely close to the beach and its entertainment (restaurants, bars...). Very quiet though. Very clean, very comfortable, brand new! Very friendly and pleasant welcome.",,10.0,Claire,France,Double Room with Balcony,1 night,2021-09-01,Couple,,situat extrem close airport earli departur late arriv extrem close beach entertain restaur bar quiet though clean comfort brand new friendli pleasant welcom,,positive,0.1872727272727273,0.0,9,2021
"Wonderful


Wonderful","Was in the middle of September. I really liked the hotel. Reminds me of a family hostel. Excellent service staff. The owner and staff are always ready to help. Helped immediately with adapters. From the hotel to the beach is relatively close. 5-7 minutes at a calm pace. There is a bus stop nearby, which is also very important. Of the shortcomings, I would note the monotonous breakfast. Every day is the same.",breakfasts. This is probably the weakest link in the hotel.,9.0,Evgeny,Israel,Family Suite with Balcony,7 nights,2021-09-01,Couple,,middl septemb realli like hotel remind famili hostel excel servic staff owner staff alway readi help help immedi adapt hotel beach rel close minut calm pace bu stop nearbi also import shortcom would note monoton breakfast everi day,breakfast probabl weakest link hotel,positive,0.30000000000000004,0.0,9,2021
"Well-maintained hotel, great location.


Well-maintained hotel, great location.","Very nice owner, great hotel, close to the beach!!",,10.0,Sylwia,Poland,Double Room with Balcony,7 nights,2021-09-01,Couple,,nice owner great hotel close beach,,positive,0.7,0.0,9,2021
"Exceptional


Exceptional","The room was spotless and the sheets were musky! While we had booked a double room, they gave us a 4-bed room with two rooms, which made us very happy. While we arrived after midnight there was a person at the reception to check in. The staff is very kind and helpful! We would definitely go again!!",,10.0,Δημητρα,Greece,Double Room with Balcony,1 night,2021-09-01,Couple,,room spotless sheet muski book doubl room gave u bed room two room made u happi arriv midnight person recept check staff kind help would definit go,,positive,0.6,0.0,9,2021
"Good for a couple of days.


Good for a couple of days.",Very convenient location. Not far from the airport and from the sea.,Very thin walls. Everything is heard. At 3 o'clock in the morning we woke up from the fact that the garbage truck loaded the tanks.,8.0,Kirill,Russia,Double Room,1 night,2021-09-01,Couple,,conveni locat far airport sea,thin wall everyth heard oclock morn woke fact garbag truck load tank,positive,0.1,-0.4,9,2021
"Exceptional


Exceptional","Location near the airport, near Mackenzie beach - super convenient. Delicious breakfasts, attentive staff, five minutes to the beach. Homer comfortable, clean, cleaned every day. The owners of the hotel helped with all questions. If you stop here",,10.0,Yuliia,Ukraine,Standard Triple Room,2 nights,2021-09-01,Group,,locat near airport near mackenzi beach super conveni delici breakfast attent staff five minut beach homer comfort clean clean everi day owner hotel help question stop,,positive,0.2533333333333333,0.0,9,2021
"Exceptional


Exceptional","Very helpful staff. If you do not have adapters for sockets, ask at the reception.. 😊",Quilts too warm for summer..,10.0,Anna,Israel,Family Suite with Balcony,1 night,2021-08-01,Family,,help staff adapt socket ask recept,quilt warm summer,positive,0.0,0.6,8,2021
"Alright


Alright","Hotel rather well placed, access to the beach by crossing a vacant lot. Airport nearby (but the taxi price is the same as from the center of Larnaca). Pleasant surprise, it is not in the photo but the accommodation has a swimming pool! Fridge filled with drinks and delicacies, even if it's paying it's nice to have some available",Too bad the swimming pool is not indicated on the booking site and at the reception of the hotel!,9.0,Lucille,France,Double Room with Balcony,1 night,2021-09-01,Solo traveler,,hotel rather well place access beach cross vacant lot airport nearbi taxi price center larnaca pleasant surpris photo accommod swim pool fridg fill drink delicaci even pay nice avail,bad swim pool indic book site recept hotel,positive,0.30833333333333335,-0.6999999999999998,9,2021
"Good


Good",Close to the airport. Quietly we reached 3 stops on the 425 bus (2nd floor-entrance for those departing. From the airport immediately to the left to the end of the airport building). The hosts are very friendly.,"Tomorrow is quite meager - 8 euros. The room is very very small (3 beds at 18 meters), but at the same time, clean and tidy. The area near the hotel is a wasteland / wasteland. There is nothing. Most importantly, do not go to nearby cafes/restaurants. Never had such a terrible dinner before.",7.9,Андрей,Russia,Standard Triple Room,1 night,2021-08-01,Couple,,close airport quietli reach stop bu nd floorentr depart airport immedi left end airport build host friendli,tomorrow quit meager euro room small bed meter time clean tidi area near hotel wasteland wasteland noth importantli go nearbi cafesrestaur never terribl dinner,positive,0.0,-0.09583333333333333,8,2021
"THANKS !


THANKS !","Very available and caring for his customers. The rooms are very well equipped and the breakfast very good and plentiful. We arrived at 2:30 am at the airport, a shuttle taxi to the hotel was waiting for us. The hotel allowed us, at no extra cost, a late arrival and a late departure (at 1:30 p.m.).",,9.0,Quentin,France,Double Room,1 night,2021-09-01,Couple,"thank you, we are delighted your experience was satisfactory; we hope to see you again another time.",avail care custom room well equip breakfast good plenti arriv airport shuttl taxi hotel wait u hotel allow u extra cost late arriv late departur pm,,positive,0.024999999999999994,0.0,9,2021
"Exceptional


Exceptional","Staff very welcoming, kind and very friendly. Everything is clean and perfect. No complaints. I strongly advise.",,10.0,Capelle,France,Double Room,1 night,2021-09-01,Couple,we thank you for your comments and for your advice as well as for the score. We are delighted that your stay was perfect. we hope to see you again another time.,staff welcom kind friendli everyth clean perfect complaint strongli advis,,positive,0.4166666666666667,0.0,9,2021
"Exceptional


Exceptional","Individual approach. Responsive staff. Very clean, fresh, comfortable. you can see it's new. Cleaning every day",I can't even remember.,10.0,Polina,Russia,Double Room with Balcony,9 nights,2021-07-01,Couple,,individu approach respons staff clean fresh comfort see new clean everi day,cant even rememb,positive,0.2924242424242425,0.0,7,2021
"Unbeatable value for money. I recommend or come back.


Unbeatable value for money. I recommend or come back.","The hotel is 10 minutes from the airport which is very convenient for not missing your flight.
The welcome was very warm and efficient.
I unfortunately did not try the breakfast or other meal but the hotel is well located for the restaurants in the area.",The electric kettle didn't seem to work. (But that's a detail!).,8.0,Catherine,France,Double Room with Balcony,1 night,2021-08-01,Solo traveler,,hotel minut airport conveni miss flight welcom warm effici unfortun tri breakfast meal hotel well locat restaur area,electr kettl didnt seem work that detail,positive,0.6,0.0,8,2021
"Exceptional


Exceptional","Clean comfortable hotel, delicious breakfast. To the beach on foot 5 minutes. Only pleasant impressions remain",,10.0,Olena,Ukraine,Standard Triple Room,4 nights,2021-08-01,Group,,clean comfort hotel delici breakfast beach foot minut pleasant impress remain,,positive,0.55,0.0,8,2021
"Very Good


Very Good","Great bed, excellent cleaning, great for the airport (it's attached)","Small room, only one nescafe bag, no curtain in the bathroom. Better remove the photo of the pool, since it's a hole...",8.0,Alessandro,Italy,Double Room with Balcony,1 night,2021-08-01,Group,"Thank you for your comments; we have different sizes of rooms, depending on the availability and the date of reservation. 
There is no photos of the swimming pool at the hotel, we don't promote it on booking. com site, as it is for private use,  But of course our guests are always welcomed if they would like to make use of it.",great bed excel clean great airport attach,small room one nescaf bag curtain bathroom better remov photo pool sinc hole,positive,0.6555555555555556,0.125,8,2021
"Incredible staff


Incredible staff","The most important thing about the hotel is the incredible staff. Very soulful atmosphere.
Definitely recommend trying the food in the restaurant. We took pasta, pizza, salads and burgers and everything was piping hot and very tasty and homemade.
The general manager, he is behind the counter in the restaurant, made our holiday)
The rooms are clean, air-conditioned, balcony, mini-bar.
Definitely recommend",,10.0,Marina,Russia,Double Room with Balcony,1 night,2021-08-01,Family,,import thing hotel incred staff soul atmospher definit recommend tri food restaur took pasta pizza salad burger everyth pipe hot tasti homemad gener manag behind counter restaur made holiday room clean aircondit balconi minibar definit recommend,,positive,0.07222222222222223,0.0,8,2021
"good hotel for those who want to sunbathe on Mackenzie Beach. Far from the center.
good hotel for those who want to sunbathe on Mackenzue Beach. Far from the center.","Nice staff, good cook",room a bit small. son of 16 had to sleep on the starter,8.0,Magdalena,Poland,Standard Triple Room,3 nights,2021-08-01,Family,,nice staff good cook,room bit small son sleep starter,positive,0.6499999999999999,-0.25,8,2021
"Excellent, I will definitely go back.


Excellent, I will definitely go back.","Hotel completely redone, the rooms are clean and comfortable. Like the 2 managers of the hotel and the chef, the staff is extremely kind and helpful. If I were to go back to Cyprus, I wouldn't go anywhere else.
Full breakfast and served without time limit, to good understanding :)",RAS,10.0,Zohra,France,Double Room with Balcony,7 nights,2021-08-01,Family,,hotel complet redon room clean comfort like manag hotel chef staff extrem kind help go back cypru wouldnt go anywher els full breakfast serv without time limit good understand,ra,positive,0.4033333333333333,0.0,8,2021
"Excellent, I will definitely go back.


Excellent, I will definitely go back.","Hotel completely redone, the rooms are clean and comfortable. Like the 2 managers of the hotel and the chef, the staff is extremely kind and helpful. If I were to go back to Cyprus, I wouldn't go anywhere else.",RAS,10.0,Zohra,France,Family Suite with Balcony,14 nights,2021-08-01,Family,,hotel complet redon room clean comfort like manag hotel chef staff extrem kind help go back cypru wouldnt go anywher els,ra,positive,0.32222222222222224,0.0,8,2021
"Wonderful


Wonderful","Great, compact room and hotel. Clean and modern. 3+ stars for sure. Mackenzie Beach is 10-15 minutes on asphalt and 5-7 off-road (there is a descent at the end of the street). From the airport 7 - 10 minutes drive.",,9.0,Evgeniy,Russia,Double Room with Balcony,2 nights,2021-08-01,Solo traveler,Thank you for your detailed comments and for the nice score. Hope to have the chance to host you another time.,great compact room hotel clean modern star sure mackenzi beach minut asphalt offroad descent end street airport minut drive,,positive,0.4666666666666667,0.0,8,2021
"Perfect!


Perfect!",Perfect!,,10.0,Marek,Poland,Double Room with Balcony,1 night,2021-08-01,Solo traveler,Thank you so much for the nice score. Hope to have the chance to host you another time.,perfect,,positive,1.0,0.0,8,2021
"Good hotel


Good hotel","In general, we were satisfied, corresponds to the price, a small but clean cozy modern hotel with a small number of people",,8.0,Aleksandr,Cyprus,Standard Triple Room,1 night,2021-08-01,Family,thank you for your nice comments- we are sorry we provided you a small room.,gener satisfi correspond price small clean cozi modern hotel small number peopl,,positive,0.016666666666666677,0.0,8,2021
"Exceptional


Exceptional","New hotel, renovated, soft blankets",Small room for a family,10.0,Mikhail,Russia,Family Suite with Balcony,1 night,2021-08-01,Family,"thank you for your nice review and great score. actually we have bigger rooms for families but as all suites were fully booked, we provided you a smaller one. we are sorry for this inconvenience.",new hotel renov soft blanket,small room famili,positive,0.11818181818181818,-0.25,8,2021
"Exceptional


Exceptional",Amazing place!,,10.0,Claudio,Cyprus,Double Room with Balcony,2 nights,2021-08-01,Solo traveler,Thank you so much for the nice score and nice comment. Hope to host you again,amaz place,,positive,0.0,0.0,8,2021
"Wonderful


Wonderful","Cleanliness, proximity to the airport, walk to the sea",,9.0,Elena,Russia,Double Room with Balcony,1 night,2021-07-01,Couple,Thank you for your nice reveiw. Yes it’s around 4 min walk to reach the beach. Hope to see you another time.,cleanli proxim airport walk sea,,positive,0.0,0.0,7,2021
"Exceptional


Exceptional","Super establishment undervalued in my opinion with an available, pleasant and very professional staff. You",,10.0,Manuela,Spain,Two-Bedroom Suite,1 night,2021-07-01,Family,Thank you so much your special nice comment. Hope to see you another time,super establish undervalu opinion avail pleasant profession staff,,positive,0.5333333333333333,0.0,7,2021
"Great room, nice people


Great room, nice people",Room and possibility for late check out and very nice staff,"Swimming pool , small and dirty",8.0,Carolien,Netherlands,Two-Bedroom Suite,1 night,2021-07-01,Family,"Thank you for your nice comments- regarding the swimming pool, actually it is for private use, we are not  promoting it on booking. com site; it is for our private use and if someone like to use it , he is welcomed. We try to be as much as we can transparent  with our guests by not selling an amenity (the swimming pool) that is not certified and accessible.",room possibl late check nice staff,swim pool small dirti,positive,0.15,-0.25,7,2021
"Wonderful


Wonderful","Delicious breakfast, clean room, excellent renovation with taste, stylish and beautiful!",,9.0,Elizaveta,Cyprus,Double Room with Balcony,1 night,2021-07-01,Solo traveler,Thank you very much for your nice comments and good score; we are happy you liked the everything and the food; hope to see you another time.,delici breakfast clean room excel renov tast stylish beauti,,positive,0.43333333333333335,0.0,7,2021
"Wonderful


Wonderful",,Very nice and close to the airport,9.0,Shai,Israel,Double Room with Balcony,1 night,2021-07-01,Couple,,,nice close airport,positive,0.0,0.6,7,2021
"Wonderful


Wonderful","Great staff ... great willingness! The hotel itself was tidy and modern,",,9.0,Jan,Cyprus,Standard Triple Room,1 night,2021-07-01,Group,Thank you very much for your nice words. We were happy welcoming you. Hope to see you again.,great staff great willing hotel tidi modern,,positive,0.5125000000000001,0.0,7,2021
"Exceptional


Exceptional",Very pleasant welcome,,9.6,Alain,France,Standard Triple Room,1 night,2021-07-01,Family,Thank you very much for your comment and for the score. Hope to see you again,pleasant welcom,,positive,0.7333333333333334,0.0,7,2021
"Very Good


Very Good",Very pleasant staff. New and clean rooms.,Lack of adapters for sockets in the rooms. But the staff promised to fix it.,8.0,Алексей,Ukraine,Double Room with Balcony,1 night,2021-06-01,Group,"thank you so much for your  nice comments ;  regarding the adaptors, yes, as promised, we have now a stock at the hotel in order to fulfil our guests need.",pleasant staff new clean room,lack adapt socket room staff promis fix,positive,0.4121212121212121,0.0,6,2021
"Very Good


Very Good",The hotel staff was fantastic.,,8.0,Miguel,Spain,Double Room with Balcony,1 night,2021-07-01,Solo traveler,thank you so much for your nice comment; we are always available to serve our guests; hope to see you again.,hotel staff fantast,,positive,0.0,0.0,7,2021
"Exceptional


Exceptional","Great place, very nice staff. Close to Mackenzie beach and salt lake. 10 minutes to the airport by bus or taxi.",No trash can in the room),10.0,Yuriigr,Russia,Double Room with Balcony,1 night,2021-07-01,Solo traveler,thank you so much for your beautiful comments and for the score; we were happy welcoming you at the hotel; we will consider your comment about the trash can in the room. thank you .,great place nice staff close mackenzi beach salt lake minut airport bu taxi,trash room,positive,0.7,0.0,7,2021
"Wonderful


Wonderful",Super clean modern room and bathroom with balcony. Wonderful air conditioning that also stays on when you leave the room or open the balcony door.,The street on which the hotel is located.,9.0,Erwin,Netherlands,Double Room with Balcony,1 night,2021-07-01,Couple,"thank you so much for your nice comments; we were happy welcoming you at the hotel; the street on which the hotel is located is very calm , at the same time, it is not far from the amazing nightlife of Makenzie.",super clean modern room bathroom balconi wonder air condit also stay leav room open balconi door,street hotel locat,positive,0.22499999999999998,0.0,7,2021
"Very Good


Very Good","Very friendly and helpful staff, walking distance to the beach with several restaurants.",,8.0,Thomas,Switzerland,Family Suite with Balcony,7 nights,2021-07-01,Family,thank you so much for your nice comments ; we were happy welcoming you at the hotel; hope to see you again.,friendli help staff walk distanc beach sever restaur,,positive,0.0,0.0,7,2021
"Exceptional


Exceptional","Clean, nice atmosphere, helpful people",Nice staff,10.0,Justynek,Poland,Double Room with Balcony,9 nights,2021-07-01,Family,thank you so much for your nice comments and for the great score; we were happy welcoming you at the hotel; we are always available to serve our guests; hope to see you again.,clean nice atmospher help peopl,nice staff,positive,0.48333333333333334,0.6,7,2021
"Wonderful


Wonderful","Super polite and helpful staff, clean comfortable room with good new furniture, delicious breakfast on the veranda. Walking distance to Makenzie beach. In the absence of a car, it is very easy to get here by bus from the airport. If you are worried about the proximity of the airport, then during the entire stay we did not notice the noise and did not experience any discomfort because of this.",Shower water often overflowed into the bathroom. Drain is not working well.,9.0,Sergey,Russia,Double Room with Balcony,3 nights,2021-07-01,Couple,"Thank you so much for your nice and details comments;  we took note of the drain in the toilet, we clean them regularly as sometimes they are blocked from the sand.",super polit help staff clean comfort room good new furnitur delici breakfast veranda walk distanc makenzi beach absenc car easi get bu airport worri proxim airport entir stay notic nois experi discomfort,shower water often overflow bathroom drain work well,positive,0.38409090909090904,0.0,7,2021
"Exceptional


Exceptional",It was simple and beautiful.,There were no TV channels,10.0,Mahmut,Turkey,Standard Triple Room,1 night,2021-07-01,Solo traveler,"Thank you so much  for the great score; the TV was newly installed, and now we acquired new channels. hope to see you again.",simpl beauti,tv channel,positive,0.0,0.0,7,2021
"Exceptional


Exceptional",Very friendly and courteous staff. Clean and chic furnishings.,,10.0,Jan,Germany,Double Room with Balcony,7 nights,2021-07-01,Couple,"Thank you very much, we were happy having you our guest; hope to see you again",friendli courteou staff clean chic furnish,,positive,0.3666666666666667,0.0,7,2021
"Wonderful


Wonderful",Extremely thick bedding for the weather,Constructive attitude of the staff.,9.0,Emil,Hungary,Standard Triple Room,4 nights,2021-07-01,Family,"Thank you for your nice comments- Regarding the bedding, we had another option of bedding more light, we are sorry, we wished we knew during your stay, we would provide you the other one.",extrem thick bed weather,construct attitud staff,positive,-0.3,0.0,7,2021
"Great hotel for airplane fans


Great hotel for airplane fans",Everything is great. Mackenzie is 5 minutes walk. The hotel is very conveniently located. Friendly staff. Everything is great. The room is clean. The pressure of the ox is excellent. Bed is comfortable,Can be noisy from discos on Mackenzie,10.0,Fedor,Russia,Double Room with Balcony,1 night,2021-07-01,Group,thank you for your nice and detailed comments; much appreciated; hope to see you another time,everyth great mackenzi minut walk hotel conveni locat friendli staff everyth great room clean pressur ox excel bed comfort,noisi disco mackenzi,positive,0.6555555555555556,0.0,7,2021
"Exceptional


Exceptional","Great option for if you arrive at Larnaca airport, close, very clean. It is possible with animals. Everyone at the hotel was very friendly, tried to help and explain.",To restaurants and the beach go through an intensive road.,10.0,Александр,Russia,Two-Bedroom Suite,1 night,2021-07-01,Family,thank you for your nice comments; we are glad you like your stay at our hotel; hope to see again,great option arriv larnaca airport close clean possibl anim everyon hotel friendli tri help explain,restaur beach go intens road,positive,0.5833333333333334,0.0,7,2021
"Best, Best, Best! The best of what you can choose in Cyprus. Family hotel, caring staff, perfect cleanliness


Best, Best, Best! The best of what you can choose in Cyprus. Family hotel, caring staff, perfect cleanliness",Everything. The best that can be. Best place ever!,,10.0,Kirill,Ukraine,Double Room with Balcony,4 nights,2021-06-01,Couple,"thank you thank you thank you , we are so happy having you as our guests, your stay was amazing, congratulations again for your marriage, wishing you all the best; hope to see you another time.",everyth best best place ever,,positive,1.0,0.0,6,2021
"An excellent hotel and extremely kind owners


An excellent hotel and extremely kind owners",This hotel is very very clean very well equipped excellent breakfast. The managers are extremely nice and helpful. I highly recommend this hotel to anyone who wants to have a pleasant stay.,Nothing everything is perfect,10.0,Raphael,France,Double Room with Balcony,1 night,2021-06-01,Solo traveler,Thank you very much for your comments; we are delighted to receive you and make your acquaintance; we hope to see you later.,hotel clean well equip excel breakfast manag extrem nice help highli recommend hotel anyon want pleasant stay,noth everyth perfect,positive,0.5666666666666668,1.0,6,2021
"Very Good


Very Good","Location: close to airport and beach. Newly refurbished hotel, rooms with balconies and clean.","Proximity to the airport has its own nuances: the noise of planes taking off and the smell of jet fuel are very audible. Near the beach at night there is a disco, which also makes it very difficult to sleep.",8.0,Anna,Ukraine,Double Room with Balcony,1 night,2021-06-01,Couple,"thank you for your nice comments- we are sorry for the noise from the planes and from the beach; maybe the windows were not fully locked in the room. hope to see you another time, we will make sure to provide you a more comfortable stay.",locat close airport beach newli refurbish hotel room balconi clean,proxim airport nuanc nois plane take smell jet fuel audibl near beach night disco also make difficult sleep,positive,0.3666666666666667,-0.2,6,2021
"Great hotel


Great hotel",Everything was great!,,10.0,Elenasugurova,Ukraine,Double Room with Balcony,1 night,2021-06-01,Solo traveler,Thank you very much for your nice comment and score; hope to welcome you another time,everyth great,,positive,0.8,0.0,6,2021
"If you flew to Larnaca at night, stay at La veranda hotel.


If you flew to Larnaca at night, stay at La veranda hotel.","Very welcoming and friendly staff. Everything is clean, white, freshly renovated. Near Mackenzie beach, airport, salt lake.",Everything is fine,10.0,Zoia,Ukraine,Double Room with Balcony,1 night,2021-06-01,Family,thank you very much for your kind comments and score; hope to see you another time.,welcom friendli staff everyth clean white freshli renov near mackenzi beach airport salt lake,everyth fine,positive,0.15555555555555556,0.4166666666666667,6,2021
"Very Good


Very Good",Staff. Everything in the hotel is new. Located close to the waterfront. The staff is very friendly. Very clean.,"You can see that the hotel is young. Not everything is perfect yet, but the staff does everything possible to compensate for all inconveniences.",8.0,Алексей,Ukraine,Family Suite with Balcony,1 night,2021-06-01,Group,thank you very much for your kind comments; hope to see you another time; as you mentioned in your comments that we are trying to do our best in order to make our guests comfortable.,staff everyth hotel new locat close waterfront staff friendli clean,see hotel young everyth perfect yet staff everyth possibl compens inconveni,positive,0.2515151515151515,0.55,6,2021
"Exceptional


Exceptional","Great hotel, everything is new and clean. Friendly and welcoming staff. The hotel is close to the airport, convenient for a short stay. Near the sea, promenade and several excellent restaurants. Highly recommend!",,10.0,Yuliya,Ukraine,Double Room with Balcony,1 night,2021-06-01,Family,thank you very much for your kind comments; we are happy you had a great time; hope to see you again,great hotel everyth new clean friendli welcom staff hotel close airport conveni short stay near sea promenad sever excel restaur highli recommend,,positive,0.28060606060606064,0.0,6,2021
"VERY NICE HOTEL AND VERY GOOD STAFF.


VERY NICE HOTEL AND VERY GOOD STAFF.","LOCATION CLOSE TO EVERYTHING. ALYKI BEACH CLUB, RESTAURANTS, CAFÉS. BREAKFAST WONDERFUL.",WE HAVE ALREADY TALKED TO THE STAFF THEY ARE PREPARING A LOT. POOL. Play room. Roof garden.,10.0,Costea,Cyprus,Double Room with Balcony,2 nights,2021-06-01,Family,thank you very much for your kind comments; we are happy you enjoyed your stay; we were happy to serve you; hope to see you again,locat close everyth alyki beach club restaur café breakfast wonder,alreadi talk staff prepar lot pool play room roof garden,positive,0.0,0.0,6,2021
"Highly recommended with good value for money.


Highly recommended with good value for money.","Mackenzie Beach is super easy to reach, but not too close to be disturbed by the parties there at night.
Very friendly and helpful hotel staff.",,9.0,Paul,Germany,Double Room with Balcony,2 nights,2021-06-01,Solo traveler,thank you very much for your nice review; we hope to see you again,mackenzi beach super easi reach close disturb parti night friendli help hotel staff,,positive,0.3333333333333333,0.0,6,2021
"Exceptional


Exceptional",Close to the beach. Own. Pleasant breakfast. Quality Eco Hotel.,Excellent value for money! Nothing to say 🙂,10.0,Gerard,Belgium,Double Room with Balcony,1 night,2021-06-01,Solo traveler,thank you very much for your kind comments; we are happy you enjoyed your stay; we were happy to serve you; hope to see you again,close beach pleasant breakfast qualiti eco hotel,excel valu money noth say,positive,0.7333333333333334,0.0,6,2021
"To the embankment 5 minutes walk.


To the embankment 5 minutes walk.","Due to the pandemic, my flight was canceled until the next day and I had to spend the night in this hotel, I can honestly say that I was satisfied, all the furniture in the hotel is new, the owners are very good people, the bed is comfortable and the breakfast is excellent.",,9.0,Talia,Israel,Double Room with Balcony,1 night,2021-06-01,Solo traveler,thank you very much for your nice review; we are happy you were satisfied; hope to see you again,due pandem flight cancel next day spend night hotel honestli say satisfi furnitur hotel new owner good peopl bed comfort breakfast excel,,positive,0.17784090909090908,0.0,6,2021
"Amazing stay


Amazing stay","Nice accommodation, extremely clean and with a very good location near the beach and the center. With their vanilla styles, the rooms offer a very pleasant atmosphere in which to relax and unwind. Also, one thing that sets this hotel apart is their generosity so that they offer a bottle of water, tea bags and coffee for free, not to mention the affordable prices of the mini-bar. Also note that the staff communicates well in French, something that is rare to find in Cyprus.",,10.0,Charbel,Switzerland,Double Room with Balcony,1 night,2021-05-01,Solo traveler,"We thank you for your nice comment; we are happy to know that you had an excellent stay; It was a pleasure to meet you in our hotel, we hope to welcome you again.",nice accommod extrem clean good locat near beach center vanilla style room offer pleasant atmospher relax unwind also one thing set hotel apart generos offer bottl water tea bag coffe free mention afford price minibar also note staff commun well french someth rare find cypru,,positive,0.3444444444444444,0.0,5,2021
"Pleasant


Pleasant",,there was no running water in the morning when I left. don't change it's normal to take a shower,6.0,Oleh,Ukraine,Double Room with Balcony,2 nights,2022-11-01,Solo traveler,,,run water morn left dont chang normal take shower,neutral,0.0,0.075,11,2022
"improvement required


improvement required",We didn't eat,",Noise
Uncomfortable beds",3.0,Michal,Israel,Two-Bedroom Suite,1 night,2022-10-01,Family,,didnt eat,nois uncomfort bed,negative,0.0,0.0,10,2022
"Pleasant


Pleasant",comfortable bed,not clean,6.0,Yuval,Israel,Double Room with Balcony,1 night,2022-10-01,Family,,comfort bed,clean,neutral,0.0,0.3666666666666667,10,2022
"Nice place for one night


Nice place for one night",Clean and nice room,Not as close to the airport as advertised.,7.0,Marie-louise,Denmark,Double Room,1 night,2022-10-01,Couple,,clean nice room,close airport advertis,neutral,0.48333333333333334,0.0,10,2022
"Pleasant


Pleasant",Room quality,The sounds of the airport,6.0,Kazimierz,Poland,Double Room with Balcony,1 night,2022-09-01,Family,,room qualiti,sound airport,neutral,0.0,0.4,9,2022
"just before departure...


just before departure...",clean and functional,breakfast time,7.0,Véronique,France,Budget Twin Room,1 night,2022-08-01,Family,,clean function,breakfast time,neutral,0.3666666666666667,0.0,8,2022
"Good


Good",The room was satisfactory...the lady at the reception who spoke Cypriot was kind and willing for any help.,"I did not like the behavior of the gentleman in the reservations. I was assured of breakfast in the price of the room. Upon arrival he refused to provide breakfast in an unacceptable manner, and without even speaking the Cypriot language. My dissatisfaction with the choice is great.",7.0,Δήμητρα,Greece,Double Room with Balcony,1 night,2022-09-01,Family,,room satisfactoryth ladi recept spoke cypriot kind will help,like behavior gentleman reserv assur breakfast price room upon arriv refus provid breakfast unaccept manner without even speak cypriot languag dissatisfact choic great,neutral,0.6,0.8,9,2022
"Good


Good",A clean room that really serves the purpose for which we came,The frozen water in the bath,7.0,Yafit,Israel,Double Room,1 night,2022-08-01,Couple,,clean room realli serf purpos came,frozen water bath,neutral,0.3666666666666667,0.0,8,2022
"ok


ok","close to the airport but no aircraft noise
clean
bus station nearby
salt lake nearby","Minibar was empty and not working
(annoying if you arrive after midnight
and looking forward to a beer)",7.0,Birgit,Austria,Double Room,1 night,2022-09-01,Solo traveler,,close airport aircraft nois clean bu station nearbi salt lake nearbi,minibar empti work annoy arriv midnight look forward beer,neutral,0.3666666666666667,0.0,9,2022
"Good


Good",The location is close to the field. The room is clean.,A hotel that is suitable for an overnight stay. Small rooms. There is no view.,7.0,Yael,India,Double Room with Balcony,1 night,2022-08-01,Couple,,locat close field room clean,hotel suitabl overnight stay small room view,neutral,0.3666666666666667,-0.25,8,2022
"Pleasant


Pleasant",Location close to the field.,No staff at night..,6.0,אבי,Israel,Double Room,1 night,2022-07-01,Family,,locat close field,staff night,neutral,0.0,0.0,7,2022
"Fair


Fair",,"The room was next to another property's pool. Despite too much noise, shouting. Unable to rest",5.0,Christina,Cyprus,Family Suite with Balcony,1 night,2022-06-01,Family,,,room next anoth properti pool despit much nois shout unabl rest,neutral,0.0,0.1,6,2022
"Good hotel near the airport


Good hotel near the airport",comfortable room for one night before departure,It was extremely noisy,7.0,Andre,Germany,Double Room with Balcony,1 night,2022-07-01,Couple,,comfort room one night departur,extrem noisi,neutral,0.0,0.0,7,2022
"Good


Good",The meal is not included in the price,,7.0,Shaul,Italy,Double Room,1 night,2022-06-01,Couple,,meal includ price,,neutral,0.0,0.0,6,2022
"Helpful for the airport.. Poor value for money.


Helpful for the airport.. Poor value for money.",Very good if you have an early morning flight.,"The quality-price ratio. You should only sleep with air conditioning in the summer, because there is a lot of noise from the nearby beach until early morning.",7.0,Dimitrios,Greece,Double Room with Balcony,1 night,2022-06-01,Couple,,good earli morn flight,qualitypric ratio sleep air condit summer lot nois nearbi beach earli morn,neutral,0.7,0.0,6,2022
"Good


Good",Very nice staff,,7.0,F,Germany,Double Room with Balcony,1 night,2022-06-01,Couple,,nice staff,,neutral,0.6,0.0,6,2022
"clean central and quiet location


clean central and quiet location","central location between the beach, the party mile, the airport and the old town",it would be nice if there was a breakfast buffet,7.0,Robert,Germany,Double Room with Balcony,3 nights,2022-05-01,Solo traveler,,central locat beach parti mile airport old town,would nice breakfast buffet,neutral,0.05,0.6,5,2022
"Good


Good","Cleaning, furniture, terrace","After 20 minutes of waiting bad and half raw croissant
Watery cappuccino",7.0,Milena,Italy,Double Room,1 night,2022-04-01,Couple,,clean furnitur terrac,minut wait bad half raw croissant wateri cappuccino,neutral,0.3666666666666667,-0.3658119658119658,4,2022
"Nice city hotel


Nice city hotel",Big room,Receptionist didn't understand English very well and the staff could not give me any information about the bus to the airport,6.0,Ortwin,Austria,Double Room,3 nights,2022-04-01,Solo traveler,,big room,receptionist didnt understand english well staff could give inform bu airport,neutral,0.0,0.0,4,2022
"Good


Good",The room,The lack of adapters for sockets,7.0,Marcato,Italy,Family Suite with Balcony,1 night,2022-03-01,Group,"Thank you for your comments. There are a lot of extra adaptors at the reception, you would rather ask us, we would provide you. We are sorry for that.",room,lack adapt socket,neutral,0.0,0.0,3,2022
"Good


Good",Very good location,Sound-proofing,7.0,Arash,Sweden,Double Room with Balcony,4 nights,2021-11-01,Couple,,good locat,soundproof,neutral,0.7,0.0,11,2021
"Affordable hotel near the airport
Affordable
Yes


Affordable hotel near the airport
Affordable
Yes",Large spacious suite. Comfortable beds. Good for large family 5 people. Light interior.,Warm blankets. Slightly untidy floor. Smelled a little sewage,7.0,Elisabet,Sweden,Two-Bedroom Suite,1 night,2021-10-01,Family,,larg spaciou suit comfort bed good larg famili peopl light interior,warm blanket slightli untidi floor smell littl sewag,neutral,0.55,0.6,10,2021
"Easy place near the airport.


Easy place near the airport.",Location good,"The room smelled of sewage, it should never be like this. This is a definite minus and prevents coming again.",6.0,Erkki,Finland,Double Room with Balcony,1 night,2021-10-01,Couple,,locat good,room smell sewag never like definit minu prevent come,neutral,0.7,0.0,10,2021
"Family hotel, close to the very pleasant Mackenzie beach and the salt lake.


Family hotel, close to the very pleasant Mackenzie beach and the salt lake.","The warm welcome in French, the comfort of the beds, the cleanliness.",The noise emanating from the terrace when located on the 1st floor.,7.0,Jean-pierre,France,Double Room with Balcony,2 nights,2021-10-01,Couple,,warm welcom french comfort bed cleanli,nois eman terrac locat st floor,neutral,0.3,0.0,10,2021
"I do not recommend! Very low price-quality ratio!
I do not recommend! Very low price-quality ratio!","Breakfast ok.
Clean room, comfortable bed.","With the exception of one gentleman at the reception, no other employee was wearing a mask.
The small room, with almost non-existent storage spaces, an extremely small balcony.
Thin walls, all night I heard how other travelers checked in.
At 3 o'clock in the morning, the garbage was picked up from the street, in an infernal mess....
At 7 o'clock in the morning I tried to open the door to the balcony and I was very close to throwing up instantly. It seems that there are some farms nearby... it smelled like concentrated manure....
The adapter found in the room burned/melted 2 phone chargers.",3.0,Sorena,Romania,Double Room with Balcony,1 night,2021-10-01,Couple,,breakfast ok clean room comfort bed,except one gentleman recept employe wear mask small room almost nonexist storag space extrem small balconi thin wall night heard travel check oclock morn garbag pick street infern mess oclock morn tri open door balconi close throw instantli seem farm nearbi smell like concentr manur adapt found room burnedmelt phone charger,negative,0.43333333333333335,-0.215,10,2021
"friendly stay


friendly stay",Excellent attention. Very comfortable bed. Very good shower. The furniture and bathroom are all new and impeccable. Very good WiFi connection. Bars and restaurants nearby.,"In the photo of the room on Booking, you can't see a column that takes up space and is uncomfortable. The balcony on the first floor is very low, not very intimate, close to the street and the hotel lobby, you can even smell the smoke from the cigarettes that smoke there. The safe does not make sense since it is not walled, it does not matter if you leave the money in a bag. They could put shampoo in the bathroom, not just soap. Since there is a kettle and the room ers for two people, they could put 2 coffee sachets and 2 tea sachets, not just 1.",7.0,Liliana,Argentina,Double Room with Balcony,2 nights,2021-10-01,Couple,,excel attent comfort bed good shower furnitur bathroom new impecc good wifi connect bar restaur nearbi,photo room book cant see column take space uncomfort balconi first floor low intim close street hotel lobbi even smell smoke cigarett smoke safe make sens sinc wall matter leav money bag could put shampoo bathroom soap sinc kettl room er two peopl could put coffe sachet tea sachet,neutral,0.5121212121212121,0.25,10,2021
"Poor


Poor",Cleanliness,The room given was not the one booked. small corner,3.0,Alexey,Russia,Double Room with Balcony,1 night,2021-09-01,Solo traveler,,cleanli,room given one book small corner,negative,0.0,-0.25,9,2021
"Good


Good",Clean and spacious room,"Far from the beach. The hotel is average (3 stars) 400 euros for 3 nights a bit expensive. The windows overlooked the courtyard, where it was quite noisy.",7.0,Eugeny76,Lithuania,Family Suite with Balcony,3 nights,2021-09-01,Family,,clean spaciou room,far beach hotel averag star euro night bit expens window overlook courtyard quit noisi,neutral,0.3666666666666667,0.1,9,2021
"Pleasant


Pleasant","- terrace in the room,
- well-furnished room and bathroom,
- location of the object.","- monotonous breakfasts (everyday the same set: 2 eggs, 2 slices of toast, 1/4 grilled mushroom, 1/2 grilled tomato, pepper, 2 small sausages, coffee),
- the relaxation zone (swimming pool, deckchairs, billiards) definitely did not encourage you to use it.",6.0,R1987,Poland,Double Room with Balcony,4 nights,2021-09-01,Group,,terrac room wellfurnish room bathroom locat object,monoton breakfast everyday set egg slice toast grill mushroom grill tomato pepper small sausag coffe relax zone swim pool deckchair billiard definit encourag use,neutral,0.0,-0.225,9,2021
"Hotel for one night


Hotel for one night","A hotel for those who make a long transfer in Cyprus. That is ""hotel for one night"".
Pros:
1. cleanliness
2. the beach is within walking distance.
3. a couple of taverns in the area
4. near the airport","We lived for a week
1. Bed linen was never changed (cleaning and change of towels daily);
2. the number is microscopic. Rented Nissan Micra and then more;
3. the refrigerator is full of minibar for money, I had to pull everything out so that my products would fit;
4. the hotel did not allow to turn over a couple of hours before the delayed plane;
5. walk to the promenade of Larnaca for about 20 minutes, to Lidl for an hour and a half.
The hotel is really for one night.",6.0,Aleksandr,Russia,Double Room with Balcony,7 nights,2021-09-01,Group,"thank you for your comments. normally we changed the bed linen every 4 to 5 days, ,aybe there was a mistake in the program of changing the bed linen in your room.
as for the minibar, yes there are items at competitive prices in order to provide our guests facilities; you could ask us to remove our items and you put your things.
we thank you for your recommendation hotel for one night, but we assure you that we had a lot of long stays guests for more than 2 weeks who were satisfied , comfortable and happy.
we are sorry this was not your situation.",hotel make long transfer cypru hotel one night pro cleanli beach within walk distanc coupl tavern area near airport,live week bed linen never chang clean chang towel daili number microscop rent nissan micra refriger full minibar money pull everyth product would fit hotel allow turn coupl hour delay plane walk promenad larnaca minut lidl hour half hotel realli one night,neutral,0.025,0.21727272727272723,9,2021
"Value for money


Value for money","Clean, daily change of towels, pleasant and helpful staff, value for money","There was a constant stench coming from outside, lack of storage spaces",7.0,Χαραλαμποσ,Greece,Double Room with Balcony,8 nights,2021-08-01,Couple,,clean daili chang towel pleasant help staff valu money,constant stench come outsid lack storag space,neutral,0.55,0.0,8,2021
"Pleasant


Pleasant","Clean, comfortable, nice staff.","The breakfast is delicious but the same. Eat what they bring you. A fruit van drove under the windows almost every day from early morning and the seller shouted into the mouthpiece. Walking distance to the center, but within walking distance of Mackenzie beach and all party cafes.
Poor soundproofing from corridor.",6.0,Tatiana,Russia,Double Room with Balcony,3 nights,2021-08-01,Solo traveler,Thank you for your comments. There is a bus station near the hotel where u can go to the city center or everywhere in the island.,clean comfort nice staff,breakfast delici eat bring fruit van drove window almost everi day earli morn seller shout mouthpiec walk distanc center within walk distanc mackenzi beach parti cafe poor soundproof corridor,neutral,0.48333333333333334,-0.25,8,2021
"Wonderful


Wonderful","new equipment, good accessibility for reptiles",couldn't close one window,9.0,Anonymous,Czech Republic,,1 night,2022-08-01,Family,,new equip good access reptil,couldnt close one window,positive,0.41818181818181815,0.0,8,2022
"top


top",location and calm,,10.0,Anonymous,Lebanon,,1 night,2022-08-01,Family,,locat calm,,positive,0.30000000000000004,0.0,8,2022
"Very Good


Very Good","comfortable and clean room, good location and kind staff",difficulties with the different sockets as they provided devices without adapters.,8.0,Anonymous,Greece,,4 nights,2022-07-01,Family,,comfort clean room good locat kind staff,difficulti differ socket provid devic without adapt,positive,0.5555555555555555,0.0,7,2022
"Exceptional


Exceptional",perfect welcome even arriving at 4am what we expect for this perfect price!,Nothing,10.0,Anonymous,France,,1 night,2022-05-01,Couple,,perfect welcom even arriv am expect perfect price,noth,positive,1.0,0.0,5,2022
"Wonderful


Wonderful",Very friendly and warm service. very clean and new rooms. Proximity to the beach and airport.,,9.0,Anonymous,Germany,,2 nights,2022-03-01,Solo traveler,,friendli warm servic clean new room proxim beach airport,,positive,0.36767676767676766,0.0,3,2022
"Cyprus, October 2021


Cyprus, October 2021","Wonderful hotel with a cozy homely atmosphere. Responsive staff. Always with a smile. Delicious inexpensive breakfast options. A couple of days after arrival, we changed the room from a one-room to a two-room with a balcony.",,10.0,Anonymous,Russia,,10 nights,2021-11-01,Family,,wonder hotel cozi home atmospher respons staff alway smile delici inexpens breakfast option coupl day arriv chang room oneroom tworoom balconi,,positive,0.3,0.0,11,2021
"Exceptional


Exceptional","Perfect welcome at 1:30 in the morning!
Excellent value.
Close to the airport.",,10.0,Anonymous,France,,1 night,2021-10-01,Couple,,perfect welcom morn excel valu close airport,,positive,1.0,0.0,10,2021
"Perfect !


Perfect !","The location close to the airport, while being quiet
Check-in at 4am
An exceptional welcome in French
The room is clean, large enough and recent
The outdoor balcony is a plus
The proximity to the beach and the city is a significant asset
There is a bus stop near the hotel which allows you to go to the city center and to the airport.
I recommend 100%",Nothing except the breakfast served at the bar next door (too frugal for the price and very slow service!).,10.0,Anonymous,France,,3 nights,2021-10-01,Couple,,locat close airport quiet checkin am except welcom french room clean larg enough recent outdoor balconi plu proxim beach citi signific asset bu stop near hotel allow go citi center airport recommend,noth except breakfast serv bar next door frugal price slow servic,positive,0.05238095238095238,-0.15000000000000002,10,2021
"Exceptional


Exceptional","Cozy hotel, nice room, large room size, location near mackenzie beach.",-,10.0,Anonymous,Russia,,1 night,2021-10-01,Family,,cozi hotel nice room larg room size locat near mackenzi beach,,positive,0.35,0.0,10,2021
"Very Good


Very Good","A friendly, nice and sympathetic man serving breakfast.","Bed frame structure dangerous, sharp corners.",8.0,Anonymous,Finland,,7 nights,2021-10-01,Group,,friendli nice sympathet man serv breakfast,bed frame structur danger sharp corner,positive,0.6,-0.125,10,2021
"Exceptional


Exceptional",Excellent location close to everything.,,10.0,Anonymous,Israel,,2 nights,2021-10-01,Couple,,excel locat close everyth,,positive,0.0,0.0,10,2021
"Exceptional


Exceptional","Lovely, quiet and cozy hotel 5 minutes from the beach and the airport.
Crisp white linens, small but cozy and very clean room. For a reasonable price, we extended our stay in the room for half a day due to the constantly shifting departure of the plane.
Very pleasant and helpful staff!
Thank you!",,10.0,Anonymous,Russia,,1 night,2021-09-01,Solo traveler,,love quiet cozi hotel minut beach airport crisp white linen small cozi clean room reason price extend stay room half day due constantli shift departur plane pleasant help staff thank,,positive,0.1453703703703704,0.0,9,2021
"Exceptional


Exceptional",the service,,10.0,Anonymous,Israel,,1 night,2021-07-01,Couple,Thank you so much;,servic,,positive,0.0,0.0,7,2021
"Pleasant


Pleasant",The stay is worth it only for sleeping before departure. Very kind and helpful staff.,Bad-degraded area. Garbage heap in the bin next to the hotel. Not as clean as it should be inside. Misleading photos.,6.0,Anonymous,Spain,,1 night,2021-06-01,Group,"Thank you for your comments; there were delay from the municipality to remove the garbage near the hotel, but the problem is solved now. the garbage are removed on a daily basis.",stay worth sleep departur kind help staff,baddegrad area garbag heap bin next hotel clean insid mislead photo,neutral,0.44999999999999996,0.18333333333333335,6,2021
