cleaned_positive,polarity_positive,sentiment,Score,GuestCountry,RoomType,GroupType,visit_month,visit_year
new comfort apart close airport clean beach staff extrem help easi commun tasti food first floor comfort restaur cozi even calm work escap heat midday,0.2632575757575758,positive,10.0,Norway,Budget Twin Room,Solo traveler,6,2022
realli pleasant stay staff nice help room clean well decor modern although big also breakfast amaz fresh handmad especi vegetarian version humu cook great staff kind help like hotel famili atmospher cozi big recommend,0.4,positive,10.0,Poland,Double Room,Family,12,2022
locat great near airport bu stop close,0.45,positive,8.0,Sweden,Double Room,Solo traveler,12,2022
great stuff great qualitypric clean,0.6555555555555556,positive,9.0,United Kingdom,Double Room with Balcony,Solo traveler,9,2022
clean modern comfort bed conveni locat easi stroll numer nice restaur great beach,0.49166666666666664,positive,10.0,Switzerland,Family Suite with Balcony,Family,10,2022
stay night head airport room except clean realli comfort bed,0.3666666666666667,positive,9.0,United Kingdom,Double Room with Balcony,Couple,12,2022
great,0.8,positive,8.0,United Kingdom,Two-Bedroom Suite,Family,10,2022
nice locat love person renov,0.55,positive,10.0,Cyprus,Double Room,Couple,11,2022
couldnt eat breakfast due dietari restrictionsbut help host show u nearbi bu take towncntr airport way need euro taxi,-0.125,positive,10.0,Israel,Double Room,Family,11,2022
great modern room comfort bed quiet locat,0.3333333333333333,positive,10.0,United Kingdom,Double Room,Solo traveler,12,2022
second time true say better first excel staff amaz beyond expect maria recept great realli took time explain go get help richard chef guy like friendliest guy ever nice guy perman smile oh yeah food great reason price even clean ladi friendli nice talk room spaciou clean great stay even got upgrad alway nice owner also great like real care famili set bu stop go airport well town center minut walk away euro dont think need mention ill stay next time im larnaka brilliant guy,0.4017543859649123,positive,10.0,Thailand,Double Room with Balcony,Family,12,2022
staff except help friendli went way u breakfast love room servic clean comfort,0.43333333333333335,positive,10.0,United Kingdom,Two-Bedroom Suite,Family,10,2022
stay week enjoy much room love new clean comfort mattress tast short drive airport well locat short walk promenad coffe shop restaur staff welcom felt like stay famili would definit stay next visit larnaca thank much great time,0.267003367003367,positive,10.0,United States of America,Two-Bedroom Suite,Couple,12,2022
want hotel night close airport hotel purpos fair restaur bar next beach min walk distanc hotel,0.35,positive,8.0,Bosnia and Herzegovina,Double Room,Couple,11,2022
second visit chose realli reason close airport earli morn flight yet could stroll along nearbi beach staff make particularli recept dine room,0.0,positive,9.0,United Kingdom,Double Room with Balcony,Couple,12,2022
like room spaciou clean window view nice restaur downstair amaz food tasti made lot care care lot detail oliv oil galor herb absolut delici,0.48333333333333334,positive,10.0,United Kingdom,Double Room with Balcony,Group,11,2022
owner staff except friendli support help wish room balconi great view sea surround area,0.8,positive,10.0,Germany,Double Room with Balcony,Couple,11,2022
famili run hotel extrem friendli recept dine staff bright nice seat area insid meal well prepar good valu bu everi minut centr larnaka,0.6666666666666666,positive,9.0,United Kingdom,Double Room with Balcony,Couple,11,2022
close airport,0.0,positive,8.0,Finland,Double Room with Balcony,Couple,10,2022
locat clean friendli stuff,0.3666666666666667,positive,10.0,Israel,Budget Twin Room,Solo traveler,11,2022
hotel impress clean nice comfort howev bring back staff owner richard chef person buy super fresh food restaur everyth breakfast dinner absolut delici owner super kind,0.3619047619047619,positive,10.0,Netherlands,Double Room with Balcony,Solo traveler,11,2022
room perfect look new clean shini tile floor bathroom tile everi inch perfect clean bed realli comfort lot room put thing although might need anoth set drawer two u,0.573939393939394,positive,9.0,United Kingdom,Double Room with Balcony,Solo traveler,11,2022
bed comfort,0.0,positive,9.0,Italy,Two-Bedroom Suite,Family,11,2022
love mattress,0.5,positive,10.0,Greece,Double Room,Family,11,2022
clean quiet,0.18333333333333335,positive,10.0,Hungary,Budget Twin Room,Family,11,2022
hotel minut beach locat also near lake room good size laid well good size bathroom room also great size balconi take teacoffe chill great restaur insid food good pricey staff super wonder realli friendli receptionist maria nice she amaz keep great work,0.6148148148148147,positive,10.0,Thailand,Double Room with Balcony,Family,11,2022
comfort clean friendli staff perfect overnight stay fli larnaca airport,0.6833333333333333,positive,10.0,Cyprus,Double Room with Balcony,Couple,11,2022
staff polit care thank,0.0,positive,9.0,Armenia,Double Room,Family,11,2022
clean function room love help staff,0.43333333333333335,positive,9.0,United States of America,Double Room with Balcony,Couple,11,2022
staff love servic great room spotless great locat restaur great locat short drive airport,0.5800000000000001,positive,10.0,United Kingdom,Double Room,Couple,11,2022
clean comfort friendli staff great restaur beneath hotel food excel reason price close mackenzi beach larnaca airport would definit stay,0.5833333333333334,positive,10.0,United Kingdom,Double Room with Balcony,Couple,11,2022
bed great room clean staff kind,0.5888888888888889,positive,10.0,Canada,Double Room with Balcony,Solo traveler,11,2022
help staff super clean room modern furnitur togeth make stay max comfort sure worth come back option good breakfast within hotel save time highli recommend apart,0.34285714285714286,positive,10.0,Ukraine,Double Room with Balcony,Solo traveler,11,2022
welcom valu money locat,0.0,positive,8.0,United Kingdom,Suite with Balcony,Group,11,2022
,0.0,positive,8.0,Cyprus,Double Room,Family,11,2022
arriv surpris locat small side street minut walk sea front receptionist check good explain inform clearli u room smaller expect day accept fussi bed pillow problem clean bed realli comfort chef polit food excel passion show present may miss open close time bar display,0.1361111111111111,positive,8.0,Cyprus,Budget Twin Room,Couple,10,2022
realli clean love care staff food good,0.5222222222222223,positive,9.0,United Kingdom,Double Room with Balcony,Couple,11,2022
great room nice cool,0.5833333333333334,positive,10.0,United Kingdom,Two-Bedroom Suite,Group,11,2022
realli clean spaciou,0.3666666666666667,positive,8.0,Turkey,Two-Bedroom Suite,Solo traveler,10,2022
nice locat far airport mackenzi beach,0.35,positive,8.0,Portugal,Double Room with Balcony,Solo traveler,10,2022
super friendli help staff good locat lin away airport car min walk beach clean modern room nice breakfast,0.43999999999999995,positive,9.0,United Kingdom,Double Room with Balcony,Couple,10,2022
hospit,0.0,positive,10.0,Lebanon,Double Room with Balcony,Solo traveler,10,2022
clean spaciou practic,0.3666666666666667,positive,8.0,United Kingdom,Double Room,Solo traveler,10,2022
facil realli good particularli tariff charg met warm welcom recept dine staff,0.6499999999999999,positive,8.0,United Kingdom,Double Room with Balcony,Solo traveler,10,2022
recent updat everyth clean restaur surpris hit good food reason price easi choic eat hotel wouldnt usual beach minut walk away,0.20416666666666666,positive,10.0,Ireland,Two-Bedroom Suite,Family,10,2022
great valu money,0.8,positive,10.0,Israel,Double Room with Balcony,Couple,10,2022
help staff organis taxi collect u morn good valu money,0.7,positive,9.0,United Kingdom,Double Room,Group,10,2022
clean comfort room love owner,0.43333333333333335,positive,9.0,Switzerland,Two-Bedroom Suite,Family,10,2022
great locat close airport short walk sea great valu money room big enough famili,0.32,positive,9.0,Israel,Two-Bedroom Suite,Family,10,2022
great littl hotel close airport,0.8,positive,10.0,Cyprus,Double Room,Family,10,2022
near airport nice clean room well kept staff help friendli good food,0.44166666666666665,positive,10.0,United States of America,Two-Bedroom Suite,Group,10,2022
everyth good,0.7,positive,10.0,Austria,Double Room with Balcony,Family,10,2022
nice renov hotel close airport mackenzi beach delici breakfast hotel restaur comfort bed,0.6,positive,10.0,Poland,Double Room,Solo traveler,10,2022
nice clean room,0.48333333333333334,positive,10.0,Cyprus,Double Room with Balcony,Family,10,2022
good airport transfer,0.7,positive,9.0,Cyprus,Double Room with Balcony,Couple,9,2022
perfect place stay earli morn late night flight it’ situat within minut airport bed extrem comfort amaz hospit staff,0.35,positive,10.0,Belgium,Double Room with Balcony,Solo traveler,10,2022
clean comfort room staff extrem help order taxi u get airport earli morn abl enjoy nice short walk beach mani restaur avail choos definit stay come back larnaca,0.2733333333333333,positive,10.0,United States of America,Double Room with Balcony,Couple,10,2022
close airport staff nice help,0.6,positive,8.0,Israel,Double Room with Balcony,Family,10,2022
close airport conveni overnight stay also easi checkin arriv late night,-0.3,positive,8.0,United Kingdom,Two-Bedroom Suite,Family,10,2022
arriv earli hour clear instruct left access room made easi,0.049999999999999996,positive,10.0,United Kingdom,Double Room with Balcony,Family,9,2022
excel rang food offer good servic,0.7,positive,8.0,United Kingdom,Double Room,Couple,10,2022
comfort locat near airport near beach care help host restaur site comfort bed best linen duvet entir day trip room mini bar tea coffe clean modern bathroom good ac,0.41111111111111115,positive,9.0,Israel,Standard Triple Room,Family,10,2022
it’ renov except high standard realli well standard except valu,0.05333333333333334,positive,10.0,United Arab Emirates,Budget Twin Room,Solo traveler,10,2022
look hotel close airport perfect match hotel locat close proxim airport min car min bu arriv late super hungri decid eat place ground floor even though kitchen close made u pizza realli nice room new clean staff reach advanc provid u detail instruct get room recept close,0.356060606060606,positive,10.0,Israel,Double Room,Couple,10,2022
properti clean bed comfort food staff realli good locat great easi get,0.6222222222222222,positive,10.0,United Kingdom,Double Room with Balcony,Couple,10,2022
locat perfect airport fli uk entranc hotel welcom bar coffe shop chic gentleman recept friendli love smile place spotless comfort would definit recommend stay fish steak restaur around corner also great valu friendli,0.65,positive,9.0,Cyprus,Double Room,Couple,10,2022
friendli staff,0.0,positive,8.0,Qatar,Budget Twin Room,Solo traveler,10,2022
friendli good valu clean,0.5333333333333333,positive,10.0,United Kingdom,Double Room,Solo traveler,10,2022
place peopl love couldnt ask stay especi price,0.5,positive,10.0,Lebanon,Double Room with Balcony,Couple,9,2022
peac clean friendli help staff,0.3666666666666667,positive,10.0,United Kingdom,Double Room with Balcony,Family,10,2022
arriv midnight got clear instruct get access room staff hotel extrem friendli nice bu stop direct access airport step accommod airport reach minut time mackenzi beach also easili access foot,0.26666666666666666,positive,10.0,Hungary,Double Room,Couple,9,2022
arriv late receiv clear instruct enter hotel access room,-0.1,positive,9.0,Lebanon,Double Room,Solo traveler,10,2022
love staff best assist alway wonder room,0.75,positive,10.0,Denmark,Double Room with Balcony,Solo traveler,9,2022
hotel base quiet place near airport beach salt lake citi locat excel lot park place around well regard room clean cozi one comfort bed furthermor restaur hotel delici food staff hotel extrem friendli nice,0.05333333333333332,positive,10.0,Bulgaria,Double Room,Couple,9,2022
,0.0,positive,8.0,Cyprus,Double Room,Couple,10,2022
feel new clean perfect locat nearbi beach,0.501010101010101,positive,10.0,Jordan,Double Room with Balcony,Solo traveler,10,2022
staff help eager assist went amaz,0.0,positive,10.0,Belarus,Double Room with Balcony,Solo traveler,10,2022
nice friendli staff clean nice room big bathroom,0.39166666666666666,positive,10.0,United Kingdom,Standard Triple Room,Family,10,2022
new clean setup friendli help staff,0.2515151515151515,positive,10.0,United Arab Emirates,Double Room with Balcony,Family,10,2022
new hotel everyth clean dinner delici inexpens mc kenzi beach within walk distanc,0.2515151515151515,positive,9.0,Netherlands,Budget Twin Room,Couple,9,2022
close airport clean spaciou room,0.3666666666666667,positive,8.0,United Kingdom,Two-Bedroom Suite,Group,9,2022
amaz staff super clean modern great locat,0.425,positive,10.0,United States of America,Double Room with Balcony,Couple,9,2022
stuff nice friendli room clean comfort,0.48333333333333334,positive,9.0,Armenia,Double Room,Couple,9,2022
breakfast good plenti select good staff serv valu custom polit care time could seem enough guest everi thing spotless clean breakfast room,0.44166666666666665,positive,10.0,United Kingdom,Double Room with Balcony,Solo traveler,9,2022
good food restaur downstair friendli personnel,0.7,positive,8.0,Slovakia,Double Room with Balcony,Family,8,2022
,0.0,positive,9.0,United Kingdom,Double Room with Balcony,Couple,9,2022
super friendli staff nice restaur,0.4666666666666667,positive,10.0,United Kingdom,Double Room,Solo traveler,9,2022
clean comfort littl hotel love friendli staff good locat easili reach airport,0.5222222222222223,positive,9.6,United Kingdom,Double Room with Balcony,Solo traveler,9,2022
horribl am arriv instruct access sent advanc absolut perfect clean comfort bed within minut arriv,0.6833333333333333,positive,10.0,United Kingdom,Budget Twin Room,Family,9,2022
positionstaff clean,0.3666666666666667,positive,10.0,United Kingdom,Budget Twin Room,Couple,9,2022
close larnaca airport nice room clean help friendli staff,0.48333333333333334,positive,10.0,United Kingdom,Double Room with Balcony,Couple,9,2022
late night check super easi comfort,0.016666666666666663,positive,8.0,Germany,Budget Twin Room,Couple,9,2022
new room comfort nice restaur build welcom nice offer bu stop airport walkabl francai parlé parfait,0.4454545454545455,positive,8.0,France,Double Room with Balcony,Family,9,2022
best hotel mackenzi amaz staff modern facil tasti food super servic restaur hotel,0.5111111111111111,positive,10.0,Russia,Double Room with Balcony,Solo traveler,6,2022
clean quiet perfect locat airport,0.45555555555555555,positive,9.0,United Kingdom,Double Room with Balcony,Couple,9,2022
staff nice room comfort,0.6,positive,9.0,Israel,Double Room with Balcony,Couple,9,2022
food excel servic excel go back,0.0,positive,9.0,United Kingdom,Double Room with Balcony,Couple,9,2022
use hotel one night close airport must admit locat offer nice place least twonight stay sure nearbi beach mackenzi nice long cool fanci bar also salt lake wish visit didnt time hotel nice spaciou clean modern thing didnt like blanket thick incred hot hot hot weather,0.25512820512820517,positive,9.0,Czech Republic,Budget Twin Room,Solo traveler,9,2022
clean staff wonder,0.3666666666666667,positive,8.0,Italy,Double Room with Balcony,Couple,9,2022
realli clean except staff incred polit highli recommend,0.3666666666666667,positive,10.0,Bulgaria,Double Room with Balcony,Couple,9,2022
staff hospit help,0.0,positive,9.0,United Kingdom,Double Room,Group,8,2022
nice modern clean room locat excel close airport makenzi beach tourist area bu stop go airport town meter away friendli staff highli recommend,0.3888888888888889,positive,10.0,Lebanon,Double Room,Couple,9,2022
room recent refurbish spatiou nice view salt lake terrac sink toilett separ door insid bathroom,0.3,positive,8.0,Italy,Suite with Balcony,Group,8,2022
quiet place good room,0.35,positive,10.0,Ukraine,Double Room with Balcony,Family,9,2022
stay night super happi stay la veranda hotel staff super nice room clean bathroom spaciou,0.4083333333333333,positive,10.0,Serbia,Double Room,Couple,9,2022
use accommod one night departur advantag proxim airport—veri comfort bed,0.0,positive,9.0,Czech Republic,Two-Bedroom Suite,Family,9,2022
room larg newli redecor contemporari style bed comfort conveni airport breakfast excel,0.0,positive,9.0,Cyprus,Double Room with Balcony,Couple,9,2022
everyth,0.0,positive,9.0,United Kingdom,Double Room with Balcony,Couple,9,2022
clean hotel love room comfort bed great locat overnight stay late flight help staff,0.3416666666666667,positive,10.0,United Kingdom,Double Room with Balcony,Family,9,2022
went transit larnaca build complet refurbish confort self check easi,0.0,positive,10.0,Lebanon,Double Room,Solo traveler,9,2022
spotlessli clean excel airport mackenzi beach,0.3666666666666667,positive,8.0,Cyprus,Double Room,Couple,9,2022
recent refurbish,0.0,positive,9.0,United Kingdom,Double Room,Couple,8,2022
everyth good staff polit help room clean breakfast delici hotel near beach airport bu station,0.3888888888888889,positive,10.0,Serbia,Double Room,Family,8,2022
realli enjoy place didnt pool minut airport taxi shuttl bu also connect bu ayia napa hotel via larnaca use earli morn start larnaca airport mckenzi beach close food restaur opposit beach ten minut walk air con fridg room bottl water provid perfect short stay hotel immacul clean particularli impress staff email via bookingcom ask time arriv hotel man arrang made collect room key hotel arriv outsid normal hour told bu rout need take impress howev anyth longer night stay may get littl bore highli recommend,0.2738095238095238,positive,9.0,United Kingdom,Two-Bedroom Suite,Family,9,2022
stuff hotel help nice stay la veranda perfect mackenzi beach minut airport near best locat larnaca,0.675,positive,10.0,Serbia,Double Room,Solo traveler,9,2022
clean air condit close airport,0.3666666666666667,positive,10.0,Austria,Standard Triple Room,Family,8,2022
locat next airport great flight earli morn take minut get airport beach minut walk away,0.4,positive,8.0,Austria,Double Room,Couple,8,2022
locat near airport beach front desk absolut perfect hotel restaur delici room perfect noth say,0.7000000000000001,positive,10.0,Israel,Double Room with Balcony,Couple,8,2022
room clean comfort everyth need includ fridg kettl shower great air con work well great locat airport beach made la veranda stand fantast servic couldnt friendlier kinder help made massiv differ abl accommod specif need extrem grate,0.6555555555555556,positive,10.0,United Kingdom,Double Room,Solo traveler,7,2022
help staff close airport,0.0,positive,9.0,United States of America,Budget Twin Room,Group,8,2022
super clean decent size room new room flat tv touch button clean etc gener noth old,0.2063852813852814,positive,8.0,Cyprus,Double Room with Balcony,Couple,8,2022
clean super friendli staff would recommend,0.35,positive,10.0,United Kingdom,Double Room with Balcony,Couple,8,2022
nice simpl hotel conveni locat close airport front desk friendli help,0.6,positive,9.0,Israel,Two-Bedroom Suite,Family,8,2022
friendli staff,0.0,positive,10.0,Lebanon,Double Room with Balcony,Couple,8,2022
best star hotel ever clean hospit super comfi close one best beach larnaca region perfectli connect public transport larnaca citi centr quit reason price,0.54,positive,10.0,Serbia,Double Room with Balcony,Family,8,2022
food tasti didnt breakfast ate dinner restaur staff help friendli nice bathroom room well equip also smell nice,0.6,positive,9.0,Belgium,Double Room with Balcony,Solo traveler,8,2022
clean modern,0.2833333333333333,positive,10.0,United Kingdom,Double Room with Balcony,Group,8,2022
clean comfort close airport,0.3666666666666667,positive,10.0,Lebanon,Double Room,Solo traveler,8,2022
guy recept kind help room bathroom good size clean bed comfort want someth close makenzi plan night place perfect,0.6666666666666666,positive,10.0,Cyprus,Double Room,Couple,8,2022
hotel allow stay anim,0.0,positive,9.0,Cyprus,Double Room with Balcony,Solo traveler,8,2022
room clean use air condition great hot day outsid staff nice,0.5041666666666667,positive,9.0,Romania,Double Room with Balcony,Couple,8,2022
breakfast prepar richard delici freshli prepar well mani choic cypru english breakfast friendli help host impecc servic comfort bed pleasant relax stay larnaca,0.3666666666666667,positive,10.0,Netherlands,Double Room with Balcony,Solo traveler,8,2022
took suit adult kid room clean bed comfort hotel swim pool would perfect ladi recept maria help good valu money,0.5416666666666667,positive,9.0,Israel,Two-Bedroom Suite,Family,8,2022
la veranda love cleangreat friendli staff great chefbrilli locat beach bar,0.65,positive,10.0,United Kingdom,Double Room with Balcony,Couple,8,2022
modern clean accommod good food great staff richard star,0.5166666666666666,positive,10.0,United Kingdom,Two-Bedroom Suite,Family,8,2022
expect beauti hotel cheap price disgust outsid clean beauti insid,0.38333333333333336,positive,10.0,Israel,Family Suite with Balcony,Family,8,2022
room clean bed comfort friendli staff great locat,0.5833333333333334,positive,9.0,Romania,Double Room,Couple,8,2022
great local help kind personel clean room bathroom recommend place lot star,0.44166666666666665,positive,10.0,Poland,Double Room,Solo traveler,8,2022
proxim airport nice restaur hotel extern balconi,0.6,positive,8.0,Cyprus,Two-Bedroom Suite,Solo traveler,8,2022
clean comfi bed close airport easi self checkin great breakfast,0.5833333333333334,positive,10.0,Russia,Double Room,Family,8,2022
everyth felt like home home fantast hotel wonder staff except,0.0,positive,10.0,United Kingdom,Two-Bedroom Suite,Family,8,2022
conveni friendli staff near mackenzi beach,0.1,positive,9.0,France,Standard Triple Room,Group,8,2022
perfect overnight stay close airport,1.0,positive,10.0,United Kingdom,Two-Bedroom Suite,Group,8,2022
nice clean,0.48333333333333334,positive,9.0,Israel,Suite with Balcony,Family,8,2022
stay night beauti littl hotel extraordinari close airport also min walk makenzi blue flag beach room super clean everyth new cosi bathroom spaciou cabin shower bed pillow comfi staff super super friendli made everyth possibl stay perfect rich breakfast variou local food also ate dinner coupl time terrac everyth tasti absolut noth complain dreami vacat sure come back thank perfect stay,0.3648358585858586,positive,10.0,Romania,Double Room with Balcony,Couple,8,2022
staff incred friendli nice hotel good room clean smart comfort it’ staff make hotel,0.4702380952380952,positive,10.0,United Kingdom,Double Room with Balcony,Couple,8,2022
amaz staff,0.0,positive,10.0,United States of America,Standard Triple Room,Family,5,2022
close airport comfort bed,0.0,positive,10.0,Venezuela,Standard Triple Room,Family,6,2022
great place night flight friendli staff let u room soon readi everyth super clean modern comfort great pricearrang airport taxi am,0.5,positive,10.0,United Kingdom,Double Room with Balcony,Couple,8,2022
everyth new beauti clean,0.2515151515151515,positive,10.0,Israel,Double Room,Couple,8,2022
perfect stay thank,1.0,positive,10.0,United Kingdom,Standard Triple Room,Family,7,2022
close bar near sea close airport clean room,0.23333333333333334,positive,9.0,Israel,Double Room,Group,7,2022
close airport late flight love friendli staff check u quickli beauti spotless room realli comfort night sleep air condit room great shower beauti fresh breakfast reason price also store luggag call taxi u,0.325,positive,10.0,United Kingdom,Two-Bedroom Suite,Family,7,2022
love staff good food,0.6,positive,8.0,Spain,Double Room with Balcony,Solo traveler,7,2022
exactli look comfort nice clean hotel near airport facil wonder brand new full equip realli enjoy dinner restaur everyth freshmad prepar cheff nice shower bed excel valu money,0.3647186147186147,positive,10.0,Spain,Double Room with Balcony,Family,7,2022
need place stay near airport hour catch plane great comfi air condit clean good valu money,0.49166666666666664,positive,10.0,Lebanon,Double Room with Balcony,Solo traveler,7,2022
minut walk beach modern new room clean,0.23434343434343438,positive,10.0,Slovenia,Standard Triple Room,Family,7,2022
fantast locat airport beach easi check am staff great hotel clean servic fantast breakfast amaz thank,0.5833333333333334,positive,10.0,Australia,Double Room,Solo traveler,7,2022
clean room friendli staff great locat close airport,0.5833333333333334,positive,9.0,Sweden,Double Room,Couple,7,2022
perfect hotel,1.0,positive,10.0,New Zealand,Double Room with Balcony,Solo traveler,7,2022
staff clean price check time,0.3666666666666667,positive,10.0,Cyprus,Double Room with Balcony,Couple,7,2022
hotel amaz except friendli stuff breakfast realli delici,0.0,positive,9.0,Germany,Double Room,Solo traveler,6,2022
easi late night check,-0.3,positive,10.0,United Kingdom,Double Room with Balcony,Couple,7,2022
staff accommod friendli realli well run famili establish couldnt perfect stay,1.0,positive,10.0,United Kingdom,Double Room with Balcony,Couple,7,2022
clean modern friendli staff,0.2833333333333333,positive,10.0,Kuwait,Two-Bedroom Suite,Family,7,2022
clean home,0.3666666666666667,positive,10.0,Cyprus,Two-Bedroom Suite,Group,7,2022
super clean place excel staff servic top everyth food food super excel,0.3833333333333333,positive,10.0,Lebanon,Double Room with Balcony,Solo traveler,7,2022
short stay staff good room clean like locat near airport time short walk distanc beach restaur good walk beach around food restaur must tri pretti delici,0.3111111111111111,positive,10.0,Lebanon,Two-Bedroom Suite,Family,7,2022
great accomod clean quiet friendli help ate meal onsit small restaur delish servic great night stay prior departur flight close airport min drive airport,0.28611111111111115,positive,10.0,United States of America,Double Room with Balcony,Couple,7,2022
food excel richard chef prepar fish best ever tast stau hotel wonder experi,1.0,positive,10.0,Israel,Double Room,Solo traveler,7,2022
nice place step salt lake mckenzi beach shallow water good peopl good swimmer lot cafe bar nearbi staff welcom well anoth plu electron system say want cleanup room dont want disturb,0.41666666666666663,positive,9.0,Czech Republic,Double Room,Couple,7,2022
person friendli everyth clean nice place,0.48333333333333334,positive,10.0,Germany,Double Room with Balcony,Solo traveler,7,2022
immacul clean bed floor soo clean staff friendli kind help,0.4444444444444445,positive,10.0,United States of America,Double Room with Balcony,Solo traveler,7,2022
good,0.7,positive,10.0,Cyprus,Double Room with Balcony,Solo traveler,7,2022
locat,0.0,positive,10.0,Cyprus,Double Room with Balcony,Group,7,2022
room spaciou enough two peopl clean,0.18333333333333335,positive,8.0,Cyprus,Double Room with Balcony,Couple,7,2022
it’ close beach airport staff nice help extrem agil respond,0.6,positive,8.0,Sweden,Double Room with Balcony,Couple,7,2022
relax comfort,0.0,positive,10.0,United Kingdom,Double Room with Balcony,Couple,7,2022
close local restaur beach quiet clean,0.12222222222222223,positive,8.0,United Kingdom,Double Room with Balcony,Solo traveler,6,2022
sparkl clean comfi bed friendli staff delici breakfast great freshli made croissant,0.5833333333333334,positive,8.0,Cyprus,Double Room,Couple,7,2022
everyth perfect big clean room warm welcom great staff,0.5533333333333333,positive,10.0,Cyprus,Suite with Balcony,Group,7,2022
closur airport hospit,0.0,positive,10.0,Lithuania,Double Room with Balcony,Group,7,2022
close beach clean hotel team friendli food terrif,0.3666666666666667,positive,9.0,Germany,Double Room with Balcony,Solo traveler,7,2022
chef kind friendli also food delici especi jasmin burger,0.6,positive,9.0,Romania,Standard Triple Room,Family,7,2022
staff accommod arriv clear instruct breakfast serv noon build managerown except congeni also manag kitchen,0.09999999999999999,positive,10.0,United States of America,Double Room with Balcony,Solo traveler,7,2022
friendli staff,0.0,positive,9.0,United States of America,Budget Twin Room,Solo traveler,7,2022
wonder experi exceed expect would stay,0.0,positive,10.0,United States of America,Double Room,Group,7,2022
love,0.5,positive,10.0,United Kingdom,Double Room,Family,7,2022
clean modern ideal larg famili,0.48888888888888893,positive,10.0,United Kingdom,Two-Bedroom Suite,Family,7,2022
conveni locat modern contemporari hotel excel breakfast late am self checkin work well,-0.04999999999999999,positive,8.0,Cyprus,Double Room,Couple,7,2022
clean besid airport,0.3666666666666667,positive,9.0,United Kingdom,Standard Triple Room,Family,7,2022
staff amaz locat cleanli,0.0,positive,10.0,France,Double Room with Balcony,Solo traveler,7,2022
room clean spaciou staff help excel locat beach airport transfer,0.3666666666666667,positive,10.0,United Kingdom,Suite with Balcony,Family,7,2022
good locat friendli peopl good ac,0.7,positive,9.0,Bulgaria,Double Room with Balcony,Couple,7,2022
clean spaciou friendli new modern,0.23434343434343438,positive,10.0,United Kingdom,Double Room with Balcony,Solo traveler,6,2022
,0.0,positive,9.0,Bulgaria,Budget Twin Room,Couple,6,2022
perfect want stay close airport mackenzi beach restaur far away,0.55,positive,10.0,Sweden,Double Room with Balcony,Solo traveler,7,2022
everyth exactli promis clean well organ staff friendli realli felt home rel food restaur amaz richard head hotel restaur cook passion almost everyth scratch fresh good look make simpl breakfast amaz lunch tabl look like feast,0.45555555555555555,positive,10.0,Finland,Two-Bedroom Suite,Family,7,2022
clean beauti perfectli locat minut walk beach restaur café kind servic smile,0.4222222222222222,positive,10.0,Cyprus,Double Room with Balcony,Couple,7,2022
clean new food star best club sandwich ever,0.501010101010101,positive,10.0,United Kingdom,Two-Bedroom Suite,Family,6,2022
flexibl,0.0,positive,9.0,"Abkhazia, ​Georgia",Two-Bedroom Suite,Family,6,2022
super clean close beach great restaur staff except nice next time come one night,0.42000000000000004,positive,10.0,Israel,Double Room with Balcony,Family,6,2022
room clean ac work well staff friendli definit worth price,0.33333333333333337,positive,10.0,Finland,Double Room,Couple,6,2022
staff friendli great come airport,0.8,positive,9.0,United Kingdom,Double Room with Balcony,Couple,6,2022
perfect great night sleep flight,0.9,positive,8.0,Canada,Double Room with Balcony,Solo traveler,6,2022
welcom owner great locat good valu beach less minut away,0.4444444444444444,positive,9.0,United Kingdom,Double Room,Couple,6,2022
wonder staff place make differ stay night would absolut stay,0.0,positive,9.0,United Kingdom,Double Room with Balcony,Solo traveler,6,2022
quit area easi find park place,0.0,positive,8.0,Israel,Budget Twin Room,Solo traveler,6,2022
realli nice room love breakfast friendli peopl,0.55,positive,8.0,Bulgaria,Double Room with Balcony,Couple,6,2022
clean comfort friendli fine locat,0.3916666666666667,positive,10.0,Russia,Family Suite with Balcony,Family,6,2022
stuff friendli helpful exceed expect breakfast charg anywher els enorm size delici,0.0,positive,10.0,United Kingdom,Double Room,Couple,6,2022
friendli help staff beauti hotel cheap recommend,0.4,positive,10.0,United Kingdom,Two-Bedroom Suite,Group,5,2022
food goodth chef kind,0.6,positive,8.0,Romania,Double Room with Balcony,Family,6,2022
arriv late night hotel organis taxi made sure could check,0.1,positive,9.0,United Kingdom,Double Room,Solo traveler,5,2022
clean simpl,0.3666666666666667,positive,9.0,United Kingdom,Double Room,Couple,5,2022
room cleanth bed comfort facil new like hotel,0.13636363636363635,positive,9.0,China,Double Room with Balcony,Couple,6,2022
nice,0.6,positive,10.0,Cyprus,Double Room with Balcony,Family,6,2022
nice clean room comfort bed good locat,0.5555555555555555,positive,10.0,Greece,Double Room with Balcony,Solo traveler,5,2022
clean room comfi bed nice shower freshli renov,0.48333333333333334,positive,10.0,Germany,Double Room with Balcony,Group,6,2022
excel commun late check process airi comfort room super fast wifi tip hotel km airport travel light walk minut save rip cab fare b highway,0.15833333333333333,positive,9.0,United Kingdom,Double Room with Balcony,Solo traveler,6,2022
one night stay move onto holiday accommod rest week arriv later plan due flight issu owner awar track flight despit late offer food drink bar welcom room clean adequ size nice balconi breakfast outstand staff friendli welcom especi restaur owner,0.10833333333333335,positive,9.0,United Kingdom,Double Room with Balcony,Couple,5,2022
nice place clean room nice,0.5222222222222223,positive,9.0,Israel,Double Room,Couple,6,2022
indic desk help,0.0,positive,10.0,France,Double Room with Balcony,Group,6,2022
good staff friendli help comfort night sleep,0.7,positive,9.0,Cyprus,Double Room with Balcony,Couple,6,2022
everyth,0.0,positive,10.0,United Kingdom,Double Room,Couple,6,2022
excel staff famili driven hotel help pleasant peopl speak perfect english couldnt better way book process onlin dialog put u taxi airport alon reason enough come back room hotel gener clean aircon modern quiet room servic also excel plenti electr outlet room also bed rememb ukadapt use standard euplug doubl bed although noth fanci probabl best hotel bed weve slept ever,0.34545454545454546,positive,9.0,Sweden,Double Room with Balcony,Couple,5,2022
clean fresh perfect room famili close airport kind host made late check simpl,0.3933333333333333,positive,10.0,United Kingdom,Suite with Balcony,Family,6,2022
cypru hospit highest level feel home minut owner welcom big smile locat conveni room big balconi,0.09999999999999999,positive,10.0,Switzerland,Standard Triple Room,Family,6,2022
except friendli servic hotel restar build attent servic superb,1.0,positive,9.0,Lithuania,Suite with Balcony,Family,6,2022
locat clean good valu,0.5333333333333333,positive,9.0,United Kingdom,Double Room with Balcony,Couple,5,2022
friendli staff room clean ideal situat airport,0.6333333333333333,positive,9.0,Cyprus,Double Room with Balcony,Couple,5,2022
great locat late flight everyth clean nice room arriv late got great instruct get terrif late breakfast café downstair manag cater everi need,0.2380952380952381,positive,10.0,Iceland,Two-Bedroom Suite,Family,5,2022
beauti properti super clean room realli spaciou fresh clean breakfast amaz beauti set manag wonder,0.3416666666666667,positive,9.0,United Kingdom,Suite with Balcony,Family,5,2022
great locat bar restaur beach good rate excel standard accommod,0.5,positive,10.0,United Kingdom,Double Room with Balcony,Couple,5,2022
great locat welcom staff clean,0.5833333333333334,positive,10.0,Jordan,Double Room with Balcony,Solo traveler,5,2022
modern hotel good facil although small room comfort howev bathroom good size well appoint breakfast extra good hotel m bu rout run airport minut away ticket cost euro far better option pay euro taxi,0.33125,positive,10.0,Australia,Double Room,Solo traveler,5,2022
clean comfort,0.3666666666666667,positive,10.0,United Kingdom,Double Room,Group,5,2022
close airport,0.0,positive,8.0,Finland,Double Room,Couple,5,2022
light airi clean room far sea,0.2888888888888889,positive,8.0,United Kingdom,Double Room,Solo traveler,5,2022
thank much warm welcom comfort stay hotel manag reachabl time due flight time delay couldnt ask inform reassur servic star servic locat nice hotel due close proxim beach restaur importantli clean awesom,0.2633333333333333,positive,10.0,United Kingdom,Double Room with Balcony,Solo traveler,5,2022
spaciou room minifridg larg bathroom clean comfi bed love littl balconi staff friendli lend adaptor sever time didnt want center locat perfect walk distanc airport close luxuri beach strip delici restaur,0.44166666666666665,positive,9.0,Belgium,Double Room,Solo traveler,5,2022
clean comfort pleasant staff accommod kind definit come highli recommend,0.5666666666666668,positive,8.0,Cyprus,Double Room with Balcony,Group,5,2022
modern clean beauti kept hotel near beach restaur,0.2222222222222222,positive,10.0,United Kingdom,Double Room with Balcony,Couple,5,2022
,0.0,positive,8.0,Lebanon,Double Room with Balcony,Couple,5,2022
book hotel last minut extrem happi servic great staff welcom restaur floor level awesom richard great chef friendli make want extend vacat sure felt like part commun due openn room extrem clean room servic make sure keep way best experi could ask,0.48020833333333335,positive,10.0,Romania,Double Room with Balcony,Couple,5,2022
owner friendli help hotel small like minut airport room nice size clean modern famili room doubl room perfect quick stay taxi driver hard time find drop u it’ amongst sever apart build small side street that’ neg also dinner food good chef friendli we’ll stay travel larnaca futur,0.2675925925925926,positive,9.0,United States of America,Double Room with Balcony,Family,5,2022
cleanli,0.0,positive,10.0,United Kingdom,Double Room with Balcony,Couple,5,2022
absolut everyth great staff super kind profession polit help bed soooooooo comfort didnt want leav room also thank taxi arriv right time,0.5047619047619047,positive,10.0,Czech Republic,Double Room with Balcony,Solo traveler,5,2022
,0.0,positive,9.0,Cyprus,Budget Twin Room,Couple,5,2022
stay perfect one impress stay ever bookingcom reserv locat allow u walk beach restaur famili run hotel incred friendli nice room lobbi restaur love exceedlingli modern comfort ate dinner hotel impress chef richard food fabul cocktail love patio chanc meet chat guest,0.56,positive,10.0,United States of America,Double Room with Balcony,Group,5,2022
friendli staff,0.0,positive,10.0,Slovenia,Double Room,Couple,5,2022
except clean brand new breakfast freshli made delici everyon friendli,0.2515151515151515,positive,8.0,Cyprus,Double Room with Balcony,Couple,5,2022
cleanli quiet,0.0,positive,9.0,Cyprus,Double Room,Solo traveler,5,2022
wonder modern famili run small hotel it’ close airport work u room spotless shower fantast pictur true life famili help thankyou,0.09999999999999999,positive,10.0,United Kingdom,Double Room with Balcony,Couple,4,2022
cozi modern clean hotel close airport staff super friendli attent room spaciou new locat super conveni step beach highli recommend,0.27393939393939387,positive,10.0,Germany,Double Room with Balcony,Couple,5,2022
clean modern,0.2833333333333333,positive,9.0,United Kingdom,Double Room,Couple,5,2022
modern clean hotel great locat quiet love staff,0.37333333333333335,positive,9.0,United Kingdom,Double Room,Couple,4,2022
great accommod wonder staff delici food tranquil heartili recommend,0.8,positive,10.0,Hungary,Double Room,Couple,4,2022
excel locat near airport easi drive larnaca friendli help staff,0.1,positive,10.0,United Kingdom,Double Room with Balcony,Couple,4,2022
friendli staff delici breakfast comfort bed min walk mackenzi beach min km walk downtown nice promenad,0.6,positive,9.0,Hungary,Suite with Balcony,Family,4,2022
everyth clean cozi introduc good everyth felt good,0.5888888888888889,positive,10.0,Germany,Family Suite with Balcony,Group,4,2022
clean great attent staff locat book hotel facilit stop due late flight larnaca travel onto holiday villa pleasant surpris hotel close airport minut taxi € arriv late staff could help show u realli nice room balconi front hotel slept well comfi clean bed terrif breakfast terrac arrang car u get back airport collect hire car nice start holiday highli recommenc,0.27416666666666667,positive,10.0,United Kingdom,Double Room with Balcony,Couple,4,2022
room big enough comfi bed famili four like small balconi outdoor space,-0.08333333333333333,positive,10.0,Czech Republic,Family Suite with Balcony,Family,4,2022
friendli staffclean comfort bed,0.0,positive,8.0,Cyprus,Standard Triple Room,Family,4,2022
book near airport arriv pm didn’t seem worth pay one night star stay rest holiday warm welcom clean comfort good hotel i’v stay £ night,0.4133333333333333,positive,8.0,United Kingdom,Double Room with Balcony,Couple,4,2022
it’ clean nice crew,0.48333333333333334,positive,9.0,Israel,Double Room,Couple,4,2022
help staff arrang taxi u airport hotel hotel basic clean comfort,0.18333333333333335,positive,8.0,United Kingdom,Family Suite with Balcony,Family,3,2022
la veranda recent refurbish room bathroom modern comfort balconi sea view easi walk mackenzi beach short journey airport good breakfast avail requir staff extrem help friendli noth much troubl,0.21999999999999997,positive,10.0,United Kingdom,Double Room with Balcony,Couple,4,2022
clean super friendli conveni,0.35,positive,10.0,United Kingdom,Standard Triple Room,Family,4,2022
easi time park car outsid clean room help staff,0.3666666666666667,positive,9.0,Ukraine,Double Room,Family,2,2022
locat conveni near beach restaur public bu station meter hotel also close airport,0.05,positive,10.0,Lebanon,Double Room,Solo traveler,4,2022
la veranda hotel comfort clean staff nice breakfast delici great locat near mackenzi beach close center highli recommend,0.35333333333333333,positive,10.0,Lebanon,Double Room,Solo traveler,4,2022
second time la veranda honestli say one best hotel region best would definit recommend,0.6666666666666666,positive,10.0,France,Double Room,Solo traveler,4,2022
wonder experi la veranda hotel everi staff member encount valet check clean staff delight eager help thank recommend colleagu,0.3666666666666667,positive,10.0,Lebanon,Double Room,Solo traveler,4,2022
room clean comfort staff amaz went beyond help make stay enjoy highli recommend hotel anyon visit downtown,0.38333333333333336,positive,10.0,Lebanon,Double Room,Solo traveler,4,2022
friendli staff allow check earli hour morn min walk airport,0.0,positive,8.0,United Kingdom,Double Room with Balcony,Solo traveler,3,2022
staff alway help except,0.0,positive,9.0,Israel,Double Room,Solo traveler,3,2022
staff wonder friendli welcom food superb hotel clean easi airport,0.6833333333333333,positive,9.0,Austria,Double Room,Couple,3,2022
hotel residenti neighborhood apart modern bed linen wonder mattress neither hard soft breakfast includ hotel cost howev small restaur within hotel lobbi charg euro nice hot breakfast menu get whatev serv hotel approx minut drive airport minut drive histor area,0.10138888888888888,positive,8.0,United States of America,Double Room with Balcony,Couple,3,2022
smart modern room everyth need famili feel friendli famili suit big bonu lot space,0.13809523809523808,positive,8.0,United Kingdom,Two-Bedroom Suite,Family,2,2022
hotel great locat airport restaur owner staff welcom help take time print flight document book taxi even flight cancel abl keep room longer without problem,0.8,positive,10.0,United Kingdom,Double Room,Solo traveler,2,2022
nice hotel close beach situat quiet place help friendli staff tasti breakfast,0.3,positive,9.0,Poland,Double Room,Couple,2,2022
everyth clean modern staff friendli arriv late night problem also respons prearriv question,0.08888888888888889,positive,10.0,United Kingdom,Double Room,Solo traveler,2,2022
la veranda clean provid everyth need even bottl water room flexibl schedul staff excel seri delici fun restaur beach quit close hotel staff hotel kindli told u,0.33333333333333337,positive,8.0,France,Family Suite with Balcony,Family,2,2022
clean nice place,0.48333333333333334,positive,8.0,Bulgaria,Double Room,Solo traveler,2,2022
conveni locat arriv airport,0.0,positive,9.0,United Kingdom,Double Room with Balcony,Group,2,2022
clean nice bed linen good valu allow take dog reason book,0.5555555555555555,positive,8.0,Cyprus,Double Room with Balcony,Couple,1,2022
boutiqu hotel quiet area staff friendli help kilomet airport quit distant citi center hand close salt lake opportun watch flame good tasti breakfest,0.12499999999999999,positive,8.0,Poland,Double Room with Balcony,Group,12,2021
nice clean boutiqu hotel close airport makenzi beach area taxi fare airport around euro,0.48333333333333334,positive,10.0,United Kingdom,Double Room,Solo traveler,12,2021
staff happi go beyond help covid restrict airport close actual coupl issu would made hard travel staff breakfast good room locat excel valu money also upgrad room free charg suspect hotel quit empti love balconi view ocean,0.26166666666666666,positive,10.0,United Kingdom,Double Room,Solo traveler,12,2021
friendli staff clean cozi close airport,0.3666666666666667,positive,10.0,Ukraine,Standard Triple Room,Family,12,2021
breakfast good locat airport minut car,0.7,positive,8.0,Cyprus,Double Room with Balcony,Couple,12,2021
pleasant help friendli staff,0.7333333333333334,positive,10.0,Ireland,Double Room,Solo traveler,12,2021
clean basic,0.18333333333333335,positive,8.0,Netherlands,Double Room,Couple,11,2021
second time hotel everyth great new well furnish hotel comfort room locat good minut away centr locat quiet area room clean everi day staff polit help wifi strong time host kind smile peopl garnish restaur downstair warm cosi place tasti breakfast everi morn mr richard sendi awesom it’ pleasur start day smile short definit comeback la veranda hotel atmospher make feel like home worth everi euro spend,0.34895104895104895,positive,10.0,Russia,Double Room with Balcony,Solo traveler,12,2021
,0.0,positive,10.0,Cyprus,Double Room with Balcony,Solo traveler,12,2021
recent refurbish clean,0.18333333333333335,positive,10.0,United Kingdom,Double Room,Couple,12,2021
locat good take bu airport somewher close enough hotel stuff super nice room spaciou clean bed comfi,0.4,positive,10.0,United Kingdom,Double Room,Couple,11,2021
great experi stay la veranda hotel right start till end staff welcom friendli room pictur newli renov fulli function importantli comfort clean hotel locat conveni easi catch public transport mani café around close center,0.2704761904761905,positive,10.0,Lebanon,Double Room,Solo traveler,11,2021
stay hotel great experi would definit come back famili staff help friendli welcom one night stay felt like home great locat close airport minut walk bu station beach restaur room clean spaciou mini bar rich well price even breakfast present tasti highli recommend,0.3902777777777778,positive,10.0,Lebanon,Double Room with Balcony,Solo traveler,11,2021
christma vibe nice ambianc staff make feel home quiet area everyth perfect definit come back,0.4,positive,10.0,Lebanon,Double Room,Couple,11,2021
clean,0.3666666666666667,positive,9.0,United Kingdom,Two-Bedroom Suite,Family,11,2021
welcom coupl help happi help situat question manag remot work room balconi pleasant would definit come,0.7333333333333334,positive,10.0,Switzerland,Double Room with Balcony,Couple,11,2021
like hotel room bed sheet toilet super clean bed comfort top hotel less minut away foot bu station citi nice lot restaur bar shop area cours lot lot beach shore relax one get foot less minut staff nice gave recommend place visit roam around,0.25416666666666665,positive,10.0,Lebanon,Double Room,Solo traveler,11,2021
first staff accommod easi deal gone beyond help u delay flight land hour late arriv restaur close richard amaz whip u excel pizza even though long sinc close,-0.03333333333333333,positive,10.0,Canada,Double Room,Couple,10,2021
,0.0,positive,10.0,Israel,Two-Bedroom Suite,Family,11,2021
modern nice hotel accommod one night departur hotel arrang taxi airport €,0.4,positive,9.0,Czech Republic,Double Room with Balcony,Couple,10,2021
wonder peopl recept restaur alway smile glad help,0.4,positive,9.0,United Kingdom,Double Room with Balcony,Solo traveler,11,2021
managementhusband wifewer fantast staff,0.0,positive,9.0,Czech Republic,Double Room with Balcony,Solo traveler,10,2021
stay hotel one night prior departur cypru close proxim larnaca airport close mckenzi beach lot restaur dinner hotel allow u check later prior flight breakfast nice clean,0.19333333333333333,positive,10.0,Russia,Family Suite with Balcony,Family,10,2021
clean staff welcom help pet friendli hotel highli recommend extra charg dog quick respons ask bring nice freshli decor room,0.32499999999999996,positive,9.0,United Kingdom,Double Room with Balcony,Couple,10,2021
place clean there’ incred kind help staff food delici everyth clean airport close beach five minut walk away flexibl strang schedul,0.4444444444444445,positive,9.0,Spain,Double Room,Family,10,2021
super friendli staff nice renov clean hotel quiet street suffici park facil fantast valu money,0.325,positive,10.0,Belgium,Double Room with Balcony,Couple,10,2021
fresh renov good wifi minut airport super fast checkincheckout,0.3833333333333333,positive,10.0,Netherlands,Double Room with Balcony,Family,10,2021
it’ except clean staff friendli,0.3666666666666667,positive,10.0,United Kingdom,Double Room with Balcony,Couple,10,2021
perfect locat mckenzi beach minut walk central marina everyon accommod welcom nice addit clean tidi room netflix,0.4916666666666667,positive,10.0,United Kingdom,Double Room with Balcony,Solo traveler,10,2021
breakfast left earli,0.0,positive,9.0,Spain,Double Room with Balcony,Couple,10,2021
staff friendli extrem help love famili hotel refurbish main corona period quiet area minut larnaca airport minut walk beach restaur,0.2222222222222222,positive,9.0,Denmark,Family Suite with Balcony,Family,10,2021
stay one night arriv late night larnaca airport go anoth citi limassol next day receptionist wait arriv even though usual open hour room clean bit small though bathroom spaciou bed comfort,-0.07222222222222223,positive,9.0,Denmark,Double Room with Balcony,Solo traveler,10,2021
locat room,0.0,positive,9.0,United Kingdom,Double Room with Balcony,Solo traveler,9,2021
well organis clean,0.3666666666666667,positive,9.0,United Kingdom,Double Room with Balcony,Solo traveler,10,2021
excel everyth got earli around room readi place clean spaciou realli nice pleasant walk sea much els close,0.47500000000000003,positive,10.0,United States of America,Family Suite with Balcony,Group,10,2021
stay hotel twice locat airport found clean modern comfort great valu money minut walk makenzi beach restaur also nice patio restaur meal cocktail room bit small nice amen fridg coffe make ac nice balconi spotless comfort staff nice welcom,0.4395833333333334,positive,8.0,Jordan,Double Room with Balcony,Solo traveler,10,2021
room excel clean everyth seem fairli new staff help locat also good morn flight airport min drive away,0.40101010101010104,positive,8.0,Romania,Double Room with Balcony,Group,10,2021
nice small hotel far airport everyth good clean fresh room good host min walk beach,0.3595238095238095,positive,10.0,Ukraine,Two-Bedroom Suite,Group,10,2021
clean freshli renov room,0.3666666666666667,positive,9.0,Ukraine,Double Room with Balcony,Solo traveler,10,2021
hotel perfect u arriv late night intent get rest continu journey it’ locat ideal purpos stay it’ close larnaca airport host hotel kind help alway smile face great energi amaz hospit make sure great stay would rate sure,0.5666666666666667,positive,9.0,Sweden,Double Room,Couple,10,2021
everyth clean bed comfort spaciou bathroom beach close bu airport meter away,0.3666666666666667,positive,9.0,Hungary,Double Room with Balcony,Couple,10,2021
small quiet,-0.125,positive,9.0,Ukraine,Double Room with Balcony,Couple,10,2021
staff except realli customercentr kind breakfast realli delici,0.6,positive,10.0,Germany,Double Room with Balcony,Solo traveler,10,2021
clean fresh nice peac welcom,0.4222222222222222,positive,10.0,United Kingdom,Double Room with Balcony,Group,10,2021
staff super nice need taxi airport theyv help u book realli good price better everyth weve seen onlin room realli clean bed comfort,0.5,positive,9.0,United Kingdom,Double Room,Solo traveler,9,2021
breakfast except,0.0,positive,10.0,United States of America,Double Room,Couple,10,2021
absolut clean friendli staff ultim hygien clean econom staff owner friendli help locat great definit place come came larnaca,0.5111111111111112,positive,10.0,Qatar,Double Room with Balcony,Solo traveler,10,2021
modern clean friendli need great holiday,0.45555555555555555,positive,10.0,United Kingdom,Double Room with Balcony,Couple,9,2021
except friendli help tast decor room super comfi bed dinner breakfast freshli made tasti,0.3333333333333333,positive,10.0,United Kingdom,Double Room with Balcony,Couple,9,2021
excel hotel clean excel owner,0.3666666666666667,positive,9.0,Australia,Double Room,Solo traveler,9,2021
famili run hotel friendli welcom gave u free room upgrad build hotel brand new spotlessli clean walk distanc beach restaur shop away traffic fulli stock minibar coffe teamak facil valu money stay tip like sleep dark bring sleep mask andor blu tack secur curtain place,0.18825757575757576,positive,9.0,Cyprus,Double Room with Balcony,Couple,9,2021
it’ definit one best accommod i’v ever everyth good clean room clean everi day great staff pleasant host strong wifi time friendli comfort atmospher garnish restaur ground amaz owner kind person creativ chef i’ll miss breakfast word i’ll stay next time larnaca sure,0.55,positive,10.0,Russia,Double Room with Balcony,Solo traveler,9,2021
good valu money room nice big balconi,0.4333333333333333,positive,10.0,United Kingdom,Standard Triple Room,Solo traveler,7,2021
stay larnaca everi year first time la veranda i’d recommend owner absolut love made sure everyth need properti clean modern locat good,0.41944444444444445,positive,10.0,United Kingdom,Double Room,Couple,8,2021
extrem friendli peopl work la veranda help u possibl way thank,0.0,positive,10.0,Russia,Double Room with Balcony,Group,9,2021
great friendli staff welcom owner took person room gave prime park spot introduc u daughter learn trade super nice help couldnt pleas,0.5777777777777778,positive,9.0,United Kingdom,Standard Triple Room,Couple,9,2021
great locat min walk beach amen staff good help room comfort snd clean,0.6222222222222222,positive,9.0,United Kingdom,Double Room,Solo traveler,9,2021
modern clean,0.2833333333333333,positive,10.0,United Kingdom,Double Room with Balcony,Solo traveler,9,2021
clean good commun,0.5333333333333333,positive,10.0,United Kingdom,Double Room with Balcony,Couple,9,2021
pick hire care airport within minut arriv famili run hotel except staff friendli keen pleas room also except cleanli although compact everyth might need stay rare write review place deserv well also minut walk beach load restaur,0.3,positive,10.0,United Kingdom,Double Room,Couple,9,2021
staff owner welcom breakfast typic cypriot one much park around properti apart convert hotel insid excel compar view outsid,0.2,positive,8.0,United Kingdom,Double Room with Balcony,Solo traveler,9,2021
friendli help staff clean room comfort bed close bu stop,0.3666666666666667,positive,9.0,Poland,Double Room with Balcony,Couple,9,2021
min drive airport love clean room comfort bed easi park love help staff,0.45555555555555555,positive,9.0,Cyprus,Double Room with Balcony,Couple,9,2021
clean modern room comfi bed great air condit fab locat close mackenzi beach bar,0.45555555555555555,positive,10.0,United Kingdom,Double Room with Balcony,Family,9,2021
super clean good bed,0.4666666666666666,positive,10.0,Czech Republic,Double Room,Group,9,2021
clean comfi room balconi simpl clear contemporari decor near airport friendli staff healthi breakfast,0.18888888888888888,positive,9.0,Spain,Double Room with Balcony,Solo traveler,9,2021
nice staff clean homeexperi definit recommend,0.48333333333333334,positive,10.0,United Arab Emirates,Double Room with Balcony,Solo traveler,9,2021
we’v chosen la veranda earli flight larnaka airport enjoy one night stay beach strip nearbi variou restaur everi tast walk cocktail one place dinner anoth breakfast hotel great airport time,0.6000000000000001,positive,9.0,Russia,Double Room with Balcony,Family,9,2021
commun prior arriv brilliant staff hotel friendli polit noth much alway will help anyway made stay enjoy extrem clean,0.37333333333333335,positive,10.0,United Kingdom,Double Room with Balcony,Family,9,2021
staff friendli hotel comfort clean,0.3666666666666667,positive,9.0,Lebanon,Double Room with Balcony,Couple,9,2021
locat close airport,0.0,positive,8.0,Slovakia,Standard Triple Room,Group,8,2021
excel round would come,-0.2,positive,10.0,Australia,Double Room with Balcony,Solo traveler,8,2021
everyth,0.0,positive,10.0,Norway,Double Room with Balcony,Solo traveler,8,2021
locat near makanzi beach,0.1,positive,8.0,Angola,Double Room with Balcony,Couple,8,2021
excel servic kind help staff room balconi overlook makenzi salt lake made amaz impress recommend breakfast realli delici,0.6,positive,10.0,Poland,Double Room with Balcony,Couple,8,2021
staff except attent ensur stay pleasent hospit great highli recommend hotel,0.8,positive,10.0,Hungary,Double Room with Balcony,Couple,8,2021
enjoy excel overnight stay head airport load bar restaur min walk away beach realli friendli accomod host,0.4,positive,10.0,United Kingdom,Standard Triple Room,Family,8,2021
arriv night checkedin quickli slept well rest night next morn readi continu trip hotel renov conveni short stay larnaka actual piti abl stay longer next time,0.0,positive,9.0,Austria,Standard Triple Room,Family,7,2021
staff excel accommod nice clean room,0.48333333333333334,positive,10.0,United Kingdom,Double Room with Balcony,Couple,8,2021
friendli staff nice room comfort bed nice bathroom good choic travel larnaca,0.6333333333333333,positive,10.0,Spain,Two-Bedroom Suite,Family,8,2021
clean perfect locat,0.6833333333333333,positive,10.0,Germany,Standard Triple Room,Group,8,2021
locat staff food amaz restaur,0.0,positive,8.0,Saudi Arabia,Double Room with Balcony,Couple,8,2021
extrem clean newli renov effici run good locat airport sea,0.5333333333333333,positive,10.0,United Kingdom,Double Room with Balcony,Couple,8,2021
peopl work best ever,1.0,positive,10.0,Ukraine,Family Suite with Balcony,Group,8,2021
bright cozi look like almost new hotel silent part town help staff minut drive airport walk citi center meter nice beach,0.2672727272727273,positive,9.0,Lithuania,Double Room with Balcony,Solo traveler,8,2021
stay coupl night could quickli get airport cozi clean hotel wonder staff also enjoy delici breakfast desir nice place recommend,0.45555555555555555,positive,10.0,Russia,Double Room with Balcony,Couple,7,2021
locat great room great size clean modern comfi,0.5416666666666667,positive,10.0,United Kingdom,Double Room,Family,8,2021
richard chef hotel food creat outstand delici even simplest food ie chicken burger salad made tast except whether stay hotel go restaur lunch dinner disappoint want keep go back richard cook heart overal hotel well situat room stylish bed comfort staff help friendli first stay hotel would gladli stay highli recommend,0.037500000000000006,positive,8.0,United Kingdom,Double Room with Balcony,Solo traveler,8,2021
clean comfort easili star hotel welcom minut walk beach chef incred friendli kind person love noth enjoy food,0.4666666666666667,positive,10.0,United Kingdom,Double Room with Balcony,Family,8,2021
excel hote th time stay hotel want say better star hotelespeciallyth chef la vernada hotel perfesth made delici breakfastlunch dinner food better star hotelmoreoverth price hotel price food good expensiveabsolut fantast hotel excel chef make hotel perfect konstantino charalamb,0.675,positive,10.0,Cyprus,Double Room,Couple,8,2021
staff friendli room clean comfort food delici highli recommend,0.3666666666666667,positive,10.0,France,Double Room with Balcony,Solo traveler,8,2021
stay hotel night departur pleas staff got earli breakfast well nice even bar hotel administr help u taxi clean room comfort bed everyth giod,0.48333333333333334,positive,10.0,Russia,Family Suite with Balcony,Family,8,2021
nice help staff abl go extra mile satisfact hotel great locat close airport beach entertain room vere spaci quiet tidi modern design breakfast tasti satisfi servic sure come bact come larnaka,0.3499999999999999,positive,10.0,Czech Republic,Double Room with Balcony,Couple,7,2021
hotel exactli need great locationwalk distanc beach close airport interior clearli recent renov staff friendli,0.4,positive,10.0,United Kingdom,Double Room with Balcony,Couple,8,2021
room clean hotel facilit shuttl servic airport addit cost base request hotel also kindli receiv packag behalf prior arriv maha respons reachabl via whatsap abl accommod need stay hotel good layov larnaca close airport also allow access beach min walk distanc,0.06666666666666665,positive,8.0,Lebanon,Double Room with Balcony,Couple,8,2021
friendli help staffclean facilitiesgood breakfast,0.0,positive,10.0,Ukraine,Two-Bedroom Suite,Family,8,2021
amaz hotel new clean staff manag great…highli recommend,0.2515151515151515,positive,10.0,Saudi Arabia,Double Room with Balcony,Solo traveler,8,2021
excel servic,0.0,positive,10.0,United Kingdom,Double Room with Balcony,Solo traveler,8,2021
owner toni joanna friendli welcom accommod richard barrestaur come u base cruis ship forgotten convert charg phone toni multipl u borrow even luggag scale u prepar suitcas departur back home room complet renov stun brand new air condit system chill room within minut rent bedroom suit final place spotlessli clean,-0.0593939393939394,positive,10.0,United States of America,Two-Bedroom Suite,Family,8,2021
room staff,0.0,positive,10.0,United Kingdom,Family Suite with Balcony,Family,7,2021
friendli effect employe owner brand new fit furnitur excel locat near airport beach clean quit recommend without reserv,0.25075757575757573,positive,10.0,United Arab Emirates,Double Room with Balcony,Solo traveler,8,2021
great locat conveni airport beach profession friendli staff look afford clean hotel minut away airport within walk distanc beach restaur amen place,0.5833333333333334,positive,10.0,Lebanon,Double Room with Balcony,Family,7,2021
good servic,0.7,positive,9.0,United Arab Emirates,Family Suite with Balcony,Family,7,2021
recent renov build therefor room nice clean mackenzi beach promenad min walk,0.32222222222222224,positive,9.0,Cyprus,Double Room with Balcony,Family,7,2021
everyth perfect nice locat excel room friendli staff,0.8,positive,10.0,Cyprus,Standard Triple Room,Family,7,2021
clean modern good custom servic restaurantbar reason price qualiti,0.4222222222222222,positive,8.0,Malta,Double Room with Balcony,Family,7,2021
check quick easi polit friendli hotel manag great servic richard bar manag room clean good qualiti bed linen towel ac flat screen tv locat minut walk beach restaur supermarket airport min taxi larnaca centr min bu min walk highli recommend,0.43500000000000005,positive,10.0,United Kingdom,Double Room with Balcony,Group,7,2021
amaz place honest everyth perfect,0.8,positive,10.0,Germany,Double Room with Balcony,Solo traveler,7,2021
clean nice renov room staff fantast price great,0.5888888888888889,positive,8.0,Cyprus,Double Room with Balcony,Solo traveler,6,2021
everyth excel,0.0,positive,8.0,Malta,Double Room with Balcony,Family,7,2021
modern clean netflix room unexpect surpris bewar difficult sign back account view short walk nice beach bar rebuk v good close airport,0.19523809523809524,positive,8.0,Cyprus,Double Room with Balcony,Solo traveler,7,2021
amaz staff met owner recept took care girl happi stay room clean readi check,0.3666666666666667,positive,10.0,Saudi Arabia,Standard Triple Room,Solo traveler,7,2021
like lot hotel locat servic like — personnel especi chief real profession alway tri prepar u tradit vegan dish local cuisin alway delici friendli kindheart u recommend place interest rout etc thank cypru thank la veranda thank chief,0.1,positive,8.0,Ukraine,Standard Triple Room,Couple,7,2021
room fresh clean friendli staff highli recommend,0.33333333333333337,positive,9.0,Cyprus,Double Room with Balcony,Solo traveler,7,2021
amaz stay near mackenzi beach min walk staff superb clean spaciou room definit come back much recommend,0.33333333333333337,positive,10.0,Lebanon,Double Room with Balcony,Family,7,2021
good team good hospit good food smile will peopl,0.5999999999999999,positive,10.0,Czech Republic,Double Room with Balcony,Family,7,2021
good,0.7,positive,9.0,Malta,Double Room with Balcony,Group,7,2021
perfect play renov relax owner mumchildren lebanon kind readi help even invit sit relax drink night room brand new good bed furthermor speak richard chef hotel make feel like know year beforeh kind polit readi help whatev want eat drink delici food facil keep go guy sure favourit place holiday,0.5893939393939395,positive,10.0,Cyprus,Double Room with Balcony,Solo traveler,7,2021
new hotel everyth modern clean good bed linen furnitur minut walk makkenzi beach plane land staff polit friendli minut walk citi center minut bu drive,0.2606060606060606,positive,8.0,Israel,Double Room with Balcony,Solo traveler,7,2021
nice modern bedroom nice greek breakfast hotel great locat shame stay one night,0.44000000000000006,positive,8.0,United Kingdom,Double Room with Balcony,Solo traveler,7,2021
wonder place run wonder peopl,0.0,positive,10.0,Switzerland,Double Room with Balcony,Solo traveler,7,2021
hotel excel exceed expect restaur delici food servic incred room high standard clean pleas stay grate staff help kind profession highli recommend hotel,0.2816666666666667,positive,10.0,Bahrain,Double Room with Balcony,Solo traveler,7,2021
could give rate would locat amaz close airport larnaka make travel easier also right next salt lake mustse especi good sunset within minut walk mackenzi beach well maintain cleaner beach seen larnaka rebuk loung beach worth visit qualiti food decor hotel next bu stop travel downtown locat handi sinc didn’t hire car staff make hotel great friendli warm help alway will make guest better stay recent renov room clean could facil modern new shower amaz coupl use togeth balconi nice addit alreadi fresh well present room doubl bed extrem comfort new bed delight hard get comfort sheet sleep countri warm cypru happi everyth offer hotel minibar extrem reason price well stock aircon perfect easi use wifi great use didn’t take advantag pool hotel ran time anoth trip would done front hotel extrem nice place unwind even,0.3634972170686456,positive,10.0,United Kingdom,Double Room with Balcony,Couple,7,2021
perfect,1.0,positive,10.0,Cyprus,Double Room with Balcony,Group,6,2021
superbl refurbish hightech display “cleandnd” outsid,0.0,positive,10.0,Lithuania,Double Room with Balcony,Solo traveler,6,2021
bed custom servic,0.0,positive,10.0,Ireland,Double Room with Balcony,Group,7,2021
great staff clean modern room great valu,0.5416666666666667,positive,9.0,United States of America,Two-Bedroom Suite,Family,6,2021
walk distanc mackenzi beach beach loung restaur hotel room super clean staff realli welcom breakfast awesom would definit book upon next visitz,0.2333333333333333,positive,10.0,Germany,Double Room with Balcony,Couple,6,2021
like everyth staff host great quiet place pet friendli visit sure valu money amaz place,0.43333333333333335,positive,10.0,Cyprus,Double Room with Balcony,Group,6,2021
close airport min taxi € clean fresh room need overnight stay friendli staff,0.33333333333333337,positive,8.0,Russia,Double Room with Balcony,Couple,6,2021
nice kind stuff breakfast tasti excel,0.6,positive,9.0,Bulgaria,Double Room with Balcony,Solo traveler,6,2021
everyth friendli help staff comfort room great locat highli recommend,0.8,positive,10.0,Ireland,Double Room with Balcony,Solo traveler,6,2021
littl bit far sea,0.1,positive,10.0,Israel,Double Room with Balcony,Solo traveler,6,2021
stay fantast step makenzi beach café restaur easi access nightlif build clean made comfort stay staff made feel welcom help ask thing definit back,0.18333333333333335,positive,10.0,Canada,Double Room with Balcony,Solo traveler,5,2021
hotel new complet renov it’ spotless clean comfort good servic famili own felt welcom room complet new clean mini bar realli well equip cheap free park close citi access transport,0.38825757575757575,positive,10.0,Denmark,Double Room with Balcony,Couple,5,2021
wonder experi la veranda hotel staff amaz welcom room clean comfort varieti snack afford price walk distanc beach easi access public transport,0.18333333333333335,positive,10.0,United Arab Emirates,Double Room with Balcony,Solo traveler,5,2021
famili room fit famili five fantast breakfast close jog trail along lake close airport plu super friendli staff,0.3666666666666667,neutral,7.0,United States of America,Suite with Balcony,Family,11,2022
room size excel wheelchair hotel airi light hotel nice clean reason book review great access want,0.5416666666666667,neutral,5.0,United Kingdom,Double Room with Balcony,Group,11,2022
didnt eat hotel comfort bed love soft duvet pillowsgood shower,0.3,neutral,7.0,United Kingdom,Double Room with Balcony,Solo traveler,11,2022
spotlessli clean staff help,0.3666666666666667,neutral,7.0,United Kingdom,Double Room with Balcony,Group,11,2022
clean,0.3666666666666667,neutral,6.0,United Kingdom,Budget Twin Room,Group,11,2022
quiet locat,0.0,neutral,6.0,Cyprus,Double Room with Balcony,Solo traveler,10,2022
everyth pretti good expect,0.7,neutral,7.0,Armenia,Budget Twin Room,Family,10,2022
room larg nice balconi bu stop town around corner,0.6,neutral,6.0,United States of America,Double Room with Balcony,Solo traveler,8,2022
clean comfort cute balconi short walk mckenzi beach,0.2888888888888889,neutral,7.0,Cyprus,Two-Bedroom Suite,Group,9,2022
realli like polit friendli staff also like size room bed,0.0,negative,4.0,Cyprus,Double Room with Balcony,Couple,9,2022
near airport,0.1,neutral,7.0,Germany,Standard Triple Room,Family,9,2022
close airport,0.0,negative,3.0,Israel,Two-Bedroom Suite,Family,9,2022
maria richard realli great host kind hospit maria offer adapt immedi room perfectli clean good transit one night like sleep central locat,0.49333333333333335,negative,4.0,Egypt,Double Room with Balcony,Family,8,2022
clean bed comfort,0.3666666666666667,neutral,7.0,Germany,Two-Bedroom Suite,Couple,8,2022
friendli peopl spaciou clean room close larnaka airport need,0.3666666666666667,neutral,6.0,Cyprus,Double Room with Balcony,Couple,7,2022
use locat hotel citi centr airport restaur stay open reason late could eat even arriv cypru,-0.15,neutral,7.0,United Kingdom,Double Room,Solo traveler,4,2022
friendli staff modern room,0.2,neutral,6.0,Germany,Double Room with Balcony,Solo traveler,4,2022
break fast perfect room perfect issu internet locat bit far center quit area around,0.44000000000000006,neutral,7.0,Denmark,Double Room,Solo traveler,3,2022
breakfast fill locat tabl front u funni question,0.0,neutral,7.0,United Kingdom,Two-Bedroom Suite,Family,3,2022
clean room friendli staff,0.3666666666666667,neutral,5.0,United Kingdom,Double Room,Solo traveler,1,2022
nice clean,0.48333333333333334,neutral,6.0,United Kingdom,Double Room with Balcony,Couple,11,2021
nice clean littl hotel next airport,0.32222222222222224,neutral,7.0,Poland,Standard Triple Room,Family,10,2021
locat good didnt breakfast even meal poor isnt realli bar restaur,0.14999999999999997,neutral,6.0,Cyprus,Double Room with Balcony,Solo traveler,11,2021
staff love,0.5,neutral,7.0,United Kingdom,Double Room,Solo traveler,11,2021
clean room good locat makenzi beach comfort bed staff excel,0.5333333333333333,neutral,7.0,United Kingdom,Double Room with Balcony,Couple,10,2021
close airport,0.0,neutral,7.0,Netherlands,Double Room with Balcony,Couple,10,2021
friendli help staff room cleanli,0.0,neutral,7.0,Jordan,Double Room with Balcony,Solo traveler,9,2021
properti perfectli locat close airport close famou makenzi beach neat modern hotel facil,0.2,neutral,5.0,Cyprus,Double Room with Balcony,Solo traveler,9,2021
chose hotel it’ proxim airport one night stay straight flight travel onward next morn area easi find car hire use googl map friendli welcom staff easi checkin hotel spotlessli clean covid prevent measur taken never ate cold beer avail need bar downstair minibar room quiet neighbourhood sure what’ nearbi etc away earli next morn would certainli recommend type trip probabl use next time,0.058333333333333334,neutral,7.0,United Kingdom,Double Room with Balcony,Solo traveler,9,2021
close mackenzi beach,0.0,negative,1.0,United Kingdom,Family Suite with Balcony,Couple,9,2021
,0.0,neutral,7.0,Poland,Double Room with Balcony,Solo traveler,8,2021
it’ clean easili pa one night fli back,0.18333333333333335,neutral,5.0,Switzerland,Family Suite with Balcony,Family,8,2021
locat good room well maintain conveni taxi citi centerairport beach peac good coupl backpack sandwich hummu chef delici mr toni fabul job keep place spotless make guest comfort help amaz thank hotel work hard keep good condit,0.4520833333333333,neutral,7.0,United Arab Emirates,Standard Triple Room,Group,7,2021
like quiet it’ close airport,0.0,neutral,7.0,Qatar,Double Room,Solo traveler,8,2021
basic night stay facil limit,0.0,neutral,5.0,United Arab Emirates,Double Room with Balcony,Solo traveler,7,2021
comfort bed room new comfort,0.13636363636363635,neutral,7.0,France,Double Room with Balcony,Couple,7,2021
locat excel staff polit room clean upon arriv,0.3666666666666667,neutral,7.0,Greece,Double Room with Balcony,Solo traveler,7,2021
peopl work kind respons,0.6,negative,4.0,United States of America,Standard Triple Room,Family,7,2021
excel locat clean modern,0.2833333333333333,positive,10.0,United Kingdom,,Family,7,2022
cleanli,0.0,positive,9.0,United Kingdom,,Family,6,2022
room nice clean two bed set request,0.48333333333333334,positive,8.0,United Kingdom,,Group,6,2022
room fresh clean modern shown photo calm area close beach mani restaur coffe shop bu station close breakfast expect,0.2916666666666667,positive,10.0,United States of America,,Solo traveler,11,2021
hotel close airport nice place stay arriv late night,0.15,positive,8.0,Russia,,Family,10,2021
like happi smile welcom greet arriv properti unfortun didnt time tri breakfast earli flight look amaz definit return thoroughli recommend properti thank much,0.25,positive,10.0,Hungary,,Solo traveler,9,2021
nice staff room nice clean,0.5222222222222223,positive,9.0,Czech Republic,,Solo traveler,9,2021
help knowledg staff room updat clean,0.3666666666666667,positive,10.0,Australia,,Group,9,2021
nice clean perfect overnight stay owner nice friendli,0.6416666666666667,positive,8.0,United Kingdom,,Family,8,2021
clean modern room comfort bed good shower help staff except valu money close beach,0.4222222222222222,positive,10.0,United Kingdom,,Solo traveler,8,2021
friendli atmospher famili busi feel like home huge delici breakfast hotel comfort definit come,0.39999999999999997,positive,10.0,Germany,,Family,7,2021
friendli staff servic nice room clean,0.48333333333333334,positive,10.0,Cyprus,,Solo traveler,6,2021
clean smart devic,0.2904761904761905,negative,1.0,Cyprus,,Couple,9,2021
nice,0.6,positive,8.0,Israel,Double Room with Balcony,Solo traveler,12,2022
hotel locat close airport bu good frequenc street next airport close citi center hotel locat deadend quiet street plenti park room clean staff hotel toni nice gave pleasant feel immedi book receiv whatsapp confirm time arriv inform wait u,0.32857142857142857,positive,10.0,Israel,Double Room with Balcony,Group,12,2022
kind staff size room locat,0.6,positive,10.0,Israel,Double Room,Family,12,2022
kind staff locat cleanli room,0.6,positive,10.0,Israel,Double Room,Family,12,2022
friendli clean hotel function furnish balconi courtyard street view good breakfast directli hotel paid separ variou option eur friendli host proxim airport km beach includ numer restaur m,0.5333333333333333,positive,10.0,Switzerland,Double Room with Balcony,Solo traveler,11,2022
french speak compet staff,0.0,positive,9.0,France,Double Room,Couple,11,2022
cleanest place stay cypru staff kind welcom,0.6,positive,10.0,Israel,Double Room,Solo traveler,11,2022
pleasant accommod help recept cleanli,0.7333333333333334,positive,8.0,Slovakia,Standard Triple Room,Family,11,2022
staff extrem friendli alway happi help need alway readi answer question good locat close airport especi earli late flight also close beach,0.19999999999999998,positive,9.0,Bulgaria,Two-Bedroom Suite,Group,9,2022
nice room clean conveni close airport kind help staff dinner even good,0.5666666666666667,positive,8.0,France,Double Room,Family,11,2022
kind staff delici food impecc cleanli thank,0.6,positive,10.0,Romania,Double Room,Family,11,2022
room clean spaciou mattress pillow excel,0.3666666666666667,positive,9.0,Israel,Double Room with Balcony,Family,11,2022
pleasant staff,0.7333333333333334,positive,10.0,France,Double Room with Balcony,Family,11,2022
everyth great,0.8,positive,10.0,Austria,Budget Twin Room,Group,10,2022
nice comfort small room earli novemb good avail free park space bottom hotel beach minut walk airport minut bu friendli staff good advic,0.4299999999999999,positive,9.0,France,Double Room,Solo traveler,11,2022
proxim airport excel cuisin,0.0,positive,10.0,Belgium,Family Suite with Balcony,Family,11,2022
practic room balconi room good locat airport listen staff,0.7,positive,8.0,France,Two-Bedroom Suite,Family,10,2022
hotel near airport ideal late arriv earli departur,0.2333333333333333,positive,8.0,France,Standard Triple Room,Family,11,2022
wonder hotel staff photo,0.0,positive,10.0,Russia,Double Room,Solo traveler,10,2022
good accommod perfect locat minut airport,0.85,positive,9.0,Greece,Double Room,Couple,10,2022
great locat minut bu airport minut walk beach cafe beach take minut walk along promenad citi nice hotel good staff friendli,0.6999999999999998,positive,10.0,Israel,Family Suite with Balcony,Family,9,2022
great locat close airport friendli servic delici breakfast,0.8,positive,9.0,Poland,Suite with Balcony,Family,10,2022
stay laveranda hotel one night end cypru trip close airport possibl last night perfect room nice furnish super clean bu connect citi center around corner abl get back hotel later even without problem use public transport locat also perfect trip airport next morn mackenzi beach super close lot cool bar restaur,0.2987179487179487,positive,9.0,Austria,Standard Triple Room,Couple,10,2022
great welcom pleasant contact help,0.7666666666666667,positive,9.0,France,Double Room with Balcony,Family,10,2022
everyth good,0.7,positive,10.0,Ukraine,Double Room,Couple,10,2022
accommod good central problem find locat alley googl map went crazi understand sent photo locat street,0.35,positive,8.0,Spain,Two-Bedroom Suite,Family,9,2022
hotel clean close airport simpl comfort room see care place,0.3666666666666667,positive,9.0,Israel,Two-Bedroom Suite,Family,10,2022
nice clean neat super sweet host,0.4125,positive,10.0,Denmark,Double Room,Family,10,2022
close field staff nice room rest pleasant clean renov bed comfort shower,0.5666666666666668,positive,10.0,Israel,Double Room,Family,10,2022
everyth perfect boutiqu hotel,1.0,positive,10.0,Israel,Double Room with Balcony,Group,10,2022
breakfast good,0.7,positive,8.0,Germany,Budget Twin Room,Couple,9,2022
cleanli locat simpl modern furnish new like whole structur,0.1787878787878788,positive,9.0,Italy,Double Room with Balcony,Solo traveler,9,2022
hotel modernli furnish room spaciou enough abovestandard larg bathroom use breakfast earli departur staff recept willingli arrang ride airport u,0.0,positive,9.0,Czech Republic,Double Room,Couple,10,2022
everyth nice,0.6,positive,9.0,Italy,Double Room with Balcony,Couple,10,2022
excel welcom clean quiet hotel well locat airport,0.18333333333333335,positive,10.0,France,Double Room,Solo traveler,9,2022
proxim airport clean cheap,0.38333333333333336,positive,8.0,Israel,Double Room,Family,10,2022
new clean recept,0.2515151515151515,positive,10.0,Italy,Double Room,Family,10,2022
excel locat way tofrom larnaca airport warm cordial hospit,0.6,positive,9.0,Israel,Double Room with Balcony,Family,10,2022
place close airport easi get arriv late direct clear easi place clean everyth exactli expect short distanc promenad find nice restaur beach,0.14444444444444446,positive,8.0,Israel,Two-Bedroom Suite,Family,10,2022
clean hotel kind staff close airport,0.48333333333333334,positive,10.0,Israel,Standard Triple Room,Family,10,2022
wellkept small hotel extraordinarili courteou host wed love come back,0.08333333333333333,positive,9.0,Austria,Budget Twin Room,Couple,9,2022
friendli staff,0.0,positive,10.0,France,Double Room,Solo traveler,10,2022
manag friendli hotel good qualiti,0.7,positive,9.0,France,Double Room,Couple,10,2022
clean close beach close field intim quiet,0.18333333333333335,positive,10.0,Israel,Standard Triple Room,Family,10,2022
excel welcom owner speak fluent french quiet hotel extrem well locat airport larnaca salt lake unbeat valu money think perfect good dinner love waiter night transit return franc perfect didnt breakfast leav am,0.5333333333333333,positive,10.0,France,Budget Twin Room,Family,10,2022
cleanli welcom possibl breakfast site drink snack,0.0,positive,10.0,France,Double Room with Balcony,Family,10,2022
clean well organ noth miss pleasant balconi nice host comfort mattress,0.5666666666666668,positive,9.0,Israel,Double Room with Balcony,Couple,10,2022
perfect hotelwelcom help staffth room spaciousand cleanth restaur varieda well locat close airport beach well mani restaur snacksi resel pleasurei recommend hotel thank toni welcom smile rare,0.5333333333333333,positive,10.0,France,Double Room with Balcony,Family,10,2022
small beauti clean room accommod u earlier checkin earlier checkout problem later checkin either small lunch delici staff nice short distanc beach also found starfish hotel arrang transfer airport u,0.058333333333333334,positive,10.0,Czech Republic,Double Room,Couple,9,2022
hotel locat close larnaca airport help staff room everyth need also bathroom clean cozi,0.3666666666666667,positive,10.0,Israel,Double Room,Couple,9,2022
friendli staff good walk distanc mackenzi beach highli recommend breakfast offer free park front hotel along street,0.55,positive,8.0,Germany,Double Room with Balcony,Group,8,2022
clean good hotel servic also great,0.6222222222222222,positive,10.0,Belgium,Suite with Balcony,Family,8,2022
great accommod excel valu money addit well locat near larnaca airport mckenzi beach fulli recommend staff extrem friendli,0.45,positive,10.0,Honduras,Double Room with Balcony,Solo traveler,9,2022
friendli staff cleanli nice room,0.6,positive,10.0,Hungary,Two-Bedroom Suite,Solo traveler,9,2022
cleanlinesstowel designfurnitur staff,0.0,positive,9.0,Cyprus,Double Room with Balcony,Couple,9,2022
modern furnish clean room friendli staff nice restaur hous great coffe close citi center airport sea priceperform total right,0.3074829931972789,positive,10.0,Switzerland,Double Room,Family,9,2022
locat close airport promenad sea clean tidi comfort beauti room courteou welcom servic return highli recommend,0.3666666666666667,positive,10.0,Israel,Double Room with Balcony,Couple,9,2022
stay liter hour welcom pleasant help u order taxi airport,0.7333333333333334,positive,8.0,Israel,Double Room,Solo traveler,9,2022
breakfast leav earli howev restaur even perfect cook particularli affabl fast delici irreproach servic real lebanes tabbouleh hearti recommend restaur much hotel,0.39999999999999997,positive,10.0,France,Double Room,Group,9,2022
nice facil nice help staff,0.6,positive,10.0,Poland,Budget Twin Room,Solo traveler,9,2022
great stay clean staff avail alway help thank,0.5833333333333334,positive,10.0,France,Double Room,Solo traveler,9,2022
compet staff,0.0,positive,8.0,Switzerland,Two-Bedroom Suite,Family,9,2022
terrac cozi,0.0,positive,8.0,Netherlands,Budget Twin Room,Couple,9,2022
arriv middl night abl get room via selfcheckin without problem good locat close airport easili access taxi also bu rout nearbi,0.7,positive,9.0,Austria,Double Room,Couple,8,2022
clean,0.3666666666666667,positive,10.0,Italy,Double Room with Balcony,Family,9,2022
locat close beach kind staff last day kept suitcas custodi whole day close airport like minut car realli soft bed pillow,0.225,positive,10.0,Italy,Double Room with Balcony,Couple,8,2022
strateg locat properti close airport mackenzi beach fifteen minut walk along sea also reach finikoud courteou help staff maximum cleanli excel upholsteri modern furnish,0.2,positive,10.0,Italy,Double Room,Solo traveler,8,2022
earli depart flight breakfast dinner restaur good,0.7,positive,9.0,Sweden,Double Room with Balcony,Couple,8,2022
recent refurbish room,0.0,positive,8.0,Italy,Budget Twin Room,Group,8,2022
sens hospit owner,0.0,positive,10.0,France,Standard Triple Room,Couple,8,2022
dinner perfect,1.0,positive,10.0,Germany,Double Room with Balcony,Couple,8,2022
realli like locat close lake beach nice staff thank much abl move earlier clean new hotel,0.2606060606060606,positive,10.0,Ukraine,Standard Triple Room,Family,8,2022
quiet place,0.0,positive,10.0,Cyprus,Double Room with Balcony,Solo traveler,8,2022
arab food,0.0,positive,10.0,Germany,Standard Triple Room,Family,8,2022
amaz team think detail happi help flight delay took care u late checkin electr adapt,-0.3,positive,10.0,Israel,Two-Bedroom Suite,Family,8,2022
room big clean also balconi toni hotel owner great man help u everyth need,0.3888888888888889,positive,10.0,Israel,Two-Bedroom Suite,Family,8,2022
welcom staff smile alway avail satisfi recept restaur alway someon take care one four languag ​​greek english french arab proxim famou mackenzi beach asset charm hotel beach around minut walk,0.09999999999999999,positive,10.0,Cyprus,Double Room with Balcony,Couple,8,2022
arriv hotel one night order close larnaca airport earli morn flight room pleasant clean bed comfort everyth new clean realli nice time hotel,0.4406060606060606,positive,10.0,Israel,Two-Bedroom Suite,Family,8,2022
comfort room,0.0,positive,9.0,Cyprus,Double Room with Balcony,Family,8,2022
kind welcom structur ok sea,0.55,positive,8.0,Italy,Two-Bedroom Suite,Group,8,2022
receiv beauti kind hospit hotel staff clean room pleasant comfort bed kettl fridg room close larnaca airport less minut,0.38333333333333336,positive,9.0,Israel,Two-Bedroom Suite,Family,8,2022
love clean room enough famili child two room children third bed bit problemat stabl locat near airport conveni need fli earli morn also shuttl field love promenad sea mckenzi beach worthwhil restaur worth go even staff charm kind answer smile agre everi request restaur hotel also great,0.3466666666666667,positive,9.0,Israel,Two-Bedroom Suite,Family,7,2022
cleanli first also kind staff,0.425,positive,8.0,Cyprus,Budget Twin Room,Family,8,2022
explan arriv cleanli,0.0,positive,8.0,France,Standard Triple Room,Family,8,2022
everyth,0.0,positive,10.0,Germany,Double Room,Couple,8,2022
excel locat near airport good overnight stay late earli morn flight,0.16666666666666666,positive,8.0,Israel,Standard Triple Room,Family,8,2022
cleanli kind staff,0.6,positive,8.0,Italy,Double Room,Couple,8,2022
room realli clean close larnaca airport realli conveni stop flight land middl night,0.3666666666666667,positive,8.0,Israel,Double Room,Couple,8,2022
good locat hotel room good condit hotel big,0.4666666666666666,positive,8.0,Cyprus,Budget Twin Room,Solo traveler,8,2022
pass take plane hotel locat meter beach area restaur bar town center littl foot airport nice host clean establish,0.2888888888888889,positive,8.0,France,Double Room,Couple,8,2022
good breakfast great locat near mackenzi beach staff polit help almost famili atmospher,0.5333333333333333,positive,10.0,Iceland,Standard Triple Room,Family,8,2022
locat close airport kind staff staff speak french,0.3,positive,8.0,Switzerland,Double Room,Couple,8,2022
like everyth excel servic help u everyth need,0.0,positive,10.0,Israel,Suite with Balcony,Group,8,2022
drink,0.0,positive,9.0,Germany,Double Room with Balcony,Couple,8,2022
excel locat minut walk boardwalk airport hotel staff simpli charm kind hotel recent renov room new clean condit addit smart technolog electron button request clean room bell remot control air condition problem upgrad room free hotel put u touch taxi driver took u visit mall charg u decent price,0.2813311688311688,positive,10.0,Israel,Standard Triple Room,Family,8,2022
friendli staff,0.0,positive,10.0,France,Double Room,Couple,8,2022
comfort place quiet friendli staff quiet spaciou,0.0,positive,9.0,Israel,Budget Twin Room,Couple,7,2022
friendli peopl recept restaur will serv,0.0,positive,9.0,Greece,Double Room with Balcony,Solo traveler,7,2022
calm comfort bed balconi spaciou room,0.30000000000000004,positive,9.0,France,Double Room with Balcony,Solo traveler,7,2022
amaz team help question problem smile patient chang u famili room request gave u great recommend place citi order taxi ushelp car rental even celebr daughter birthday surpris short experi,0.3666666666666667,positive,10.0,Israel,Double Room,Family,7,2022
everyth excel person attent,0.0,positive,10.0,Israel,Double Room,Family,7,2022
restaur servic good vari good price worker pleasant attent,0.7111111111111111,positive,9.0,Spain,Two-Bedroom Suite,Family,7,2022
,0.0,positive,10.0,France,Double Room,Couple,7,2022
good firm bed nice air condit room especi impress staff nice prepar fantast breakfast u self checkin night also easi arrang taxi airport hotel u great servic,0.5,positive,9.0,Netherlands,Suite with Balcony,Family,7,2022
hotel near airport minut drive away,0.1,positive,10.0,Israel,Double Room with Balcony,Couple,7,2022
great place good staff worth price,0.6,positive,9.0,Israel,Family Suite with Balcony,Group,7,2022
welcom staff super clean locat price,0.35,positive,10.0,Cyprus,Suite with Balcony,Group,7,2022
recept avail staff comfort room layout,0.0,positive,10.0,France,Family Suite with Balcony,Family,7,2022
room comfort,0.0,positive,8.0,Italy,Double Room with Balcony,Solo traveler,7,2022
place give full valu price good locat excel cleanli profession staff excel food,0.5249999999999999,positive,10.0,Israel,Family Suite with Balcony,Family,7,2022
clean quiet well organ,0.18333333333333335,positive,10.0,France,Two-Bedroom Suite,Family,7,2022
accommod nice staff help top,0.55,positive,9.0,Germany,Double Room with Balcony,Solo traveler,7,2022
employe nice clean close airport beach,0.48333333333333334,positive,10.0,Hungary,Double Room with Balcony,Couple,7,2022
perfect stay larnaca everyth order,1.0,positive,10.0,Germany,Double Room,Solo traveler,4,2022
arriv am one night owner left u clear precis inform arriv send u photo cleanli distanc airport qualiti bed size room bottl water avail sympathi owner morn made effort speak french u recommend eye close,0.03333333333333333,positive,8.0,France,Double Room with Balcony,Couple,7,2022
new hotel everyth clean fresh interest hotel near airport met expect,0.22575757575757574,positive,10.0,Ukraine,Standard Triple Room,Family,7,2022
vari breakfast choos hotel restaur,0.0,positive,8.0,Poland,Double Room with Balcony,Couple,6,2022
cleanli comfort,0.0,positive,8.0,Cyprus,Family Suite with Balcony,Group,7,2022
dish cook order delici recommend eat jasmin garden,0.0,positive,8.0,Romania,Double Room with Balcony,Couple,7,2022
like hotel newli refurbish clean tidi nice welcom staff kindli settl earli delici dinner hotel restaur cozi courtyard park,0.48333333333333334,positive,9.0,Montenegro,Standard Triple Room,Family,7,2022
pleasant staff clean tidi good food,0.6,positive,10.0,Norway,Family Suite with Balcony,Family,7,2022
clean cheap modern room,0.32222222222222224,positive,8.0,Canada,Double Room with Balcony,Group,6,2022
excel locat step sea via dei premis minut foot also reach histor center excel breakfast meal restaur freshli made modern renov room comfort bed,0.05,positive,8.0,Italy,Budget Twin Room,Group,6,2022
clean modern hotel comfort room,0.2833333333333333,positive,9.0,Israel,Two-Bedroom Suite,Family,6,2022
great transit hotel near airport room small everyth new clean comfort doubl bed crisp white linen delici breakfast cafe friendli staff side sea view park,0.20043290043290043,positive,8.0,Montenegro,Standard Triple Room,Family,6,2022
nice clean hotel easi quiet place far beach staff nice polit,0.3333333333333333,positive,10.0,Cyprus,Double Room,Couple,6,2022
proxim airport free park larg room clean,0.38333333333333336,positive,10.0,Israel,Family Suite with Balcony,Group,6,2022
hotel close larnaca airport beach best,1.0,positive,9.0,Germany,Double Room with Balcony,Couple,6,2022
clean accommod friendli staff pleasant terrac even,0.55,positive,8.0,Belgium,Double Room,Couple,6,2022
everyth gener,0.0,positive,10.0,Spain,Double Room with Balcony,Couple,6,2022
proxim airport arriv night,0.0,positive,8.0,Brazil,Double Room with Balcony,Couple,6,2022
friendli recept nice quiet room,0.3,positive,8.0,Germany,Double Room with Balcony,Couple,6,2022
clean friendli staff close beach airport lot restaur nearbi rel quiet locat,0.18333333333333335,positive,8.0,Austria,Double Room with Balcony,Couple,6,2022
clean comfort,0.3666666666666667,positive,8.0,France,Budget Twin Room,Family,6,2022
room modern larg comfort bed shower realli good also great quiet easi set room wouldnt disturb everyth clean,0.4133333333333333,positive,8.0,Spain,Double Room with Balcony,Solo traveler,6,2022
close larnaca airport min walk beach quiet hotel restaur enclosur good breakfast terrac nice,0.4333333333333333,positive,8.0,France,Suite with Balcony,Family,6,2022
kind avail staff restaur offer good qualiti dish comfort clean room calm proxim citi center beach good valu money,0.42777777777777776,positive,10.0,France,Budget Twin Room,Couple,6,2022
establish realli close airport ie minut car manag hotel extraordinarili kind care speak french help u find rental car good price accompani advis u stay room nice well furnish highli recommend hotel,0.475,positive,9.0,France,Double Room,Couple,6,2022
good breakfast comfort bed pure friendli staff,0.45714285714285713,positive,8.0,Latvia,Double Room,Solo traveler,6,2022
friendli staff commun hotel arriv fluid room spaciou comfort ideal locat near airport min bu,0.3333333333333333,positive,8.0,France,Double Room with Balcony,Couple,5,2022
nice staff restaur hotel good stay one night arriv leav visit island recommend without problem quiet clean,0.41666666666666663,positive,9.0,France,Family Suite with Balcony,Family,5,2022
recept staff cleanli qualiti room,0.0,positive,9.0,France,Double Room,Solo traveler,5,2022
good central locat nice staff neat small hotel,0.26249999999999996,positive,8.0,Germany,Double Room with Balcony,Couple,5,2022
cleanli space locat,0.0,positive,9.0,Poland,Double Room with Balcony,Couple,5,2022
clean,0.3666666666666667,positive,9.0,Israel,Double Room,Couple,5,2022
nice clean hotel near airport room everyth need also minut walk embank staff friendli tri help,0.35555555555555557,positive,8.0,Ukraine,Double Room,Couple,5,2022
owner place amaz guy nice answer everyth breakfast big varieti tasti,0.3,positive,10.0,Israel,Double Room with Balcony,Couple,5,2022
super friendli staff clean modern room,0.3,positive,8.0,Germany,Double Room,Couple,5,2022
good locat near airport beach,0.39999999999999997,positive,8.0,Czech Republic,Double Room,Couple,5,2022
nice modern room bo famili take care wellb guest,0.4,positive,10.0,Germany,Double Room,Solo traveler,5,2022
good homemad breakfast,0.7,positive,10.0,France,Two-Bedroom Suite,Family,4,2022
book taxi didnt show morn htl owner drove airport rang bed,0.0,positive,8.0,Switzerland,Double Room,Solo traveler,5,2022
love staff alway greet u smile realli nice alway respond help need call u taxi didnt charg lost room ticket stun hotel aesthet clean place innov interest servic realli request push button wont abl hear bell never come across life amaz thank much hotel,0.3933333333333333,positive,10.0,Israel,Double Room with Balcony,Family,4,2022
room staff,0.0,positive,9.0,Cyprus,Standard Triple Room,Couple,5,2022
small modern hotel friendli help host minut walk larnaca center minut walk beauti mackenzi beach id love come back,0.06999999999999999,positive,10.0,Austria,Double Room with Balcony,Solo traveler,5,2022
friendli help staff,0.0,positive,8.0,Germany,Double Room,Solo traveler,5,2022
new clean quit modern excel pricequ ratio,0.23434343434343438,positive,10.0,Colombia,Standard Triple Room,Couple,5,2022
delici homemad breakfast speak french care welcom hour day close airport,0.0,positive,10.0,France,Two-Bedroom Suite,Family,5,2022
everyth wonder,0.0,positive,9.0,Germany,Double Room with Balcony,Solo traveler,4,2022
kind,0.6,positive,10.0,Spain,Double Room with Balcony,Family,4,2022
intim hotel servic highest level cuisin simpl tasti locat close beach gastronomi airport,0.0,positive,10.0,Poland,Double Room with Balcony,Solo traveler,4,2022
renov brilliant famili hotel friendli staff suit u one night stay flight dinner hotel restaur excel chef gave person touch understand exactli want recommend,0.9,positive,10.0,Israel,Two-Bedroom Suite,Family,4,2022
perfect locat airport friendli recept clean,0.6833333333333333,positive,10.0,Germany,Standard Triple Room,Family,4,2022
locat room comfort servic courtesi staff,0.0,positive,10.0,Cyprus,Double Room with Balcony,Group,4,2022
great hotel love staff readi help hour,0.65,positive,10.0,Israel,Standard Triple Room,Family,4,2022
clean host nice gave u instruct get hotel even pick u bu stop late,0.22222222222222224,positive,9.0,Germany,Double Room,Couple,4,2022
friendli staff clean everywher nice room nice balconi quiet peac area definit hotel worth visit,0.37333333333333335,positive,10.0,Denmark,Double Room with Balcony,Couple,4,2022
comfort clean modern pleasant host nice help everyth,0.475,positive,10.0,Hungary,Double Room with Balcony,Couple,4,2022
welcom environ courtesi cleanli modern room,0.2,positive,8.0,Cyprus,Double Room with Balcony,Group,4,2022
clean comfort bed perfect locat near airport friendli welcom comfort bed tea coffe room,0.48888888888888893,positive,9.0,France,Double Room,Solo traveler,3,2022
staff friendli,0.0,positive,9.0,Croatia,Double Room,Couple,1,2022
hotel clean comfort good locat close salt lake mackenzi beach close bu stop close airport bu cost euro airport hotel walk along entir promenad larnaca won’t miss anyth calm step along sea church st lazaru minut room wonder white bed breakfast bought directli hotel euro rent car place park shower wonder air condition work januari warm sunni everyth great owner hotel friendli allow leav thing even check highli recommend,0.4611111111111111,positive,10.0,Ukraine,Double Room,Group,1,2022
hotel close airport clear given superior room balconi free unfortun possibl evalu everyth sinc arriv even alreadi dark left airport earli morn still dark mani restaur cafe within walk distanc hotel conveni u close beach seat quickli left night problem,0.1285714285714286,positive,10.0,Russia,Double Room,Couple,12,2021
nice staff one night leav earli next day airport,0.3,positive,9.0,Italy,Double Room with Balcony,Group,11,2021
new hotel clean comfort room friendli staff hotel locat near airport read review extran nois could interfer travel season nois street sound land take plane particularli bother u,0.25075757575757573,positive,9.0,Ukraine,Double Room,Couple,11,2021
conveni locat late arriv plan travel car walk distanc mackenzi beach salt lake pure problem checkin night park next hotel,-0.02857142857142857,positive,10.0,Ukraine,Family Suite with Balcony,Family,1,2022
larg comfort bed clean linen cozi close airport minut taxi,0.3666666666666667,positive,10.0,Russia,Double Room,Solo traveler,11,2021
cleanli everyth white bright cozi spent one night plane satisfi accommod perfect close airport,0.4,positive,10.0,Russia,Double Room,Couple,10,2021
nice staff comfort bed great shower stay one night fli cypru option excel close airport near lake flamingo winter,0.5,positive,8.0,Ukraine,Standard Triple Room,Family,12,2021
like hotel alreadi approach street feel new leav time start street terrac hall room clean comfort soft bed turn later hotel alreadi year old well alway friendli staff look like famili busi say everi day clean time go veranda tabl drink wonder cappuccino soft sofa sleep rest night soft bed use pool sea better good mackenzi beach swim,0.24696969696969698,positive,9.0,Russia,Double Room with Balcony,Couple,9,2021
warm care welcom room well equip clean comfort happi,0.48333333333333334,positive,9.0,France,Double Room,Solo traveler,11,2021
nice staff lobbi room clean,0.48333333333333334,positive,10.0,Norway,Double Room,Couple,12,2021
cleanli spaciou,0.0,positive,9.0,Greece,Double Room,Couple,11,2021
super nice staff great locat pet friendli abl bring small dog hotel still clean,0.37,positive,10.0,Germany,Double Room with Balcony,Family,11,2021
cleanest room ive ever cleanli top notch clean everi day tap towel white bed problem solv instantli staff excel everyon definit polit smile,0.2916666666666667,positive,8.0,Russia,Double Room with Balcony,Solo traveler,11,2021
clean room nice staff comfort bed,0.48333333333333334,positive,10.0,Norway,Double Room,Couple,11,2021
proxim airport small modern room good bed good bathroom,0.33749999999999997,positive,8.0,Germany,Double Room,Couple,11,2021
nice accommod park hotel area beauti beach within walk distanc help staff due delay plane wait u morn,0.2375,positive,9.0,Czech Republic,Standard Triple Room,Group,10,2021
locat hotel near airport fast transfer organ hotel total close beach although get beach rel quickli go socal shortcut along welltrodden path field small escarp anoth way littl around along street center quit far km walk along beach promenad peac great modern design comfort bed clean larg balconi larg bathroom shower equip kettl plu welcom pack tea coffe water breakfast serv site ground floor dine room access front terrac delici homemad greek tast,0.14166666666666666,positive,8.0,Poland,Standard Triple Room,Family,10,2021
even though arriv wait u friendli clean close airport,0.3666666666666667,positive,10.0,Austria,Double Room with Balcony,Family,11,2021
locat close airport therefor day lot nois plane take heard night breakfast good lavish ask bread,0.7,positive,8.0,Netherlands,Double Room with Balcony,Couple,11,2021
great locat arriv late want sleep quiet locat friendli help staffown,0.16666666666666666,positive,9.0,Germany,Double Room with Balcony,Solo traveler,10,2021
clean new room perfect bed towel close locat bu stop minut center minut airport friendli staff wish problemat situat solv immedi ideal place need spend night departur larnaca,0.4606060606060606,positive,10.0,Ukraine,Double Room,Family,10,2021
clean plenti park nice kind staff,0.5222222222222223,positive,8.0,Israel,Two-Bedroom Suite,Family,9,2021
nice room kettl microwav spaciou bath view beauti hous seat middl night delici breakfast fee request transfer airport airport,0.6,positive,10.0,Ukraine,Double Room,Couple,10,2021
street side room noisier face back,0.0,positive,10.0,France,Double Room with Balcony,Couple,10,2021
pleasantli surpris hotel appear renov,0.0,positive,10.0,Germany,Double Room with Balcony,Solo traveler,10,2021
new hotel super clean room comfort bed famili busi owner friendli,0.2787878787878788,positive,8.0,Germany,Family Suite with Balcony,Group,10,2021
nice home atmospher delici food owner take care guest make feel home place recommend,0.6,positive,10.0,Poland,Double Room with Balcony,Couple,10,2021
cozi hotel quiet locat walk distanc beach went child walk around also interest room clean comfort mattress excel clean bed soap shower shower gel keep mind usual go polit pleasant staff took breakfast like,0.24333333333333335,positive,10.0,Russia,Double Room with Balcony,Family,10,2021
wellkept hotel friendli servic comfort mattress fridg kettl modern new equip,0.16818181818181818,positive,9.0,Germany,Double Room,Solo traveler,10,2021
staff super respons kind peopl feel home room refriger kettl mug small safe use tv channel local languag netflix browser near salt lake minut walk minut sea quiet place near airport km bu car minut walk walk minut,0.1729166666666667,positive,10.0,Russia,Double Room with Balcony,Family,10,2021
breakfast book locat good airport beach,0.7,positive,8.0,Germany,Double Room with Balcony,Solo traveler,10,2021
good hotel next mackenzi beach especi airport minut car,0.35,positive,9.0,Spain,Double Room with Balcony,Couple,10,2021
superb room bathroom balconi comfort staff top notch,0.75,positive,8.0,France,Double Room with Balcony,Couple,10,2021
stay one night due earli flight airport minut car like food cafe lobbi near good beach,0.22499999999999998,positive,8.0,Russia,Double Room with Balcony,Family,10,2021
cozi stylish hotel good staff excel locat bu stop nearbi salt lake minut walk sea,0.6,positive,8.0,Russia,Double Room with Balcony,Solo traveler,10,2021
clean,0.3666666666666667,positive,9.0,Germany,Standard Triple Room,Family,10,2021
clean modern hotel friendli staff,0.2833333333333333,positive,8.0,Germany,Standard Triple Room,Group,9,2021
terrac sympathi restaur manag,0.0,positive,9.0,France,Double Room with Balcony,Couple,10,2021
excel locat perfect cleanli excel breakfast € super servic,0.6666666666666666,positive,10.0,Russia,Double Room with Balcony,Couple,9,2021
situat extrem close airport earli departur late arriv extrem close beach entertain restaur bar quiet though clean comfort brand new friendli pleasant welcom,0.1872727272727273,positive,10.0,France,Double Room with Balcony,Couple,9,2021
middl septemb realli like hotel remind famili hostel excel servic staff owner staff alway readi help help immedi adapt hotel beach rel close minut calm pace bu stop nearbi also import shortcom would note monoton breakfast everi day,0.30000000000000004,positive,9.0,Israel,Family Suite with Balcony,Couple,9,2021
nice owner great hotel close beach,0.7,positive,10.0,Poland,Double Room with Balcony,Couple,9,2021
room spotless sheet muski book doubl room gave u bed room two room made u happi arriv midnight person recept check staff kind help would definit go,0.6,positive,10.0,Greece,Double Room with Balcony,Couple,9,2021
conveni locat far airport sea,0.1,positive,8.0,Russia,Double Room,Couple,9,2021
locat near airport near mackenzi beach super conveni delici breakfast attent staff five minut beach homer comfort clean clean everi day owner hotel help question stop,0.2533333333333333,positive,10.0,Ukraine,Standard Triple Room,Group,9,2021
help staff adapt socket ask recept,0.0,positive,10.0,Israel,Family Suite with Balcony,Family,8,2021
hotel rather well place access beach cross vacant lot airport nearbi taxi price center larnaca pleasant surpris photo accommod swim pool fridg fill drink delicaci even pay nice avail,0.30833333333333335,positive,9.0,France,Double Room with Balcony,Solo traveler,9,2021
close airport quietli reach stop bu nd floorentr depart airport immedi left end airport build host friendli,0.0,positive,7.9,Russia,Standard Triple Room,Couple,8,2021
avail care custom room well equip breakfast good plenti arriv airport shuttl taxi hotel wait u hotel allow u extra cost late arriv late departur pm,0.024999999999999994,positive,9.0,France,Double Room,Couple,9,2021
staff welcom kind friendli everyth clean perfect complaint strongli advis,0.4166666666666667,positive,10.0,France,Double Room,Couple,9,2021
individu approach respons staff clean fresh comfort see new clean everi day,0.2924242424242425,positive,10.0,Russia,Double Room with Balcony,Couple,7,2021
hotel minut airport conveni miss flight welcom warm effici unfortun tri breakfast meal hotel well locat restaur area,0.6,positive,8.0,France,Double Room with Balcony,Solo traveler,8,2021
clean comfort hotel delici breakfast beach foot minut pleasant impress remain,0.55,positive,10.0,Ukraine,Standard Triple Room,Group,8,2021
great bed excel clean great airport attach,0.6555555555555556,positive,8.0,Italy,Double Room with Balcony,Group,8,2021
import thing hotel incred staff soul atmospher definit recommend tri food restaur took pasta pizza salad burger everyth pipe hot tasti homemad gener manag behind counter restaur made holiday room clean aircondit balconi minibar definit recommend,0.07222222222222223,positive,10.0,Russia,Double Room with Balcony,Family,8,2021
nice staff good cook,0.6499999999999999,positive,8.0,Poland,Standard Triple Room,Family,8,2021
hotel complet redon room clean comfort like manag hotel chef staff extrem kind help go back cypru wouldnt go anywher els full breakfast serv without time limit good understand,0.4033333333333333,positive,10.0,France,Double Room with Balcony,Family,8,2021
hotel complet redon room clean comfort like manag hotel chef staff extrem kind help go back cypru wouldnt go anywher els,0.32222222222222224,positive,10.0,France,Family Suite with Balcony,Family,8,2021
great compact room hotel clean modern star sure mackenzi beach minut asphalt offroad descent end street airport minut drive,0.4666666666666667,positive,9.0,Russia,Double Room with Balcony,Solo traveler,8,2021
perfect,1.0,positive,10.0,Poland,Double Room with Balcony,Solo traveler,8,2021
gener satisfi correspond price small clean cozi modern hotel small number peopl,0.016666666666666677,positive,8.0,Cyprus,Standard Triple Room,Family,8,2021
new hotel renov soft blanket,0.11818181818181818,positive,10.0,Russia,Family Suite with Balcony,Family,8,2021
amaz place,0.0,positive,10.0,Cyprus,Double Room with Balcony,Solo traveler,8,2021
cleanli proxim airport walk sea,0.0,positive,9.0,Russia,Double Room with Balcony,Couple,7,2021
super establish undervalu opinion avail pleasant profession staff,0.5333333333333333,positive,10.0,Spain,Two-Bedroom Suite,Family,7,2021
room possibl late check nice staff,0.15,positive,8.0,Netherlands,Two-Bedroom Suite,Family,7,2021
delici breakfast clean room excel renov tast stylish beauti,0.43333333333333335,positive,9.0,Cyprus,Double Room with Balcony,Solo traveler,7,2021
,0.0,positive,9.0,Israel,Double Room with Balcony,Couple,7,2021
great staff great willing hotel tidi modern,0.5125000000000001,positive,9.0,Cyprus,Standard Triple Room,Group,7,2021
pleasant welcom,0.7333333333333334,positive,9.6,France,Standard Triple Room,Family,7,2021
pleasant staff new clean room,0.4121212121212121,positive,8.0,Ukraine,Double Room with Balcony,Group,6,2021
hotel staff fantast,0.0,positive,8.0,Spain,Double Room with Balcony,Solo traveler,7,2021
great place nice staff close mackenzi beach salt lake minut airport bu taxi,0.7,positive,10.0,Russia,Double Room with Balcony,Solo traveler,7,2021
super clean modern room bathroom balconi wonder air condit also stay leav room open balconi door,0.22499999999999998,positive,9.0,Netherlands,Double Room with Balcony,Couple,7,2021
friendli help staff walk distanc beach sever restaur,0.0,positive,8.0,Switzerland,Family Suite with Balcony,Family,7,2021
clean nice atmospher help peopl,0.48333333333333334,positive,10.0,Poland,Double Room with Balcony,Family,7,2021
super polit help staff clean comfort room good new furnitur delici breakfast veranda walk distanc makenzi beach absenc car easi get bu airport worri proxim airport entir stay notic nois experi discomfort,0.38409090909090904,positive,9.0,Russia,Double Room with Balcony,Couple,7,2021
simpl beauti,0.0,positive,10.0,Turkey,Standard Triple Room,Solo traveler,7,2021
friendli courteou staff clean chic furnish,0.3666666666666667,positive,10.0,Germany,Double Room with Balcony,Couple,7,2021
extrem thick bed weather,-0.3,positive,9.0,Hungary,Standard Triple Room,Family,7,2021
everyth great mackenzi minut walk hotel conveni locat friendli staff everyth great room clean pressur ox excel bed comfort,0.6555555555555556,positive,10.0,Russia,Double Room with Balcony,Group,7,2021
great option arriv larnaca airport close clean possibl anim everyon hotel friendli tri help explain,0.5833333333333334,positive,10.0,Russia,Two-Bedroom Suite,Family,7,2021
everyth best best place ever,1.0,positive,10.0,Ukraine,Double Room with Balcony,Couple,6,2021
hotel clean well equip excel breakfast manag extrem nice help highli recommend hotel anyon want pleasant stay,0.5666666666666668,positive,10.0,France,Double Room with Balcony,Solo traveler,6,2021
locat close airport beach newli refurbish hotel room balconi clean,0.3666666666666667,positive,8.0,Ukraine,Double Room with Balcony,Couple,6,2021
everyth great,0.8,positive,10.0,Ukraine,Double Room with Balcony,Solo traveler,6,2021
welcom friendli staff everyth clean white freshli renov near mackenzi beach airport salt lake,0.15555555555555556,positive,10.0,Ukraine,Double Room with Balcony,Family,6,2021
staff everyth hotel new locat close waterfront staff friendli clean,0.2515151515151515,positive,8.0,Ukraine,Family Suite with Balcony,Group,6,2021
great hotel everyth new clean friendli welcom staff hotel close airport conveni short stay near sea promenad sever excel restaur highli recommend,0.28060606060606064,positive,10.0,Ukraine,Double Room with Balcony,Family,6,2021
locat close everyth alyki beach club restaur café breakfast wonder,0.0,positive,10.0,Cyprus,Double Room with Balcony,Family,6,2021
mackenzi beach super easi reach close disturb parti night friendli help hotel staff,0.3333333333333333,positive,9.0,Germany,Double Room with Balcony,Solo traveler,6,2021
close beach pleasant breakfast qualiti eco hotel,0.7333333333333334,positive,10.0,Belgium,Double Room with Balcony,Solo traveler,6,2021
due pandem flight cancel next day spend night hotel honestli say satisfi furnitur hotel new owner good peopl bed comfort breakfast excel,0.17784090909090908,positive,9.0,Israel,Double Room with Balcony,Solo traveler,6,2021
nice accommod extrem clean good locat near beach center vanilla style room offer pleasant atmospher relax unwind also one thing set hotel apart generos offer bottl water tea bag coffe free mention afford price minibar also note staff commun well french someth rare find cypru,0.3444444444444444,positive,10.0,Switzerland,Double Room with Balcony,Solo traveler,5,2021
,0.0,neutral,6.0,Ukraine,Double Room with Balcony,Solo traveler,11,2022
didnt eat,0.0,negative,3.0,Israel,Two-Bedroom Suite,Family,10,2022
comfort bed,0.0,neutral,6.0,Israel,Double Room with Balcony,Family,10,2022
clean nice room,0.48333333333333334,neutral,7.0,Denmark,Double Room,Couple,10,2022
room qualiti,0.0,neutral,6.0,Poland,Double Room with Balcony,Family,9,2022
clean function,0.3666666666666667,neutral,7.0,France,Budget Twin Room,Family,8,2022
room satisfactoryth ladi recept spoke cypriot kind will help,0.6,neutral,7.0,Greece,Double Room with Balcony,Family,9,2022
clean room realli serf purpos came,0.3666666666666667,neutral,7.0,Israel,Double Room,Couple,8,2022
close airport aircraft nois clean bu station nearbi salt lake nearbi,0.3666666666666667,neutral,7.0,Austria,Double Room,Solo traveler,9,2022
locat close field room clean,0.3666666666666667,neutral,7.0,India,Double Room with Balcony,Couple,8,2022
locat close field,0.0,neutral,6.0,Israel,Double Room,Family,7,2022
,0.0,neutral,5.0,Cyprus,Family Suite with Balcony,Family,6,2022
comfort room one night departur,0.0,neutral,7.0,Germany,Double Room with Balcony,Couple,7,2022
meal includ price,0.0,neutral,7.0,Italy,Double Room,Couple,6,2022
good earli morn flight,0.7,neutral,7.0,Greece,Double Room with Balcony,Couple,6,2022
nice staff,0.6,neutral,7.0,Germany,Double Room with Balcony,Couple,6,2022
central locat beach parti mile airport old town,0.05,neutral,7.0,Germany,Double Room with Balcony,Solo traveler,5,2022
clean furnitur terrac,0.3666666666666667,neutral,7.0,Italy,Double Room,Couple,4,2022
big room,0.0,neutral,6.0,Austria,Double Room,Solo traveler,4,2022
room,0.0,neutral,7.0,Italy,Family Suite with Balcony,Group,3,2022
good locat,0.7,neutral,7.0,Sweden,Double Room with Balcony,Couple,11,2021
larg spaciou suit comfort bed good larg famili peopl light interior,0.55,neutral,7.0,Sweden,Two-Bedroom Suite,Family,10,2021
locat good,0.7,neutral,6.0,Finland,Double Room with Balcony,Couple,10,2021
warm welcom french comfort bed cleanli,0.3,neutral,7.0,France,Double Room with Balcony,Couple,10,2021
breakfast ok clean room comfort bed,0.43333333333333335,negative,3.0,Romania,Double Room with Balcony,Couple,10,2021
excel attent comfort bed good shower furnitur bathroom new impecc good wifi connect bar restaur nearbi,0.5121212121212121,neutral,7.0,Argentina,Double Room with Balcony,Couple,10,2021
cleanli,0.0,negative,3.0,Russia,Double Room with Balcony,Solo traveler,9,2021
clean spaciou room,0.3666666666666667,neutral,7.0,Lithuania,Family Suite with Balcony,Family,9,2021
terrac room wellfurnish room bathroom locat object,0.0,neutral,6.0,Poland,Double Room with Balcony,Group,9,2021
hotel make long transfer cypru hotel one night pro cleanli beach within walk distanc coupl tavern area near airport,0.025,neutral,6.0,Russia,Double Room with Balcony,Group,9,2021
clean daili chang towel pleasant help staff valu money,0.55,neutral,7.0,Greece,Double Room with Balcony,Couple,8,2021
clean comfort nice staff,0.48333333333333334,neutral,6.0,Russia,Double Room with Balcony,Solo traveler,8,2021
new equip good access reptil,0.41818181818181815,positive,9.0,Czech Republic,,Family,8,2022
locat calm,0.30000000000000004,positive,10.0,Lebanon,,Family,8,2022
comfort clean room good locat kind staff,0.5555555555555555,positive,8.0,Greece,,Family,7,2022
perfect welcom even arriv am expect perfect price,1.0,positive,10.0,France,,Couple,5,2022
friendli warm servic clean new room proxim beach airport,0.36767676767676766,positive,9.0,Germany,,Solo traveler,3,2022
wonder hotel cozi home atmospher respons staff alway smile delici inexpens breakfast option coupl day arriv chang room oneroom tworoom balconi,0.3,positive,10.0,Russia,,Family,11,2021
perfect welcom morn excel valu close airport,1.0,positive,10.0,France,,Couple,10,2021
locat close airport quiet checkin am except welcom french room clean larg enough recent outdoor balconi plu proxim beach citi signific asset bu stop near hotel allow go citi center airport recommend,0.05238095238095238,positive,10.0,France,,Couple,10,2021
cozi hotel nice room larg room size locat near mackenzi beach,0.35,positive,10.0,Russia,,Family,10,2021
friendli nice sympathet man serv breakfast,0.6,positive,8.0,Finland,,Group,10,2021
excel locat close everyth,0.0,positive,10.0,Israel,,Couple,10,2021
love quiet cozi hotel minut beach airport crisp white linen small cozi clean room reason price extend stay room half day due constantli shift departur plane pleasant help staff thank,0.1453703703703704,positive,10.0,Russia,,Solo traveler,9,2021
servic,0.0,positive,10.0,Israel,,Couple,7,2021
stay worth sleep departur kind help staff,0.44999999999999996,neutral,6.0,Spain,,Group,6,2021
